complaint_id,date_received
8086617,2024-01-01
8086623,2024-01-01
8086662,2024-01-01
8086764,2024-01-01
8086867,2024-01-01
8087074,2024-01-01
8087298,2024-01-02
8087318,2024-01-02
8087514,2024-01-02
8087782,2024-01-02
8087888,2024-01-02
8087905,2024-01-02
8087946,2024-01-02
8087986,2024-01-01
8088487,2024-01-01
8088571,2024-01-01
8088614,2024-01-01
8088734,2024-01-01
8088995,2024-01-01
8089012,2024-01-01
8089057,2024-01-01
8089139,2024-01-02
8089147,2024-01-02
8089597,2024-01-03
8089806,2024-01-03
8090092,2024-01-02
8090242,2024-01-02
8090330,2024-01-02
8090687,2024-01-02
8090818,2024-01-02
8090876,2024-01-02
8090916,2024-01-02
8090985,2024-01-02
8091254,2024-01-02
8091379,2024-01-02
8091836,2024-01-02
8091935,2024-01-02
8092096,2024-01-03
8092270,2024-01-03
8092460,2024-01-03
8092514,2024-01-03
8092541,2024-01-03
8092655,2024-01-03
8092692,2024-01-03
8092793,2024-01-03
8092888,2024-01-02
8092988,2024-01-02
8093035,2024-01-02
8093118,2024-01-02
8093151,2024-01-02
8093312,2024-01-02
8093376,2024-01-02
8093644,2024-01-02
8094125,2024-01-02
8094256,2024-01-02
8094304,2024-01-02
8094315,2024-01-02
8094687,2024-01-02
8094809,2024-01-02
8094931,2024-01-02
8095029,2024-01-02
8095239,2024-01-02
8095312,2024-01-02
8095341,2024-01-02
8095536,2024-01-02
8095633,2024-01-02
8095641,2024-01-02
8095723,2024-01-03
8095753,2024-01-03
8096069,2024-01-03
8096093,2024-01-03
8096242,2024-01-03
8096263,2024-01-03
8096290,2024-01-03
8096645,2024-01-04
8096779,2024-01-04
8096804,2024-01-04
8096933,2024-01-04
8097481,2024-01-03
8097939,2024-01-03
8098016,2024-01-03
8098117,2024-01-03
8098642,2024-01-03
8099008,2024-01-03
8099036,2024-01-03
8099038,2024-01-03
8099040,2024-01-03
8099049,2024-01-03
8099157,2024-01-03
8099158,2024-01-03
8099381,2024-01-03
8099769,2024-01-03
8099823,2024-01-03
8099935,2024-01-03
8099956,2024-01-03
8100062,2024-01-03
8100351,2024-01-03
8100581,2024-01-03
8100634,2024-01-03
8100662,2024-01-03
8100869,2024-01-03
8101029,2024-01-03
8101128,2024-01-03
8101229,2024-01-03
8101471,2024-01-04
8101488,2024-01-04
8101493,2024-01-04
8101676,2024-01-04
8101736,2024-01-04
8101871,2024-01-04
8101872,2024-01-04
8102221,2024-01-03
8102436,2024-01-03
8102447,2024-01-03
8102580,2024-01-03
8102707,2024-01-04
8103335,2024-01-05
8103450,2024-01-05
8103706,2024-01-05
8103900,2024-01-05
8103941,2024-01-05
8103953,2024-01-05
8103960,2024-01-05
8103987,2024-01-05
8104067,2024-01-05
8104406,2024-01-05
8104428,2024-01-05
8104567,2024-01-05
8104788,2024-01-05
8104916,2024-01-04
8105184,2024-01-04
8105253,2024-01-04
8105313,2024-01-04
8105350,2024-01-04
8105937,2024-01-04
8106196,2024-01-04
8106652,2024-01-04
8107360,2024-01-04
8107474,2024-01-04
8108025,2024-01-04
8108146,2024-01-04
8108290,2024-01-04
8108996,2024-01-04
8109595,2024-01-04
8109789,2024-01-04
8109847,2024-01-04
8110342,2024-01-06
8110437,2024-01-05
8110581,2024-01-05
8110872,2024-01-05
8110890,2024-01-05
8110931,2024-01-05
8111277,2024-01-05
8111446,2024-01-05
8111521,2024-01-05
8111800,2024-01-05
8112154,2024-01-05
8112206,2024-01-05
8112338,2024-01-05
8112400,2024-01-05
8112412,2024-01-05
8112724,2024-01-05
8112740,2024-01-05
8113113,2024-01-05
8113269,2024-01-05
8113870,2024-01-05
8113982,2024-01-05
8114026,2024-01-05
8114106,2024-01-05
8114124,2024-01-05
8114418,2024-01-06
8114429,2024-01-06
8114465,2024-01-06
8114723,2024-01-06
8114799,2024-01-06
8114858,2024-01-06
8115013,2024-01-06
8115743,2024-01-05
8115851,2024-01-06
8115861,2024-01-06
8116105,2024-01-06
8116257,2024-01-06
8116313,2024-01-06
8116405,2024-01-06
8116415,2024-01-06
8116598,2024-01-06
8116757,2024-01-06
8116819,2024-01-06
8116829,2024-01-06
8116916,2024-01-06
8116994,2024-01-06
8117053,2024-01-06
8117522,2024-01-06
8117879,2024-01-06
8117880,2024-01-06
8118192,2024-01-07
8118220,2024-01-07
8118543,2024-01-07
8119126,2024-01-07
8119174,2024-01-07
8119178,2024-01-07
8119510,2024-01-06
8119595,2024-01-07
8119671,2024-01-07
8119678,2024-01-07
8119923,2024-01-07
8119939,2024-01-07
8119999,2024-01-07
8120040,2024-01-07
8120109,2024-01-07
8120182,2024-01-07
8120221,2024-01-07
8120253,2024-01-07
8120271,2024-01-07
8120394,2024-01-07
8120474,2024-01-07
8120493,2024-01-07
8120615,2024-01-07
8120632,2024-01-07
8120801,2024-01-07
8121059,2024-01-08
8121284,2024-01-08
8121360,2024-01-08
8121377,2024-01-08
8121547,2024-01-08
8121716,2024-01-08
8121844,2024-01-08
8122136,2024-01-08
8122157,2024-01-08
8122235,2024-01-08
8122417,2024-01-08
8122791,2024-01-08
8122835,2024-01-08
8122855,2024-01-08
8122869,2024-01-08
8123314,2024-01-08
8123748,2024-01-08
8123841,2024-01-08
8123917,2024-01-08
8124015,2024-01-08
8124167,2024-01-09
8124197,2024-01-08
8124328,2024-01-09
8124383,2024-01-08
8124516,2024-01-09
8124521,2024-01-09
8124629,2024-01-09
8124870,2024-01-09
8125047,2024-01-09
8125159,2024-01-09
8125214,2024-01-09
8126021,2024-01-08
8126313,2024-01-08
8126473,2024-01-08
8126695,2024-01-08
8127058,2024-01-08
8127487,2024-01-08
8127644,2024-01-09
8127671,2024-01-09
8128004,2024-01-09
8128129,2024-01-08
8128657,2024-01-07
8128662,2024-01-08
8128881,2024-01-08
8128916,2024-01-08
8128984,2024-01-08
8128988,2024-01-08
8129426,2024-01-09
8129744,2024-01-09
8129789,2024-01-09
8129872,2024-01-09
8130132,2024-01-09
8130276,2024-01-09
8130278,2024-01-09
8130305,2024-01-09
8130376,2024-01-09
8130430,2024-01-09
8130438,2024-01-09
8130445,2024-01-09
8130918,2024-01-09
8131072,2024-01-09
8131247,2024-01-09
8131265,2024-01-09
8131271,2024-01-09
8131505,2024-01-09
8131829,2024-01-09
8131858,2024-01-09
8131900,2024-01-09
8132087,2024-01-09
8132170,2024-01-10
8132186,2024-01-10
8132355,2024-01-10
8132587,2024-01-09
8132766,2024-01-10
8133594,2024-01-10
8133734,2024-01-10
8134146,2024-01-10
8134388,2024-01-10
8134518,2024-01-09
8135116,2024-01-09
8135215,2024-01-09
8135759,2024-01-09
8135920,2024-01-09
8135925,2024-01-09
8135935,2024-01-09
8136436,2024-01-09
8136964,2024-01-10
8137678,2024-01-10
8137859,2024-01-10
8137880,2024-01-10
8137893,2024-01-10
8137921,2024-01-10
8137995,2024-01-10
8138507,2024-01-10
8138520,2024-01-10
8138582,2024-01-10
8138673,2024-01-10
8138987,2024-01-10
8139136,2024-01-10
8139637,2024-01-10
8139687,2024-01-10
8139800,2024-01-10
8139932,2024-01-10
8140202,2024-01-10
8140265,2024-01-10
8140450,2024-01-10
8140456,2024-01-10
8140485,2024-01-10
8140561,2024-01-11
8140741,2024-01-11
8140952,2024-01-11
8140977,2024-01-10
8141211,2024-01-11
8141363,2024-01-11
8141520,2024-01-11
8141558,2024-01-11
8142139,2024-01-11
8143317,2024-01-10
8144020,2024-01-11
8144225,2024-01-11
8144380,2024-01-11
8144426,2024-01-11
8144916,2024-01-11
8145705,2024-01-11
8145707,2024-01-11
8145950,2024-01-11
8146182,2024-01-11
8147890,2024-01-12
8148600,2024-01-12
8148647,2024-01-12
8148990,2024-01-12
8149105,2024-01-12
8149654,2024-01-12
8149880,2024-01-12
8149894,2024-01-12
8150214,2024-01-11
8150215,2024-01-11
8150274,2024-01-11
8150308,2024-01-11
8150372,2024-01-11
8150405,2024-01-11
8150451,2024-01-11
8150517,2024-01-12
8150706,2024-01-12
8150763,2024-01-12
8151113,2024-01-11
8151170,2024-01-11
8151174,2024-01-11
8151276,2024-01-11
8151313,2024-01-11
8151352,2024-01-11
8151457,2024-01-11
8151747,2024-01-12
8152110,2024-01-12
8152261,2024-01-11
8152310,2024-01-11
8152354,2024-01-11
8152428,2024-01-11
8152456,2024-01-11
8152512,2024-01-11
8152516,2024-01-11
8152584,2024-01-11
8152688,2024-01-12
8152925,2024-01-12
8153084,2024-01-12
8153882,2024-01-13
8154182,2024-01-12
8154370,2024-01-13
8154627,2024-01-13
8154891,2024-01-13
8154895,2024-01-13
8155151,2024-01-13
8155481,2024-01-14
8155639,2024-01-14
8155710,2024-01-14
8155855,2024-01-14
8155925,2024-01-14
8156109,2024-01-14
8156281,2024-01-14
8156666,2024-01-15
8157056,2024-01-15
8157348,2024-01-15
8157762,2024-01-16
8158067,2024-01-16
8158082,2024-01-16
8158486,2024-01-15
8158512,2024-01-15
8158888,2024-01-16
8159081,2024-01-16
8159551,2024-01-17
8159749,2024-01-17
8160282,2024-01-16
8160429,2024-01-12
8160841,2024-01-14
8161146,2024-01-16
8161206,2024-01-16
8161252,2024-01-16
8161626,2024-01-16
8161780,2024-01-16
8161954,2024-01-12
8162063,2024-01-13
8162111,2024-01-15
8162177,2024-01-12
8162191,2024-01-13
8162268,2024-01-12
8162411,2024-01-12
8162557,2024-01-16
8162703,2024-01-16
8162779,2024-01-16
8163054,2024-01-16
8163724,2024-01-16
8163907,2024-01-15
8163932,2024-01-15
8163979,2024-01-15
8164096,2024-01-15
8164330,2024-01-16
8164586,2024-01-16
8164668,2024-01-17
8164734,2024-01-17
8164946,2024-01-17
8165466,2024-01-17
8166361,2024-01-17
8166386,2024-01-17
8166473,2024-01-17
8166634,2024-01-18
8166898,2024-01-17
8167211,2024-01-17
8168122,2024-01-17
8168167,2024-01-18
8168507,2024-01-17
8169297,2024-01-18
8169337,2024-01-18
8169487,2024-01-18
8169804,2024-01-18
8170180,2024-01-18
8170273,2024-01-18
8170564,2024-01-18
8171034,2024-01-18
8171184,2024-01-17
8171218,2024-01-17
8171270,2024-01-17
8171286,2024-01-17
8171574,2024-01-17
8171606,2024-01-17
8171888,2024-01-17
8171986,2024-01-16
8172025,2024-01-16
8172425,2024-01-16
8172550,2024-01-14
8172629,2024-01-12
8172654,2024-01-12
8172690,2024-01-12
8172711,2024-01-12
8172877,2024-01-18
8173029,2024-01-12
8173034,2024-01-15
8173039,2024-01-12
8173073,2024-01-12
8173083,2024-01-12
8173109,2024-01-12
8173136,2024-01-12
8173150,2024-01-13
8173167,2024-01-12
8173204,2024-01-17
8173373,2024-01-13
8173377,2024-01-13
8174075,2024-01-18
8174151,2024-01-12
8174172,2024-01-12
8174717,2024-01-19
8174748,2024-01-19
8174847,2024-01-19
8175139,2024-01-19
8175264,2024-01-19
8175457,2024-01-19
8175607,2024-01-18
8175649,2024-01-19
8175784,2024-01-19
8175862,2024-01-19
8175965,2024-01-19
8176743,2024-01-19
8176975,2024-01-18
8177064,2024-01-18
8177065,2024-01-18
8177159,2024-01-18
8177166,2024-01-18
8177495,2024-01-18
8177697,2024-01-18
8177735,2024-01-18
8177783,2024-01-18
8177809,2024-01-18
8178016,2024-01-18
8178058,2024-01-18
8178169,2024-01-18
8178304,2024-01-18
8178307,2024-01-18
8178354,2024-01-18
8178444,2024-01-18
8178509,2024-01-18
8178609,2024-01-18
8178902,2024-01-18
8179340,2024-01-18
8179674,2024-01-18
8179709,2024-01-18
8180098,2024-01-18
8180110,2024-01-18
8180592,2024-01-18
8180632,2024-01-18
8180953,2024-01-19
8181138,2024-01-15
8181141,2024-01-15
8181162,2024-01-15
8181313,2024-01-18
8181470,2024-01-18
8181706,2024-01-16
8181744,2024-01-16
8181801,2024-01-19
8181802,2024-01-19
8182338,2024-01-19
8182450,2024-01-19
8182487,2024-01-19
8182516,2024-01-19
8182648,2024-01-19
8182668,2024-01-19
8182789,2024-01-19
8182841,2024-01-19
8182884,2024-01-19
8183394,2024-01-19
8183453,2024-01-19
8183541,2024-01-19
8183665,2024-01-19
8183699,2024-01-19
8183810,2024-01-19
8184243,2024-01-19
8184655,2024-01-19
8184741,2024-01-20
8184889,2024-01-19
8184904,2024-01-20
8184927,2024-01-20
8185230,2024-01-20
8185566,2024-01-20
8186115,2024-01-19
8186545,2024-01-19
8186975,2024-01-20
8187052,2024-01-20
8188112,2024-01-19
8188574,2024-01-19
8188626,2024-01-19
8188668,2024-01-19
8188778,2024-01-19
8188785,2024-01-19
8188858,2024-01-19
8189096,2024-01-19
8189221,2024-01-12
8189731,2024-01-20
8190130,2024-01-20
8190259,2024-01-21
8191050,2024-01-21
8191383,2024-01-21
8191402,2024-01-21
8191809,2024-01-21
8191855,2024-01-21
8191896,2024-01-21
8191915,2024-01-21
8191974,2024-01-21
8192013,2024-01-21
8192268,2024-01-20
8192346,2024-01-20
8192369,2024-01-20
8192431,2024-01-20
8192489,2024-01-20
8192536,2024-01-20
8192547,2024-01-20
8192685,2024-01-20
8192729,2024-01-20
8192822,2024-01-20
8193019,2024-01-20
8193043,2024-01-20
8193111,2024-01-20
8193201,2024-01-20
8193549,2024-01-20
8193621,2024-01-20
8193625,2024-01-20
8194212,2024-01-21
8194276,2024-01-21
8194285,2024-01-21
8194311,2024-01-21
8194483,2024-01-21
8194993,2024-01-22
8195430,2024-01-22
8195543,2024-01-22
8195806,2024-01-22
8195829,2024-01-22
8195843,2024-01-22
8195859,2024-01-21
8195943,2024-01-22
8195950,2024-01-21
8196075,2024-01-21
8196416,2024-01-21
8196455,2024-01-21
8196613,2024-01-21
8197083,2024-01-21
8197127,2024-01-22
8197231,2024-01-22
8197451,2024-01-22
8197464,2024-01-22
8197656,2024-01-22
8197779,2024-01-22
8198058,2024-01-22
8198478,2024-01-22
8198748,2024-01-22
8198752,2024-01-22
8198900,2024-01-22
8199061,2024-01-22
8199297,2024-01-22
8199440,2024-01-23
8199451,2024-01-22
8199551,2024-01-22
8199554,2024-01-23
8199565,2024-01-23
8199753,2024-01-23
8199773,2024-01-23
8199992,2024-01-23
8200089,2024-01-23
8200216,2024-01-23
8200366,2024-01-23
8200472,2024-01-23
8200584,2024-01-23
8200635,2024-01-23
8200873,2024-01-22
8200913,2024-01-22
8201244,2024-01-22
8201511,2024-01-22
8201961,2024-01-22
8201983,2024-01-22
8202000,2024-01-22
8202043,2024-01-22
8202070,2024-01-22
8202130,2024-01-22
8202236,2024-01-22
8202421,2024-01-22
8202797,2024-01-22
8202852,2024-01-22
8203142,2024-01-22
8203198,2024-01-22
8203217,2024-01-22
8203567,2024-01-22
8203906,2024-01-22
8203938,2024-01-22
8204048,2024-01-22
8204241,2024-01-23
8204319,2024-01-23
8204646,2024-01-23
8204884,2024-01-12
8204952,2024-01-22
8205092,2024-01-12
8205201,2024-01-22
8205255,2024-01-22
8206077,2024-01-23
8206358,2024-01-23
8206675,2024-01-23
8206677,2024-01-23
8206737,2024-01-23
8207077,2024-01-23
8207523,2024-01-23
8207567,2024-01-23
8207851,2024-01-23
8207959,2024-01-23
8208087,2024-01-23
8208104,2024-01-23
8208972,2024-01-23
8209164,2024-01-23
8209213,2024-01-23
8209398,2024-01-23
8209426,2024-01-23
8209478,2024-01-23
8209669,2024-01-23
8209679,2024-01-23
8209714,2024-01-23
8209824,2024-01-23
8209904,2024-01-23
8209953,2024-01-23
8209971,2024-01-23
8210246,2024-01-23
8210442,2024-01-23
8210459,2024-01-23
8211100,2024-01-23
8211583,2024-01-24
8211909,2024-01-24
8212060,2024-01-24
8212628,2024-01-24
8213436,2024-01-23
8213603,2024-01-24
8213885,2024-01-25
8214293,2024-01-24
8214499,2024-01-24
8215188,2024-01-24
8215227,2024-01-24
8215432,2024-01-24
8215585,2024-01-24
8215805,2024-01-24
8215954,2024-01-24
8216167,2024-01-24
8216203,2024-01-24
8216239,2024-01-24
8216894,2024-01-24
8217199,2024-01-24
8217478,2024-01-24
8217586,2024-01-24
8217646,2024-01-24
8217665,2024-01-24
8217690,2024-01-24
8217765,2024-01-24
8217882,2024-01-24
8218015,2024-01-24
8218224,2024-01-24
8218399,2024-01-24
8218401,2024-01-24
8218453,2024-01-24
8218528,2024-01-24
8218608,2024-01-25
8218723,2024-01-24
8218855,2024-01-24
8219116,2024-01-25
8219376,2024-01-25
8219383,2024-01-25
8219681,2024-01-25
8219765,2024-01-25
8219768,2024-01-25
8220410,2024-01-24
8220452,2024-01-24
8220633,2024-01-24
8220741,2024-01-24
8220793,2024-01-24
8221053,2024-01-24
8221056,2024-01-24
8221414,2024-01-25
8221637,2024-01-25
8221656,2024-01-25
8222870,2024-01-25
8222961,2024-01-25
8223047,2024-01-25
8223159,2024-01-25
8223384,2024-01-25
8223391,2024-01-25
8223392,2024-01-25
8223423,2024-01-25
8223722,2024-01-25
8223778,2024-01-25
8223853,2024-01-25
8223978,2024-01-25
8224155,2024-01-25
8224300,2024-01-25
8224614,2024-01-25
8224734,2024-01-25
8225156,2024-01-25
8225235,2024-01-25
8225830,2024-01-25
8225841,2024-01-26
8225850,2024-01-26
8225962,2024-01-26
8226040,2024-01-26
8226131,2024-01-26
8226143,2024-01-26
8226480,2024-01-26
8226830,2024-01-26
8227090,2024-01-26
8227516,2024-01-26
8227552,2024-01-26
8227597,2024-01-26
8227892,2024-01-25
8227926,2024-01-25
8228261,2024-01-25
8228672,2024-01-25
8228910,2024-01-26
8229017,2024-01-26
8229032,2024-01-26
8229728,2024-01-26
8230069,2024-01-26
8230243,2024-01-26
8230664,2024-01-26
8230865,2024-01-26
8230902,2024-01-26
8231038,2024-01-26
8231085,2024-01-26
8231434,2024-01-26
8231759,2024-01-26
8232185,2024-01-26
8232377,2024-01-26
8232452,2024-01-26
8232473,2024-01-26
8232605,2024-01-26
8232629,2024-01-26
8232648,2024-01-26
8232712,2024-01-27
8232912,2024-01-26
8233001,2024-01-27
8233034,2024-01-26
8233044,2024-01-26
8233140,2024-01-26
8233180,2024-01-27
8233311,2024-01-27
8233527,2024-01-27
8233739,2024-01-26
8233996,2024-01-27
8233998,2024-01-27
8234473,2024-01-26
8234624,2024-01-26
8234687,2024-01-27
8235243,2024-01-28
8235745,2024-01-27
8236163,2024-01-27
8236368,2024-01-27
8236381,2024-01-27
8236452,2024-01-27
8236689,2024-01-27
8236719,2024-01-27
8236759,2024-01-27
8236819,2024-01-27
8236958,2024-01-27
8237509,2024-01-27
8237701,2024-01-27
8237724,2024-01-27
8237742,2024-01-27
8238573,2024-01-29
8238886,2024-01-29
8238890,2024-01-29
8239029,2024-01-29
8239106,2024-01-29
8239360,2024-01-28
8239612,2024-01-28
8239635,2024-01-28
8239651,2024-01-28
8239865,2024-01-28
8239883,2024-01-28
8239915,2024-01-28
8239930,2024-01-28
8240021,2024-01-28
8240050,2024-01-28
8240265,2024-01-28
8240497,2024-01-28
8240738,2024-01-28
8240824,2024-01-28
8240830,2024-01-28
8241023,2024-01-28
8241038,2024-01-28
8241074,2024-01-28
8241302,2024-01-28
8241452,2024-01-29
8241509,2024-01-29
8241563,2024-01-29
8241699,2024-01-29
8241767,2024-01-29
8242199,2024-01-29
8242203,2024-01-29
8242328,2024-01-29
8242337,2024-01-29
8243020,2024-01-29
8243662,2024-01-30
8243712,2024-01-30
8243759,2024-01-30
8243775,2024-01-30
8243932,2024-01-29
8244190,2024-01-30
8244230,2024-01-30
8244310,2024-01-30
8244556,2024-01-30
8244603,2024-01-30
8244905,2024-01-29
8244951,2024-01-30
8245230,2024-01-29
8245352,2024-01-29
8245414,2024-01-29
8245470,2024-01-29
8245524,2024-01-29
8245526,2024-01-29
8245617,2024-01-29
8245620,2024-01-29
8245623,2024-01-29
8245669,2024-01-29
8245932,2024-01-29
8246042,2024-01-29
8246045,2024-01-29
8246174,2024-01-29
8246221,2024-01-29
8246312,2024-01-29
8246335,2024-01-29
8246399,2024-01-29
8246429,2024-01-29
8246520,2024-01-29
8246704,2024-01-29
8246861,2024-01-29
8246883,2024-01-29
8247124,2024-01-29
8247135,2024-01-29
8247174,2024-01-29
8247292,2024-01-29
8247370,2024-01-29
8247535,2024-01-29
8247629,2024-01-29
8247676,2024-01-29
8247982,2024-01-30
8248253,2024-01-30
8249009,2024-01-31
8249138,2024-01-31
8249167,2024-01-31
8249174,2024-01-31
8249611,2024-01-31
8249756,2024-01-31
8249963,2024-01-31
8249981,2024-01-30
8250342,2024-01-31
8250645,2024-01-30
8250704,2024-01-30
8252342,2024-01-30
8252510,2024-01-30
8253042,2024-01-30
8254248,2024-01-30
8254466,2024-01-30
8254481,2024-01-30
8254998,2024-01-30
8255068,2024-01-30
8255206,2024-01-30
8255231,2024-01-30
8255522,2024-01-31
8255535,2024-01-31
8255555,2024-01-31
8255603,2024-01-31
8255625,2024-01-31
8255669,2024-01-31
8256156,2024-01-31
8256633,2024-01-31
8256758,2024-01-31
8257131,2024-01-31
8257224,2024-01-31
8257707,2024-02-01
8257830,2024-02-01
8257999,2024-02-01
8258160,2024-02-01
8258253,2024-02-01
8258380,2024-02-01
8258462,2024-02-01
8258475,2024-02-01
8258727,2024-01-31
8258746,2024-01-31
8258801,2024-01-31
8258839,2024-01-31
8258963,2024-01-31
8258982,2024-01-31
8258989,2024-01-31
8259276,2024-01-31
8259286,2024-01-31
8259506,2024-01-31
8259561,2024-01-31
8259573,2024-01-31
8260150,2024-01-31
8260204,2024-01-31
8260300,2024-01-31
8260363,2024-01-31
8260506,2024-01-31
8260526,2024-01-31
8260549,2024-01-31
8260558,2024-01-31
8260607,2024-01-31
8260698,2024-01-31
8260758,2024-01-31
8261695,2024-02-01
8261718,2024-02-01
8261753,2024-02-01
8261859,2024-02-01
8261914,2024-02-01
8262384,2024-02-01
8262410,2024-02-01
8262484,2024-02-02
8262505,2024-02-02
8262674,2024-02-02
8262975,2024-02-01
8263241,2024-02-01
8263745,2024-02-01
8263879,2024-02-01
8264180,2024-02-01
8264192,2024-02-01
8264212,2024-02-01
8264277,2024-02-01
8264441,2024-02-01
8264967,2024-02-01
8265060,2024-02-01
8265288,2024-02-01
8265813,2024-02-02
8265912,2024-02-02
8266215,2024-02-02
8266786,2024-02-01
8267343,2024-02-01
8267552,2024-02-01
8267563,2024-02-01
8267684,2024-02-01
8267877,2024-02-01
8267908,2024-02-01
8267910,2024-02-01
8268025,2024-02-01
8268104,2024-02-01
8268370,2024-02-01
8268455,2024-02-01
8268541,2024-02-01
8268623,2024-02-01
8268981,2024-02-02
8268983,2024-02-02
8269066,2024-02-02
8269183,2024-02-02
8269198,2024-02-02
8269311,2024-02-02
8269342,2024-02-02
8269626,2024-02-03
8270075,2024-02-02
8270267,2024-02-02
8270718,2024-02-02
8270774,2024-02-02
8270813,2024-02-02
8270829,2024-02-02
8270873,2024-02-02
8270936,2024-02-02
8271244,2024-02-03
8271266,2024-02-03
8271294,2024-02-03
8271445,2024-02-03
8271751,2024-02-03
8271757,2024-02-03
8271933,2024-02-03
8272177,2024-02-03
8272574,2024-02-02
8272602,2024-02-02
8272756,2024-02-02
8272950,2024-02-02
8273014,2024-02-02
8273182,2024-02-02
8273354,2024-02-02
8273428,2024-02-02
8273555,2024-02-02
8273884,2024-02-02
8274193,2024-02-02
8274276,2024-02-02
8274625,2024-02-02
8274765,2024-02-02
8275621,2024-02-04
8275861,2024-02-04
8275903,2024-02-04
8275908,2024-02-04
8276109,2024-02-04
8276222,2024-02-04
8276319,2024-02-03
8276337,2024-02-03
8276860,2024-02-03
8276958,2024-02-03
8277107,2024-02-03
8277167,2024-02-03
8277314,2024-02-03
8277365,2024-02-03
8277425,2024-02-03
8277457,2024-02-03
8277565,2024-02-03
8277664,2024-02-03
8277670,2024-02-03
8277787,2024-02-03
8277913,2024-02-03
8277915,2024-02-03
8278290,2024-02-03
8278598,2024-02-03
8278640,2024-02-03
8278708,2024-02-04
8278749,2024-02-04
8278755,2024-02-04
8278869,2024-02-04
8278916,2024-02-04
8279344,2024-02-04
8279441,2024-02-04
8279475,2024-02-04
8279769,2024-02-05
8279814,2024-02-05
8279878,2024-02-05
8280057,2024-02-04
8280235,2024-02-05
8281017,2024-02-05
8281132,2024-02-05
8281144,2024-02-04
8281382,2024-02-05
8281433,2024-02-04
8281614,2024-02-04
8281803,2024-02-04
8281984,2024-02-04
8282108,2024-02-04
8282182,2024-02-04
8282376,2024-02-04
8282658,2024-02-05
8282672,2024-02-05
8282827,2024-02-06
8283070,2024-02-06
8283081,2024-02-06
8283100,2024-02-06
8283456,2024-02-06
8283668,2024-02-06
8283726,2024-02-06
8283765,2024-02-06
8283890,2024-02-06
8284237,2024-02-06
8284394,2024-02-06
8284472,2024-02-06
8284662,2024-02-05
8284692,2024-02-06
8284741,2024-02-05
8284754,2024-02-05
8285200,2024-02-05
8285377,2024-02-05
8285450,2024-02-05
8285533,2024-02-05
8285685,2024-02-05
8285853,2024-02-05
8285868,2024-02-05
8286222,2024-02-05
8286250,2024-02-05
8286261,2024-02-05
8286334,2024-02-05
8286725,2024-02-05
8286832,2024-02-05
8287047,2024-02-05
8287082,2024-02-05
8287239,2024-02-05
8287344,2024-02-05
8287838,2024-02-05
8287901,2024-02-05
8288349,2024-02-05
8289173,2024-02-05
8289339,2024-02-06
8289448,2024-02-05
8289875,2024-02-05
8290128,2024-02-06
8290317,2024-02-06
8290678,2024-02-06
8291147,2024-02-06
8291520,2024-02-07
8291877,2024-02-07
8292139,2024-02-07
8292162,2024-02-07
8293121,2024-02-06
8293151,2024-02-07
8293344,2024-02-07
8293501,2024-02-07
8293504,2024-02-07
8293632,2024-02-07
8293713,2024-02-07
8294057,2024-02-06
8294195,2024-02-06
8294356,2024-02-06
8294478,2024-02-06
8294489,2024-02-06
8294501,2024-02-06
8294506,2024-02-06
8294625,2024-02-06
8294668,2024-02-06
8294862,2024-02-06
8295188,2024-02-06
8295496,2024-02-06
8295763,2024-02-06
8295837,2024-02-06
8295899,2024-02-06
8296059,2024-02-06
8296824,2024-02-06
8296830,2024-02-06
8296915,2024-02-06
8296991,2024-02-06
8297077,2024-02-06
8298303,2024-02-08
8298378,2024-02-08
8299367,2024-02-08
8299764,2024-02-08
8299861,2024-02-08
8299885,2024-02-07
8299942,2024-02-07
8300265,2024-02-07
8300650,2024-02-07
8300660,2024-02-07
8300723,2024-02-07
8301133,2024-02-07
8301355,2024-02-07
8301600,2024-02-07
8301909,2024-02-07
8302003,2024-02-07
8302729,2024-02-07
8302808,2024-02-07
8302974,2024-02-07
8303473,2024-02-07
8303824,2024-02-07
8304111,2024-02-07
8304357,2024-02-07
8304471,2024-02-07
8305918,2024-02-07
8306058,2024-02-08
8306144,2024-02-08
8306152,2024-02-08
8306249,2024-02-08
8306943,2024-02-08
8307622,2024-02-08
8307801,2024-02-09
8307973,2024-02-09
8307979,2024-02-09
8308160,2024-02-09
8308242,2024-02-09
8308499,2024-02-09
8308808,2024-02-09
8308813,2024-02-09
8309281,2024-02-09
8309454,2024-02-08
8309507,2024-02-08
8309617,2024-02-08
8309653,2024-02-08
8309878,2024-02-08
8310487,2024-02-08
8310787,2024-02-08
8310836,2024-02-08
8310876,2024-02-08
8310969,2024-02-08
8311306,2024-02-08
8311937,2024-02-08
8312055,2024-02-08
8312083,2024-02-08
8312120,2024-02-08
8312469,2024-02-08
8312517,2024-02-08
8312587,2024-02-08
8312660,2024-02-08
8312850,2024-02-08
8312871,2024-02-08
8313073,2024-02-08
8313100,2024-02-08
8313122,2024-02-08
8313126,2024-02-08
8313865,2024-02-10
8314083,2024-02-09
8314312,2024-02-09
8314819,2024-02-09
8314903,2024-02-09
8314935,2024-02-09
8314984,2024-02-09
8315364,2024-02-09
8315589,2024-02-09
8315709,2024-02-09
8315730,2024-02-09
8315931,2024-02-09
8315965,2024-02-09
8316153,2024-02-09
8316466,2024-02-09
8316548,2024-02-09
8316566,2024-02-09
8316598,2024-02-09
8316693,2024-02-09
8316883,2024-02-09
8317648,2024-02-09
8317708,2024-02-09
8317984,2024-02-09
8318026,2024-02-09
8318057,2024-02-09
8318083,2024-02-09
8318512,2024-02-10
8318528,2024-02-10
8318857,2024-02-10
8319059,2024-02-10
8319182,2024-02-10
8319199,2024-02-10
8319249,2024-02-10
8319433,2024-02-09
8319595,2024-02-09
8319600,2024-02-09
8319622,2024-02-09
8319685,2024-02-09
8319741,2024-02-09
8319748,2024-02-09
8319769,2024-02-09
8319925,2024-02-09
8320253,2024-02-10
8320408,2024-02-10
8320566,2024-02-10
8321124,2024-02-10
8321374,2024-02-11
8321708,2024-02-11
8321978,2024-02-11
8322120,2024-02-11
8322554,2024-02-10
8322652,2024-02-10
8322787,2024-02-10
8322961,2024-02-10
8323191,2024-02-10
8323820,2024-02-11
8323882,2024-02-11
8323886,2024-02-11
8324208,2024-02-11
8324213,2024-02-11
8324973,2024-02-12
8325225,2024-02-12
8325349,2024-02-12
8325351,2024-02-12
8325506,2024-02-11
8325590,2024-02-11
8325650,2024-02-11
8325702,2024-02-11
8325742,2024-02-11
8325761,2024-02-11
8325774,2024-02-11
8325779,2024-02-11
8326381,2024-02-11
8326450,2024-02-11
8326461,2024-02-11
8326479,2024-02-11
8326499,2024-02-11
8326634,2024-02-12
8327294,2024-02-12
8328077,2024-02-13
8328300,2024-02-13
8328543,2024-02-12
8328896,2024-02-12
8329690,2024-02-13
8329788,2024-02-13
8329968,2024-02-13
8329992,2024-02-13
8330151,2024-02-13
8330168,2024-02-13
8330170,2024-02-13
8330191,2024-02-13
8330232,2024-02-12
8330505,2024-02-13
8330509,2024-02-13
8330656,2024-02-13
8330732,2024-02-13
8330929,2024-02-12
8331028,2024-02-12
8331071,2024-02-12
8331210,2024-02-12
8331395,2024-02-12
8331656,2024-02-12
8331798,2024-02-12
8331910,2024-02-12
8332078,2024-02-12
8332194,2024-02-12
8332284,2024-02-12
8332323,2024-02-12
8332443,2024-02-12
8332457,2024-02-12
8332469,2024-02-12
8332501,2024-02-12
8332562,2024-02-12
8332726,2024-02-12
8332843,2024-02-12
8332865,2024-02-12
8332874,2024-02-12
8333149,2024-02-12
8333185,2024-02-12
8333467,2024-02-12
8333799,2024-02-12
8333826,2024-02-12
8334095,2024-02-13
8334111,2024-02-13
8334883,2024-02-13
8334978,2024-02-13
8335113,2024-02-13
8335370,2024-02-13
8335426,2024-02-13
8335654,2024-02-14
8335734,2024-02-14
8335923,2024-02-14
8336308,2024-02-14
8336617,2024-02-14
8336854,2024-02-14
8337286,2024-02-13
8337462,2024-02-13
8337721,2024-02-13
8337736,2024-02-13
8337762,2024-02-13
8337830,2024-02-13
8337849,2024-02-13
8337946,2024-02-13
8338206,2024-02-13
8338310,2024-02-13
8338425,2024-02-13
8338520,2024-02-13
8338534,2024-02-13
8339035,2024-02-13
8339137,2024-02-13
8339389,2024-02-13
8339473,2024-02-13
8339526,2024-02-13
8339587,2024-02-13
8339674,2024-02-13
8339787,2024-02-13
8340407,2024-02-13
8340701,2024-02-13
8341366,2024-02-14
8341368,2024-02-14
8341648,2024-02-14
8341936,2024-02-14
8343102,2024-02-14
8343274,2024-02-14
8343281,2024-02-14
8343629,2024-02-14
8343645,2024-02-14
8343649,2024-02-14
8343668,2024-02-14
8343814,2024-02-14
8343975,2024-02-14
8344059,2024-02-14
8344109,2024-02-14
8344188,2024-02-14
8344339,2024-02-14
8344416,2024-02-14
8344462,2024-02-14
8344503,2024-02-14
8344635,2024-02-14
8344716,2024-02-14
8344968,2024-02-14
8344972,2024-02-14
8344975,2024-02-14
8344976,2024-02-14
8345535,2024-02-14
8345540,2024-02-14
8345902,2024-02-14
8346000,2024-02-14
8347606,2024-02-14
8347656,2024-02-15
8347729,2024-02-14
8347756,2024-02-14
8347830,2024-02-15
8348596,2024-02-15
8348624,2024-02-15
8348659,2024-02-15
8348663,2024-02-15
8348665,2024-02-15
8348732,2024-02-15
8348964,2024-02-15
8349154,2024-02-14
8349161,2024-02-14
8349429,2024-02-15
8349506,2024-02-15
8349518,2024-02-15
8349627,2024-02-15
8349735,2024-02-15
8351158,2024-02-16
8351193,2024-02-16
8351352,2024-02-16
8351374,2024-02-16
8351469,2024-02-16
8351576,2024-02-16
8351785,2024-02-15
8352098,2024-02-15
8352154,2024-02-15
8352457,2024-02-15
8352578,2024-02-15
8352615,2024-02-15
8352714,2024-02-15
8352949,2024-02-15
8353273,2024-02-15
8353471,2024-02-15
8353572,2024-02-15
8353827,2024-02-15
8354213,2024-02-15
8354625,2024-02-15
8354665,2024-02-15
8354673,2024-02-15
8354770,2024-02-15
8354953,2024-02-15
8354966,2024-02-15
8355073,2024-02-15
8355100,2024-02-15
8355118,2024-02-15
8355726,2024-02-15
8356176,2024-02-16
8356330,2024-02-16
8356412,2024-02-15
8356422,2024-02-15
8356697,2024-02-15
8357013,2024-02-16
8357057,2024-02-16
8357196,2024-02-16
8357406,2024-02-16
8357664,2024-02-16
8358021,2024-02-16
8359018,2024-02-17
8359039,2024-02-17
8359105,2024-02-17
8359668,2024-02-17
8360145,2024-02-16
8360189,2024-02-16
8360282,2024-02-16
8360510,2024-02-16
8360592,2024-02-16
8360817,2024-02-16
8360834,2024-02-16
8361289,2024-02-16
8361353,2024-02-16
8361528,2024-02-16
8361589,2024-02-16
8361859,2024-02-16
8361881,2024-02-16
8361982,2024-02-16
8362007,2024-02-16
8362165,2024-02-16
8362412,2024-02-16
8362603,2024-02-16
8362623,2024-02-16
8362671,2024-02-16
8362754,2024-02-16
8363050,2024-02-16
8363102,2024-02-16
8363179,2024-02-16
8363910,2024-02-17
8364235,2024-02-17
8364396,2024-02-17
8364519,2024-02-17
8364862,2024-02-18
8365491,2024-02-18
8365594,2024-02-18
8365717,2024-02-17
8365989,2024-02-17
8366152,2024-02-17
8366334,2024-02-17
8366427,2024-02-17
8366586,2024-02-17
8366588,2024-02-17
8366744,2024-02-17
8367119,2024-02-17
8367131,2024-02-17
8367448,2024-02-18
8367546,2024-02-18
8367692,2024-02-18
8367756,2024-02-18
8367829,2024-02-18
8368032,2024-02-18
8368681,2024-02-19
8369463,2024-02-19
8369581,2024-02-19
8369663,2024-02-19
8369849,2024-02-19
8370115,2024-02-19
8370217,2024-02-18
8370251,2024-02-18
8370532,2024-02-18
8370644,2024-02-18
8370646,2024-02-18
8370692,2024-02-18
8370809,2024-02-18
8370814,2024-02-18
8370951,2024-02-18
8371048,2024-02-18
8371161,2024-02-19
8371203,2024-02-19
8371213,2024-02-19
8371543,2024-02-19
8371900,2024-02-20
8371937,2024-02-20
8372147,2024-02-19
8372169,2024-02-20
8372191,2024-02-19
8372588,2024-02-19
8372620,2024-02-19
8372919,2024-02-19
8373364,2024-02-19
8373451,2024-02-19
8373589,2024-02-19
8373703,2024-02-19
8374023,2024-02-19
8374054,2024-02-19
8374068,2024-02-19
8374676,2024-02-19
8375097,2024-02-19
8375267,2024-02-19
8376335,2024-02-20
8376353,2024-02-20
8376949,2024-02-20
8377177,2024-02-20
8377646,2024-02-20
8377708,2024-02-20
8377828,2024-02-20
8378072,2024-02-19
8378092,2024-02-20
8378338,2024-02-19
8378597,2024-02-19
8378645,2024-02-19
8378770,2024-02-19
8378818,2024-02-19
8378927,2024-02-19
8378954,2024-02-19
8379087,2024-02-19
8379129,2024-02-19
8379190,2024-02-19
8379214,2024-02-19
8379663,2024-02-20
8379986,2024-02-20
8380095,2024-02-20
8380197,2024-02-20
8380470,2024-02-20
8381171,2024-02-20
8381341,2024-02-21
8381347,2024-02-21
8381640,2024-02-21
8381647,2024-02-21
8381671,2024-02-21
8381711,2024-02-21
8381718,2024-02-21
8381802,2024-02-21
8381980,2024-02-21
8382167,2024-02-21
8382378,2024-02-21
8382472,2024-02-21
8382657,2024-02-21
8382920,2024-02-20
8383101,2024-02-21
8383139,2024-02-21
8383164,2024-02-21
8383318,2024-02-20
8383472,2024-02-21
8383524,2024-02-20
8383863,2024-02-20
8384165,2024-02-20
8384220,2024-02-20
8384254,2024-02-20
8384339,2024-02-20
8384354,2024-02-20
8384668,2024-02-20
8384742,2024-02-20
8384950,2024-02-20
8385013,2024-02-20
8385066,2024-02-20
8385156,2024-02-20
8385163,2024-02-20
8385288,2024-02-20
8385330,2024-02-20
8385773,2024-02-20
8385786,2024-02-20
8385877,2024-02-20
8386109,2024-02-20
8386129,2024-02-20
8386625,2024-02-20
8386704,2024-02-20
8386827,2024-02-20
8386833,2024-02-20
8386885,2024-02-20
8386887,2024-02-20
8387007,2024-02-21
8387312,2024-02-21
8387633,2024-02-21
8387714,2024-02-21
8387739,2024-02-21
8388405,2024-02-21
8388552,2024-02-20
8388631,2024-02-21
8388853,2024-02-21
8389355,2024-02-22
8389511,2024-02-22
8389737,2024-02-22
8390315,2024-02-22
8390337,2024-02-22
8390373,2024-02-22
8390859,2024-02-22
8391144,2024-02-22
8391162,2024-02-22
8391283,2024-02-22
8391490,2024-02-22
8391538,2024-02-21
8391684,2024-02-21
8392063,2024-02-21
8392494,2024-02-21
8392891,2024-02-21
8392968,2024-02-21
8392996,2024-02-21
8393021,2024-02-21
8393406,2024-02-21
8393552,2024-02-21
8393679,2024-02-21
8393792,2024-02-21
8394023,2024-02-21
8394164,2024-02-21
8394260,2024-02-21
8394449,2024-02-21
8394633,2024-02-21
8394765,2024-02-21
8394870,2024-02-21
8395011,2024-02-21
8395040,2024-02-21
8395043,2024-02-21
8395330,2024-02-22
8395426,2024-02-21
8395452,2024-02-22
8395493,2024-02-22
8395563,2024-02-22
8395572,2024-02-22
8395794,2024-02-22
8395933,2024-02-21
8395976,2024-02-22
8396026,2024-02-22
8396239,2024-02-22
8396274,2024-02-22
8396308,2024-02-22
8396536,2024-02-22
8396580,2024-02-22
8397429,2024-02-22
8397502,2024-02-22
8398617,2024-02-23
8399108,2024-02-22
8399653,2024-02-23
8399848,2024-02-23
8400002,2024-02-23
8400061,2024-02-23
8400192,2024-02-23
8400279,2024-02-23
8400431,2024-02-22
8400577,2024-02-22
8400700,2024-02-22
8400886,2024-02-22
8400922,2024-02-22
8401429,2024-02-22
8401851,2024-02-22
8401868,2024-02-22
8402037,2024-02-22
8402355,2024-02-22
8402404,2024-02-22
8402434,2024-02-22
8402519,2024-02-22
8402546,2024-02-22
8402551,2024-02-22
8402803,2024-02-22
8402927,2024-02-22
8402963,2024-02-22
8403041,2024-02-22
8403051,2024-02-22
8403175,2024-02-22
8403343,2024-02-22
8403652,2024-02-22
8403780,2024-02-22
8403856,2024-02-22
8404079,2024-02-23
8404112,2024-02-23
8404714,2024-02-23
8404927,2024-02-23
8404945,2024-02-23
8405008,2024-02-23
8405593,2024-02-23
8407112,2024-02-24
8407419,2024-02-24
8407613,2024-02-24
8407648,2024-02-24
8407653,2024-02-24
8407969,2024-02-24
8408038,2024-02-23
8408072,2024-02-23
8408085,2024-02-24
8408193,2024-02-24
8408694,2024-02-23
8408886,2024-02-23
8408970,2024-02-23
8409077,2024-02-23
8409237,2024-02-23
8409546,2024-02-23
8409956,2024-02-23
8410028,2024-02-23
8410178,2024-02-23
8410299,2024-02-23
8410329,2024-02-23
8410538,2024-02-23
8410577,2024-02-23
8410979,2024-02-23
8411202,2024-02-23
8411371,2024-02-24
8411803,2024-02-25
8411907,2024-02-25
8412030,2024-02-25
8412204,2024-02-25
8412677,2024-02-25
8412683,2024-02-25
8413388,2024-02-24
8413448,2024-02-24
8413621,2024-02-24
8413736,2024-02-24
8413741,2024-02-24
8413751,2024-02-25
8413795,2024-02-24
8414080,2024-02-24
8414319,2024-02-24
8414331,2024-02-24
8414403,2024-02-24
8414414,2024-02-24
8414538,2024-02-24
8414560,2024-02-24
8414657,2024-02-24
8414742,2024-02-24
8415219,2024-02-24
8415742,2024-02-25
8415895,2024-02-25
8416229,2024-02-26
8416299,2024-02-26
8416513,2024-02-26
8416631,2024-02-26
8416690,2024-02-25
8417002,2024-02-26
8417070,2024-02-26
8418189,2024-02-25
8418199,2024-02-25
8418267,2024-02-25
8418637,2024-02-25
8418920,2024-02-26
8419378,2024-02-26
8419782,2024-02-26
8420074,2024-02-26
8420093,2024-02-26
8420107,2024-02-26
8420157,2024-02-26
8420178,2024-02-26
8420223,2024-02-26
8420236,2024-02-25
8420353,2024-02-26
8420748,2024-02-26
8422876,2024-02-27
8423045,2024-02-27
8423089,2024-02-27
8423229,2024-02-27
8423285,2024-02-27
8423363,2024-02-27
8423594,2024-02-27
8423701,2024-02-26
8423707,2024-02-26
8423765,2024-02-26
8423785,2024-02-26
8423838,2024-02-26
8424007,2024-02-26
8424037,2024-02-26
8424120,2024-02-26
8424350,2024-02-26
8424519,2024-02-26
8424599,2024-02-26
8424661,2024-02-26
8424891,2024-02-26
8425047,2024-02-26
8425318,2024-02-26
8425493,2024-02-26
8425631,2024-02-26
8425640,2024-02-26
8425962,2024-02-26
8425994,2024-02-26
8425995,2024-02-26
8426070,2024-02-26
8426126,2024-02-26
8426457,2024-02-26
8426546,2024-02-26
8426572,2024-02-26
8426618,2024-02-26
8426704,2024-02-26
8426859,2024-02-26
8427068,2024-02-26
8428377,2024-02-28
8428924,2024-02-28
8429111,2024-02-28
8429227,2024-02-27
8429535,2024-02-27
8429813,2024-02-27
8430035,2024-02-27
8430104,2024-02-27
8430233,2024-02-27
8430384,2024-02-27
8430675,2024-02-27
8430851,2024-02-27
8431364,2024-02-27
8431475,2024-02-27
8432032,2024-02-27
8432473,2024-02-27
8432890,2024-02-27
8432955,2024-02-27
8433072,2024-02-27
8433230,2024-02-27
8433562,2024-02-27
8433722,2024-02-27
8433736,2024-02-27
8433755,2024-02-27
8433823,2024-02-27
8434085,2024-02-28
8434167,2024-02-28
8434807,2024-02-28
8434890,2024-02-28
8435082,2024-02-28
8435322,2024-02-27
8435329,2024-02-27
8435337,2024-02-27
8435936,2024-02-28
8435945,2024-02-28
8436211,2024-02-28
8436262,2024-02-28
8436475,2024-02-28
8436714,2024-02-28
8436732,2024-02-28
8437311,2024-02-28
8438544,2024-02-29
8438621,2024-02-29
8439119,2024-02-28
8439536,2024-02-29
8440159,2024-02-29
8440160,2024-02-28
8440899,2024-02-28
8440942,2024-02-28
8440981,2024-02-28
8441036,2024-02-28
8441157,2024-02-28
8441192,2024-02-28
8441467,2024-02-28
8441539,2024-02-28
8441651,2024-02-28
8441805,2024-02-28
8441860,2024-02-28
8442269,2024-02-28
8442284,2024-02-28
8442400,2024-02-28
8442429,2024-02-28
8442795,2024-02-28
8443397,2024-02-28
8443586,2024-02-28
8444195,2024-02-28
8444200,2024-02-28
8444367,2024-02-29
8444376,2024-02-29
8444786,2024-02-29
8445561,2024-03-01
8445636,2024-02-29
8445764,2024-02-29
8446053,2024-02-29
8446238,2024-02-29
8446241,2024-02-29
8446686,2024-02-29
8446732,2024-02-29
8446910,2024-02-29
8447114,2024-02-29
8447290,2024-02-29
8447319,2024-02-29
8447677,2024-03-01
8447682,2024-03-01
8447785,2024-02-29
8447979,2024-02-29
8448135,2024-02-29
8448245,2024-03-01
8448395,2024-03-01
8448412,2024-03-01
8449208,2024-02-29
8450692,2024-03-01
8451100,2024-02-29
8451285,2024-02-29
8451286,2024-02-29
8451301,2024-03-01
8451348,2024-03-01
8451393,2024-03-01
8452296,2024-03-02
8452532,2024-03-02
8452795,2024-03-01
8452986,2024-03-02
8453042,2024-03-02
8453056,2024-03-02
8453288,2024-02-29
8453311,2024-02-29
8453312,2024-02-29
8453782,2024-02-29
8453930,2024-02-29
8453931,2024-02-29
8454050,2024-03-02
8454116,2024-02-29
8455024,2024-03-02
8455232,2024-03-01
8455262,2024-03-01
8455644,2024-03-01
8456148,2024-03-01
8456258,2024-03-01
8456577,2024-03-01
8456653,2024-03-01
8456661,2024-03-01
8456871,2024-03-01
8456912,2024-03-01
8457048,2024-03-01
8457068,2024-03-01
8457631,2024-03-01
8457948,2024-03-01
8457990,2024-03-01
8458021,2024-03-01
8458281,2024-03-01
8458532,2024-03-01
8458616,2024-03-01
8458618,2024-03-01
8458633,2024-03-01
8458685,2024-03-01
8458717,2024-03-01
8458731,2024-03-01
8458999,2024-03-01
8459455,2024-03-01
8459512,2024-03-01
8459833,2024-03-01
8459941,2024-03-01
8460071,2024-03-01
8460257,2024-02-29
8460402,2024-03-02
8460696,2024-03-02
8460741,2024-03-02
8460897,2024-03-02
8461055,2024-03-02
8461180,2024-03-02
8461215,2024-03-02
8461304,2024-03-02
8461317,2024-03-01
8461666,2024-03-03
8461827,2024-03-03
8461982,2024-03-03
8462484,2024-03-02
8462868,2024-03-02
8463457,2024-03-02
8463593,2024-03-02
8463604,2024-03-02
8463640,2024-03-02
8463652,2024-03-02
8463741,2024-03-02
8463792,2024-03-02
8463907,2024-03-03
8464101,2024-03-03
8464336,2024-03-03
8464442,2024-03-03
8464571,2024-03-03
8464645,2024-03-03
8464774,2024-03-03
8464785,2024-03-03
8464801,2024-03-03
8464851,2024-03-03
8465100,2024-03-03
8465196,2024-03-03
8465593,2024-03-04
8465718,2024-03-04
8465911,2024-03-04
8466664,2024-03-03
8466772,2024-03-03
8466919,2024-03-03
8467355,2024-03-03
8467561,2024-03-03
8467706,2024-03-04
8467876,2024-03-04
8468152,2024-03-04
8468334,2024-03-04
8468492,2024-03-04
8468649,2024-03-04
8469178,2024-03-04
8469207,2024-03-04
8469319,2024-03-04
8469325,2024-03-04
8469438,2024-03-04
8469614,2024-03-04
8469708,2024-03-04
8469821,2024-03-04
8469928,2024-03-04
8469940,2024-03-04
8470182,2024-03-04
8470262,2024-03-04
8470357,2024-03-04
8470427,2024-03-04
8470849,2024-03-04
8471099,2024-03-05
8471121,2024-03-04
8471739,2024-03-04
8471819,2024-03-05
8471927,2024-03-05
8472381,2024-03-05
8472483,2024-03-05
8472850,2024-03-06
8473204,2024-03-05
8473273,2024-03-05
8473684,2024-03-05
8473857,2024-03-06
8473859,2024-03-06
8474033,2024-03-06
8474256,2024-03-05
8474482,2024-03-05
8474589,2024-03-06
8474821,2024-03-05
8475265,2024-03-05
8475660,2024-03-05
8475868,2024-03-04
8476092,2024-03-04
8476156,2024-03-04
8476169,2024-03-05
8476261,2024-03-05
8476418,2024-03-04
8476556,2024-03-05
8476602,2024-03-04
8476743,2024-03-04
8477082,2024-03-04
8477283,2024-03-05
8477323,2024-03-05
8477745,2024-03-05
8477856,2024-03-05
8478028,2024-03-04
8478034,2024-03-05
8478124,2024-03-05
8478366,2024-03-04
8478629,2024-03-05
8478788,2024-03-05
8478892,2024-03-05
8478909,2024-03-05
8479100,2024-03-04
8479145,2024-03-05
8479439,2024-03-05
8479772,2024-03-04
8479895,2024-03-05
8479983,2024-03-05
8480007,2024-03-04
8480150,2024-03-05
8480727,2024-03-05
8481163,2024-03-05
8481173,2024-03-05
8481303,2024-03-05
8481384,2024-03-05
8482267,2024-03-04
8482885,2024-03-05
8483123,2024-03-05
8483158,2024-03-05
8483383,2024-03-05
8483808,2024-03-06
8484019,2024-03-06
8484567,2024-03-06
8484799,2024-03-06
8484813,2024-03-06
8484825,2024-03-06
8485606,2024-03-06
8485621,2024-03-06
8485745,2024-03-06
8485975,2024-03-06
8486291,2024-03-06
8486315,2024-03-06
8486351,2024-03-06
8486634,2024-03-06
8486802,2024-03-06
8486932,2024-03-06
8487095,2024-03-06
8487238,2024-03-06
8487303,2024-03-06
8487325,2024-03-06
8487492,2024-03-06
8487827,2024-03-06
8488762,2024-03-06
8488961,2024-03-06
8489335,2024-03-06
8489398,2024-03-06
8489608,2024-03-06
8489995,2024-03-06
8490018,2024-03-06
8490416,2024-03-07
8490539,2024-03-07
8490910,2024-03-07
8491065,2024-03-07
8491520,2024-03-06
8491536,2024-03-07
8491596,2024-03-07
8492409,2024-03-07
8493037,2024-03-06
8493233,2024-03-06
8493648,2024-03-07
8493906,2024-03-07
8494069,2024-03-07
8494128,2024-03-07
8494325,2024-03-07
8494439,2024-03-07
8494857,2024-03-08
8494988,2024-03-07
8495015,2024-03-08
8495060,2024-03-08
8495173,2024-03-08
8495485,2024-03-07
8495609,2024-03-07
8495644,2024-03-07
8495663,2024-03-07
8496506,2024-03-07
8496735,2024-03-08
8497005,2024-03-08
8497084,2024-03-07
8497106,2024-03-08
8497316,2024-03-08
8497327,2024-03-08
8497934,2024-03-08
8498211,2024-03-08
8498292,2024-03-07
8498539,2024-03-07
8498775,2024-03-07
8499325,2024-03-07
8499926,2024-03-07
8500227,2024-03-07
8500251,2024-03-07
8500718,2024-03-07
8500846,2024-03-07
8501063,2024-03-07
8501291,2024-03-07
8501301,2024-03-07
8501396,2024-03-07
8501852,2024-03-07
8502016,2024-03-07
8502375,2024-03-07
8502407,2024-03-08
8502433,2024-03-08
8502671,2024-03-08
8502691,2024-03-08
8503053,2024-03-08
8503243,2024-03-08
8503422,2024-03-08
8503695,2024-03-08
8503823,2024-03-08
8503824,2024-03-08
8504302,2024-03-08
8504789,2024-03-09
8505650,2024-03-09
8505781,2024-03-09
8506104,2024-03-08
8506304,2024-03-08
8506582,2024-03-08
8506593,2024-03-08
8506723,2024-03-08
8506801,2024-03-08
8506826,2024-03-08
8507315,2024-03-08
8507387,2024-03-08
8507541,2024-03-08
8507758,2024-03-08
8507828,2024-03-08
8507881,2024-03-08
8508255,2024-03-08
8508273,2024-03-08
8508352,2024-03-08
8508742,2024-03-08
8508828,2024-03-08
8509004,2024-03-08
8509144,2024-03-08
8509391,2024-03-08
8509531,2024-03-08
8509560,2024-03-08
8509693,2024-03-08
8510057,2024-03-09
8510233,2024-03-09
8510359,2024-03-09
8510595,2024-03-09
8510639,2024-03-09
8510876,2024-03-09
8511459,2024-03-10
8511728,2024-03-10
8511735,2024-03-09
8511743,2024-03-09
8512795,2024-03-09
8513229,2024-03-09
8513384,2024-03-09
8513415,2024-03-09
8513667,2024-03-09
8514213,2024-03-10
8514477,2024-03-10
8514633,2024-03-10
8514791,2024-03-10
8514798,2024-03-10
8515691,2024-03-11
8516044,2024-03-11
8516106,2024-03-11
8516200,2024-03-10
8516261,2024-03-11
8516561,2024-03-10
8516657,2024-03-10
8517186,2024-03-10
8517281,2024-03-10
8517776,2024-03-10
8518302,2024-03-11
8518410,2024-03-12
8518674,2024-03-11
8518841,2024-03-12
8518869,2024-03-12
8519036,2024-03-11
8519105,2024-03-11
8519125,2024-03-11
8519353,2024-03-11
8519467,2024-03-11
8519636,2024-03-11
8520083,2024-03-11
8520776,2024-03-11
8520840,2024-03-12
8521018,2024-03-12
8521162,2024-03-12
8521341,2024-03-12
8521430,2024-03-12
8521431,2024-03-12
8521506,2024-03-12
8521511,2024-03-12
8521716,2024-03-12
8522090,2024-03-11
8522174,2024-03-11
8522327,2024-03-11
8522425,2024-03-11
8522515,2024-03-11
8522517,2024-03-11
8522701,2024-03-11
8522775,2024-03-11
8522980,2024-03-11
8523050,2024-03-11
8523166,2024-03-11
8523431,2024-03-11
8523517,2024-03-11
8523911,2024-03-11
8524050,2024-03-11
8524415,2024-03-11
8524600,2024-03-11
8524717,2024-03-11
8525290,2024-03-11
8525383,2024-03-11
8525390,2024-03-11
8525509,2024-03-11
8525601,2024-03-11
8525628,2024-03-11
8526093,2024-03-11
8526099,2024-03-11
8526210,2024-03-11
8526222,2024-03-11
8526395,2024-03-11
8526978,2024-03-13
8527448,2024-03-13
8527945,2024-03-13
8528164,2024-03-12
8528165,2024-03-12
8528376,2024-03-12
8528473,2024-03-12
8528604,2024-03-12
8528645,2024-03-12
8528744,2024-03-12
8529312,2024-03-12
8529403,2024-03-12
8529514,2024-03-12
8530221,2024-03-12
8530703,2024-03-12
8530795,2024-03-12
8530851,2024-03-12
8531034,2024-03-12
8531469,2024-03-12
8532120,2024-03-12
8532127,2024-03-12
8532294,2024-03-12
8532323,2024-03-12
8532433,2024-03-12
8532459,2024-03-12
8532794,2024-03-12
8532795,2024-03-12
8533068,2024-03-12
8533508,2024-03-12
8533978,2024-03-12
8534737,2024-03-12
8535400,2024-03-14
8535720,2024-03-14
8536239,2024-03-14
8536285,2024-03-14
8536570,2024-03-14
8536596,2024-03-14
8536637,2024-03-14
8536920,2024-03-14
8536982,2024-03-14
8537103,2024-03-13
8537155,2024-03-14
8537198,2024-03-13
8537206,2024-03-13
8537341,2024-03-13
8537453,2024-03-13
8537574,2024-03-13
8537677,2024-03-13
8537755,2024-03-13
8537828,2024-03-13
8537900,2024-03-13
8538023,2024-03-13
8538122,2024-03-13
8538354,2024-03-13
8538612,2024-03-13
8538899,2024-03-13
8539256,2024-03-13
8539417,2024-03-13
8539419,2024-03-13
8540202,2024-03-13
8540350,2024-03-13
8540620,2024-03-13
8540807,2024-03-13
8540823,2024-03-13
8540964,2024-03-13
8540983,2024-03-13
8540992,2024-03-13
8541213,2024-03-13
8541246,2024-03-13
8541343,2024-03-13
8541361,2024-03-13
8541373,2024-03-13
8541654,2024-03-13
8541769,2024-03-13
8541844,2024-03-13
8541916,2024-03-13
8542029,2024-03-13
8542231,2024-03-13
8542234,2024-03-13
8542303,2024-03-13
8542647,2024-03-13
8542714,2024-03-13
8542768,2024-03-13
8543184,2024-03-13
8544022,2024-03-14
8544298,2024-03-14
8545005,2024-03-15
8545135,2024-03-14
8545252,2024-03-14
8545324,2024-03-14
8545406,2024-03-14
8545687,2024-03-14
8545822,2024-03-14
8545974,2024-03-14
8546079,2024-03-14
8546368,2024-03-14
8546412,2024-03-14
8546665,2024-03-14
8546699,2024-03-14
8546920,2024-03-14
8547412,2024-03-14
8547733,2024-03-14
8547997,2024-03-15
8548413,2024-03-15
8548836,2024-03-15
8549524,2024-03-14
8549991,2024-03-14
8550200,2024-03-14
8550268,2024-03-14
8550294,2024-03-14
8550561,2024-03-14
8550571,2024-03-14
8550618,2024-03-14
8550680,2024-03-14
8550791,2024-03-14
8550994,2024-03-14
8551073,2024-03-14
8551195,2024-03-14
8551574,2024-03-14
8551614,2024-03-14
8551860,2024-03-14
8551979,2024-03-14
8552261,2024-03-15
8552264,2024-03-15
8552271,2024-03-15
8552350,2024-03-15
8552351,2024-03-15
8552463,2024-03-15
8552689,2024-03-15
8552846,2024-03-15
8553097,2024-03-15
8553241,2024-03-15
8553318,2024-03-15
8553335,2024-03-15
8553674,2024-03-15
8553689,2024-03-15
8553690,2024-03-15
8553787,2024-03-15
8553874,2024-03-15
8554301,2024-03-15
8554506,2024-03-15
8556073,2024-03-15
8556646,2024-03-15
8556760,2024-03-15
8556789,2024-03-15
8556974,2024-03-15
8557208,2024-03-15
8557371,2024-03-15
8557619,2024-03-15
8557948,2024-03-15
8557995,2024-03-15
8558043,2024-03-15
8558172,2024-03-15
8558668,2024-03-15
8558844,2024-03-15
8558962,2024-03-15
8558991,2024-03-15
8559128,2024-03-15
8559222,2024-03-15
8559277,2024-03-15
8559284,2024-03-15
8559362,2024-03-17
8559430,2024-03-16
8559515,2024-03-17
8559612,2024-03-16
8559759,2024-03-17
8559990,2024-03-17
8560357,2024-03-16
8560587,2024-03-16
8560736,2024-03-16
8560811,2024-03-16
8560959,2024-03-16
8561001,2024-03-16
8561241,2024-03-16
8561291,2024-03-16
8562031,2024-03-16
8563145,2024-03-17
8563152,2024-03-17
8563222,2024-03-17
8563484,2024-03-17
8563848,2024-03-17
8563929,2024-03-17
8564020,2024-03-17
8564344,2024-03-17
8564513,2024-03-17
8564519,2024-03-18
8564680,2024-03-18
8565197,2024-03-18
8565349,2024-03-18
8565593,2024-03-17
8565624,2024-03-17
8566520,2024-03-17
8566589,2024-03-17
8567316,2024-03-18
8568500,2024-03-18
8568580,2024-03-18
8568602,2024-03-18
8569383,2024-03-18
8569721,2024-03-18
8569752,2024-03-18
8569991,2024-03-19
8570031,2024-03-19
8570080,2024-03-19
8570619,2024-03-19
8570709,2024-03-19
8570754,2024-03-19
8571617,2024-03-18
8572070,2024-03-18
8572201,2024-03-18
8572211,2024-03-18
8572325,2024-03-18
8572579,2024-03-18
8572836,2024-03-18
8572885,2024-03-18
8573032,2024-03-18
8573294,2024-03-18
8573319,2024-03-18
8573376,2024-03-18
8573487,2024-03-18
8573675,2024-03-18
8573678,2024-03-18
8573797,2024-03-18
8573819,2024-03-18
8573866,2024-03-18
8573886,2024-03-18
8573908,2024-03-18
8574439,2024-03-18
8574649,2024-03-18
8575297,2024-03-18
8575626,2024-03-18
8576376,2024-03-20
8576554,2024-03-20
8576696,2024-03-19
8576697,2024-03-19
8576880,2024-03-19
8576898,2024-03-19
8576934,2024-03-19
8577136,2024-03-19
8577141,2024-03-19
8577154,2024-03-19
8577254,2024-03-19
8577739,2024-03-19
8577764,2024-03-19
8577775,2024-03-19
8577915,2024-03-19
8578142,2024-03-19
8578486,2024-03-19
8578548,2024-03-19
8578643,2024-03-19
8578767,2024-03-19
8578779,2024-03-19
8579394,2024-03-19
8579600,2024-03-19
8579677,2024-03-19
8579848,2024-03-19
8580189,2024-03-19
8580590,2024-03-19
8581335,2024-03-20
8582084,2024-03-19
8582258,2024-03-19
8582352,2024-03-20
8582370,2024-03-20
8582644,2024-03-19
8582719,2024-03-19
8582910,2024-03-19
8583000,2024-03-19
8583489,2024-03-19
8584365,2024-03-21
8584659,2024-03-21
8584804,2024-03-21
8585039,2024-03-21
8585254,2024-03-20
8585373,2024-03-20
8585685,2024-03-20
8586033,2024-03-20
8586246,2024-03-20
8587180,2024-03-21
8587199,2024-03-21
8587792,2024-03-21
8587801,2024-03-21
8587952,2024-03-21
8588754,2024-03-20
8588827,2024-03-20
8588835,2024-03-20
8588896,2024-03-20
8589342,2024-03-20
8589502,2024-03-20
8589503,2024-03-20
8589823,2024-03-20
8589921,2024-03-20
8589930,2024-03-20
8590233,2024-03-20
8590290,2024-03-20
8590941,2024-03-20
8591313,2024-03-20
8591773,2024-03-20
8591910,2024-03-20
8592367,2024-03-20
8592683,2024-03-20
8592841,2024-03-20
8593142,2024-03-21
8593635,2024-03-22
8593671,2024-03-22
8594023,2024-03-21
8594316,2024-03-21
8594826,2024-03-21
8594927,2024-03-21
8595394,2024-03-21
8595422,2024-03-21
8595464,2024-03-21
8595487,2024-03-21
8595789,2024-03-21
8596155,2024-03-21
8596268,2024-03-21
8596479,2024-03-21
8596559,2024-03-21
8597255,2024-03-21
8597326,2024-03-21
8597473,2024-03-20
8597609,2024-03-22
8597776,2024-03-22
8597977,2024-03-21
8598004,2024-03-22
8598264,2024-03-22
8598456,2024-03-22
8598468,2024-03-22
8598619,2024-03-22
8598620,2024-03-22
8599567,2024-03-21
8599731,2024-03-21
8599832,2024-03-21
8600071,2024-03-21
8600342,2024-03-21
8600366,2024-03-21
8600483,2024-03-21
8600553,2024-03-21
8601090,2024-03-21
8601147,2024-03-21
8601181,2024-03-21
8601324,2024-03-21
8601348,2024-03-21
8601438,2024-03-21
8601546,2024-03-21
8601573,2024-03-21
8601683,2024-03-21
8601784,2024-03-21
8601791,2024-03-21
8601878,2024-03-21
8601939,2024-03-21
8602215,2024-03-21
8603012,2024-03-22
8603642,2024-03-22
8603733,2024-03-22
8603915,2024-03-22
8603918,2024-03-22
8604080,2024-03-22
8604550,2024-03-22
8605027,2024-03-22
8605344,2024-03-22
8605807,2024-03-23
8605850,2024-03-23
8606014,2024-03-23
8606082,2024-03-23
8606250,2024-03-23
8606257,2024-03-23
8606337,2024-03-23
8606631,2024-03-22
8606714,2024-03-22
8607227,2024-03-22
8607308,2024-03-22
8607596,2024-03-22
8607749,2024-03-22
8607885,2024-03-22
8607970,2024-03-22
8608016,2024-03-22
8608031,2024-03-22
8608177,2024-03-22
8608398,2024-03-22
8608505,2024-03-22
8608657,2024-03-22
8608828,2024-03-22
8610205,2024-03-24
8610216,2024-03-24
8610530,2024-03-23
8610725,2024-03-23
8611423,2024-03-23
8611706,2024-03-23
8611734,2024-03-23
8611885,2024-03-23
8612080,2024-03-23
8612142,2024-03-23
8612168,2024-03-23
8612374,2024-03-23
8613000,2024-03-25
8613066,2024-03-25
8613510,2024-03-25
8613788,2024-03-25
8614118,2024-03-24
8614282,2024-03-24
8614327,2024-03-24
8614476,2024-03-24
8614571,2024-03-24
8614604,2024-03-24
8614735,2024-03-23
8615600,2024-03-25
8615784,2024-03-24
8615800,2024-03-24
8616175,2024-03-25
8616397,2024-03-25
8616422,2024-03-25
8616660,2024-03-25
8616707,2024-03-25
8616891,2024-03-25
8617162,2024-03-25
8617410,2024-03-25
8617414,2024-03-25
8617503,2024-03-25
8617762,2024-03-25
8617788,2024-03-24
8618142,2024-03-26
8618305,2024-03-24
8618457,2024-03-26
8618918,2024-03-25
8619054,2024-03-25
8619267,2024-03-26
8619413,2024-03-26
8619416,2024-03-26
8619456,2024-03-26
8619521,2024-03-26
8619632,2024-03-26
8619881,2024-03-26
8620808,2024-03-26
8620853,2024-03-23
8620892,2024-03-26
8621119,2024-03-23
8621199,2024-03-24
8622011,2024-03-24
8622048,2024-03-24
8622483,2024-03-24
8622597,2024-03-25
8622756,2024-03-25
8622798,2024-03-25
8622859,2024-03-25
8623040,2024-03-25
8623219,2024-03-25
8623236,2024-03-25
8623281,2024-03-25
8623286,2024-03-25
8623342,2024-03-25
8623363,2024-03-25
8623577,2024-03-25
8624651,2024-03-25
8624713,2024-03-25
8624833,2024-03-25
8625169,2024-03-23
8625173,2024-03-25
8625520,2024-03-25
8625611,2024-03-25
8625762,2024-03-25
8625883,2024-03-25
8626147,2024-03-25
8627536,2024-03-27
8627666,2024-03-27
8627851,2024-03-27
8628076,2024-03-26
8628502,2024-03-27
8628768,2024-03-27
8628917,2024-03-27
8629144,2024-03-26
8629152,2024-03-26
8629292,2024-03-27
8629477,2024-03-26
8629691,2024-03-26
8630060,2024-03-26
8630217,2024-03-26
8630887,2024-03-26
8630971,2024-03-26
8631066,2024-03-26
8631074,2024-03-26
8631520,2024-03-26
8631568,2024-03-26
8631661,2024-03-26
8632089,2024-03-26
8632292,2024-03-26
8632422,2024-03-26
8632487,2024-03-26
8632755,2024-03-26
8633307,2024-03-26
8633337,2024-03-26
8633377,2024-03-26
8633665,2024-03-26
8634088,2024-03-26
8634148,2024-03-26
8634983,2024-03-27
8635394,2024-03-27
8635436,2024-03-27
8635990,2024-03-27
8636078,2024-03-26
8636473,2024-03-26
8636788,2024-03-26
8636943,2024-03-26
8638353,2024-03-28
8638740,2024-03-28
8638741,2024-03-28
8638848,2024-03-28
8639081,2024-03-27
8639501,2024-03-27
8639594,2024-03-27
8639740,2024-03-27
8639826,2024-03-27
8640058,2024-03-27
8640281,2024-03-27
8640311,2024-03-27
8640496,2024-03-27
8640792,2024-03-27
8640809,2024-03-27
8640846,2024-03-27
8641002,2024-03-27
8641515,2024-03-27
8641575,2024-03-27
8641677,2024-03-27
8642040,2024-03-27
8642041,2024-03-27
8642077,2024-03-27
8642115,2024-03-27
8642166,2024-03-27
8642330,2024-03-27
8642579,2024-03-27
8643336,2024-03-27
8643401,2024-03-27
8643435,2024-03-27
8643450,2024-03-27
8643759,2024-03-27
8644229,2024-03-27
8644455,2024-03-27
8644693,2024-03-28
8644877,2024-03-28
8646632,2024-03-29
8647460,2024-03-29
8647890,2024-03-28
8647986,2024-03-28
8648040,2024-03-28
8648155,2024-03-28
8648164,2024-03-28
8648295,2024-03-28
8648489,2024-03-28
8648900,2024-03-28
8648994,2024-03-28
8649073,2024-03-28
8649242,2024-03-28
8649337,2024-03-28
8649532,2024-03-28
8649587,2024-03-28
8649604,2024-03-28
8649666,2024-03-28
8649917,2024-03-28
8650598,2024-03-28
8650722,2024-03-28
8650759,2024-03-28
8651519,2024-03-28
8651550,2024-03-28
8652910,2024-03-29
8653201,2024-03-29
8654222,2024-03-30
8654471,2024-03-30
8654820,2024-03-30
8654847,2024-03-30
8655100,2024-03-30
8655165,2024-03-30
8655345,2024-03-30
8655491,2024-03-30
8655529,2024-03-30
8655657,2024-03-29
8655841,2024-03-29
8656131,2024-03-29
8656168,2024-03-29
8656246,2024-03-29
8656274,2024-03-29
8656507,2024-03-29
8656681,2024-03-29
8656723,2024-03-29
8656740,2024-03-29
8656804,2024-03-29
8657045,2024-03-29
8657058,2024-03-29
8657065,2024-03-29
8657071,2024-03-29
8657105,2024-03-29
8657203,2024-03-29
8657309,2024-03-29
8657457,2024-03-29
8657780,2024-03-29
8657956,2024-03-29
8658543,2024-03-29
8658559,2024-03-29
8658652,2024-03-29
8659181,2024-03-29
8659296,2024-03-30
8659328,2024-03-30
8659541,2024-03-30
8659762,2024-03-30
8659947,2024-03-30
8660424,2024-03-31
8660525,2024-03-31
8660692,2024-03-31
8661067,2024-03-30
8661102,2024-03-30
8661233,2024-03-30
8661338,2024-03-30
8661416,2024-03-30
8661565,2024-03-30
8661610,2024-03-30
8661787,2024-03-30
8661798,2024-03-30
8661873,2024-03-30
8662218,2024-03-30
8662380,2024-03-30
8662512,2024-03-31
8662721,2024-03-31
8662756,2024-03-31
8662790,2024-03-31
8662796,2024-03-31
8662852,2024-03-31
8663566,2024-04-01
8663588,2024-04-01
8664118,2024-04-01
8664302,2024-03-31
8664949,2024-03-31
8665019,2024-03-31
8665151,2024-03-31
8665243,2024-03-31
8665281,2024-03-31
8665473,2024-04-01
8665668,2024-04-01
8665670,2024-04-01
8665703,2024-04-01
8666321,2024-04-01
8666664,2024-04-01
8666766,2024-04-01
8666800,2024-04-01
8668047,2024-04-01
8668117,2024-04-01
8668386,2024-04-02
8668597,2024-04-02
8668781,2024-04-02
8668787,2024-04-02
8669091,2024-04-02
8670746,2024-04-01
8670760,2024-04-01
8670807,2024-04-01
8670868,2024-04-01
8670882,2024-04-01
8671231,2024-04-01
8671368,2024-04-01
8671384,2024-04-01
8671465,2024-04-01
8671731,2024-04-01
8671837,2024-04-01
8672201,2024-04-01
8672255,2024-04-01
8672283,2024-04-01
8672333,2024-04-01
8672565,2024-04-01
8672589,2024-04-01
8672633,2024-04-01
8672702,2024-04-01
8673045,2024-04-01
8673091,2024-04-01
8673262,2024-04-01
8673472,2024-04-01
8673498,2024-04-01
8673749,2024-04-01
8674074,2024-04-01
8674092,2024-03-28
8674354,2024-04-02
8674448,2024-04-02
8674478,2024-04-02
8674984,2024-04-02
8674988,2024-04-02
8674993,2024-04-02
8675136,2024-04-02
8676039,2024-04-01
8676104,2024-04-01
8677080,2024-04-02
8677356,2024-04-03
8677582,2024-04-03
8677972,2024-04-03
8678013,2024-04-03
8678036,2024-04-03
8678058,2024-04-03
8678187,2024-04-03
8678199,2024-04-02
8678309,2024-04-03
8678399,2024-04-03
8678842,2024-04-02
8678983,2024-04-02
8679154,2024-04-02
8679214,2024-04-02
8679218,2024-04-02
8679238,2024-04-02
8679366,2024-04-02
8679757,2024-04-02
8679814,2024-04-02
8679904,2024-04-02
8680120,2024-04-02
8680578,2024-04-02
8680801,2024-04-02
8680935,2024-04-02
8681090,2024-04-02
8681095,2024-04-02
8681097,2024-04-02
8681330,2024-04-02
8681355,2024-04-02
8681722,2024-04-02
8682083,2024-04-02
8682400,2024-04-02
8682532,2024-04-02
8682627,2024-04-02
8682666,2024-04-02
8682674,2024-04-02
8682889,2024-04-02
8682899,2024-04-02
8683008,2024-04-02
8683220,2024-04-04
8683316,2024-04-03
8683862,2024-04-04
8683871,2024-04-04
8684225,2024-04-03
8684370,2024-04-04
8684848,2024-04-03
8684854,2024-04-03
8685752,2024-04-03
8685753,2024-04-03
8686086,2024-04-04
8686325,2024-04-04
8686366,2024-04-05
8686370,2024-04-04
8686471,2024-04-04
8686508,2024-04-03
8686592,2024-04-04
8686818,2024-04-04
8687274,2024-04-04
8687589,2024-04-05
8687785,2024-04-03
8687802,2024-04-05
8687864,2024-04-03
8687883,2024-04-05
8687933,2024-04-04
8687998,2024-04-03
8688294,2024-04-03
8688789,2024-04-05
8688902,2024-04-05
8688961,2024-04-05
8688975,2024-04-05
8689045,2024-04-04
8689658,2024-04-03
8689675,2024-04-03
8690025,2024-04-05
8690215,2024-04-04
8690433,2024-04-05
8690674,2024-04-05
8691124,2024-04-03
8691272,2024-04-03
8691323,2024-04-03
8691469,2024-04-04
8691822,2024-04-04
8691925,2024-04-03
8691991,2024-04-03
8692101,2024-04-03
8692594,2024-04-04
8692686,2024-04-04
8692713,2024-04-04
8692722,2024-04-04
8692738,2024-04-04
8693038,2024-04-04
8693071,2024-04-04
8693181,2024-04-04
8693451,2024-04-03
8693828,2024-04-03
8694408,2024-04-03
8694950,2024-04-04
8695021,2024-04-04
8695273,2024-04-04
8695400,2024-04-04
8695429,2024-04-04
8695525,2024-04-04
8695799,2024-04-04
8696127,2024-04-05
8696357,2024-04-04
8696595,2024-04-04
8696729,2024-04-03
8696961,2024-04-04
8697050,2024-04-04
8697297,2024-04-04
8697413,2024-04-04
8697669,2024-04-04
8697794,2024-04-04
8697909,2024-04-04
8698615,2024-04-03
8699104,2024-04-05
8699112,2024-04-05
8700792,2024-04-03
8701062,2024-04-03
8701427,2024-04-03
8701464,2024-04-03
8701542,2024-04-03
8702729,2024-04-03
8702781,2024-04-03
8703319,2024-04-05
8704477,2024-04-06
8704913,2024-04-06
8705144,2024-04-05
8705236,2024-04-05
8705680,2024-04-05
8705870,2024-04-05
8705943,2024-04-05
8706072,2024-04-05
8706090,2024-04-05
8706250,2024-04-05
8706254,2024-04-05
8706861,2024-04-05
8706937,2024-04-05
8707025,2024-04-05
8707027,2024-04-05
8707064,2024-04-05
8707281,2024-04-05
8707299,2024-04-05
8707559,2024-04-05
8707696,2024-04-05
8707803,2024-04-05
8707872,2024-04-05
8708948,2024-04-05
8710568,2024-04-07
8710675,2024-04-07
8710723,2024-04-07
8711040,2024-04-07
8711487,2024-04-07
8712276,2024-04-07
8712492,2024-04-07
8712618,2024-04-07
8712792,2024-04-06
8712858,2024-04-06
8713019,2024-04-06
8713080,2024-04-06
8713201,2024-04-06
8713264,2024-04-06
8713279,2024-04-06
8713297,2024-04-06
8713893,2024-04-06
8713969,2024-04-06
8713986,2024-04-06
8714159,2024-04-06
8714230,2024-04-06
8714319,2024-04-06
8714572,2024-04-06
8714618,2024-04-06
8714622,2024-04-06
8714997,2024-04-06
8715190,2024-04-06
8715505,2024-04-08
8715687,2024-04-07
8716057,2024-04-07
8716104,2024-04-07
8716150,2024-04-07
8716172,2024-04-07
8716315,2024-04-07
8716333,2024-04-07
8716720,2024-04-08
8716722,2024-04-08
8716793,2024-04-08
8716923,2024-04-07
8717054,2024-04-07
8717253,2024-04-07
8717278,2024-04-08
8717570,2024-04-08
8717576,2024-04-08
8717764,2024-04-08
8717896,2024-04-08
8718043,2024-04-08
8718196,2024-04-08
8718292,2024-04-08
8718456,2024-04-08
8719335,2024-04-08
8719369,2024-04-08
8719585,2024-04-08
8720110,2024-04-08
8720204,2024-04-09
8720260,2024-04-09
8720309,2024-04-09
8720335,2024-04-09
8720952,2024-04-08
8721244,2024-04-09
8721330,2024-04-09
8721367,2024-04-09
8721641,2024-04-09
8722166,2024-04-09
8722326,2024-04-08
8722436,2024-04-08
8722522,2024-04-08
8722564,2024-04-08
8722789,2024-04-08
8722914,2024-04-08
8722942,2024-04-08
8722959,2024-04-08
8723176,2024-04-08
8723602,2024-04-08
8723898,2024-04-08
8723999,2024-04-08
8724156,2024-04-08
8724461,2024-04-08
8724730,2024-04-08
8724914,2024-04-08
8725234,2024-04-08
8725481,2024-04-08
8725548,2024-04-08
8725656,2024-04-08
8725895,2024-04-08
8726135,2024-04-08
8726216,2024-04-08
8726289,2024-04-08
8726599,2024-04-08
8727045,2024-04-08
8727489,2024-04-09
8727851,2024-04-09
8727877,2024-04-09
8728265,2024-04-09
8728804,2024-04-09
8728833,2024-04-09
8728863,2024-04-09
8729746,2024-04-09
8729832,2024-04-09
8729857,2024-04-09
8729937,2024-04-09
8729946,2024-04-09
8730488,2024-04-09
8730732,2024-04-10
8730748,2024-04-10
8730775,2024-04-10
8730913,2024-04-10
8731040,2024-04-10
8731073,2024-04-10
8731303,2024-04-09
8731418,2024-04-09
8732077,2024-04-09
8732767,2024-04-10
8732770,2024-04-10
8733252,2024-04-10
8733360,2024-04-09
8733434,2024-04-10
8734344,2024-04-09
8734565,2024-04-09
8734585,2024-04-09
8734765,2024-04-09
8734791,2024-04-09
8734836,2024-04-09
8734846,2024-04-09
8734870,2024-04-09
8734975,2024-04-09
8734978,2024-04-09
8735330,2024-04-09
8735518,2024-04-09
8735589,2024-04-09
8735854,2024-04-09
8737050,2024-04-10
8737107,2024-04-09
8737673,2024-04-10
8737717,2024-04-10
8738125,2024-04-10
8738162,2024-04-10
8738384,2024-04-10
8738545,2024-04-10
8738641,2024-04-10
8738757,2024-04-10
8738776,2024-04-10
8739089,2024-04-10
8739094,2024-04-10
8739198,2024-04-10
8739220,2024-04-10
8739649,2024-04-10
8739805,2024-04-10
8739835,2024-04-10
8740046,2024-04-10
8740056,2024-04-10
8740108,2024-04-10
8740547,2024-04-11
8740712,2024-04-11
8740841,2024-04-10
8741187,2024-04-10
8741457,2024-04-10
8744179,2024-04-10
8744591,2024-04-10
8744967,2024-04-10
8744968,2024-04-10
8745151,2024-04-10
8746080,2024-04-11
8746716,2024-04-11
8747654,2024-04-11
8747748,2024-04-11
8748171,2024-04-11
8748212,2024-04-11
8748967,2024-04-11
8749245,2024-04-11
8749310,2024-04-11
8750346,2024-04-12
8750638,2024-04-12
8751008,2024-04-12
8751095,2024-04-12
8751152,2024-04-12
8751158,2024-04-12
8751267,2024-04-11
8751860,2024-04-11
8752112,2024-04-11
8752312,2024-04-11
8752313,2024-04-11
8752679,2024-04-11
8752706,2024-04-11
8753375,2024-04-11
8753406,2024-04-11
8753422,2024-04-11
8753895,2024-04-11
8754020,2024-04-11
8754250,2024-04-11
8754828,2024-04-11
8754832,2024-04-11
8754856,2024-04-11
8754859,2024-04-11
8754870,2024-04-11
8755231,2024-04-11
8755294,2024-04-11
8755378,2024-04-12
8756038,2024-04-12
8756086,2024-04-12
8756128,2024-04-12
8756399,2024-04-12
8756530,2024-04-12
8756536,2024-04-12
8756570,2024-04-12
8757892,2024-04-12
8758086,2024-04-12
8758885,2024-04-13
8759055,2024-04-12
8759111,2024-04-12
8759819,2024-04-13
8759916,2024-04-13
8760037,2024-04-13
8760435,2024-04-13
8760448,2024-04-13
8760694,2024-04-12
8760807,2024-04-12
8760964,2024-04-12
8761236,2024-04-12
8761365,2024-04-12
8761755,2024-04-12
8761860,2024-04-12
8762134,2024-04-12
8762308,2024-04-12
8762546,2024-04-12
8762599,2024-04-12
8762714,2024-04-12
8762744,2024-04-12
8762807,2024-04-12
8763481,2024-04-12
8763664,2024-04-13
8763697,2024-04-13
8763700,2024-04-13
8763826,2024-04-13
8763910,2024-04-13
8763965,2024-04-13
8764173,2024-04-13
8764255,2024-04-13
8764298,2024-04-13
8764586,2024-04-13
8765270,2024-04-14
8765287,2024-04-14
8765455,2024-04-13
8766039,2024-04-13
8766274,2024-04-13
8766363,2024-04-13
8766366,2024-04-13
8766734,2024-04-13
8767004,2024-04-13
8767146,2024-04-14
8767207,2024-04-14
8767405,2024-04-14
8767448,2024-04-14
8767554,2024-04-14
8767666,2024-04-14
8767926,2024-04-13
8768283,2024-04-15
8768331,2024-04-15
8768724,2024-04-15
8769797,2024-04-14
8769977,2024-04-14
8770024,2024-04-14
8770118,2024-04-14
8770127,2024-04-14
8770172,2024-04-14
8770368,2024-04-14
8770377,2024-04-14
8771379,2024-04-15
8771453,2024-04-15
8771465,2024-04-15
8771531,2024-04-15
8771991,2024-04-15
8772021,2024-04-16
8772368,2024-04-15
8772450,2024-04-15
8772558,2024-04-15
8773003,2024-04-15
8773131,2024-04-16
8773509,2024-04-16
8773698,2024-04-16
8773701,2024-04-16
8774170,2024-04-15
8774687,2024-04-16
8775336,2024-04-16
8775478,2024-04-15
8775489,2024-04-15
8775503,2024-04-15
8775510,2024-04-15
8775514,2024-04-15
8775542,2024-04-15
8775721,2024-04-15
8775770,2024-04-15
8776235,2024-04-15
8776518,2024-04-15
8776565,2024-04-15
8776686,2024-04-15
8776948,2024-04-15
8777363,2024-04-15
8777367,2024-04-15
8777373,2024-04-15
8777709,2024-04-15
8778421,2024-04-15
8778976,2024-04-15
8779027,2024-04-15
8779199,2024-04-15
8779373,2024-04-15
8779396,2024-04-15
8779420,2024-04-15
8779648,2024-04-15
8780069,2024-04-16
8781355,2024-04-16
8781390,2024-04-16
8782095,2024-04-16
8782162,2024-04-16
8782439,2024-04-16
8782448,2024-04-16
8782668,2024-04-16
8782805,2024-04-16
8782815,2024-04-16
8782868,2024-04-16
8783062,2024-04-16
8783123,2024-04-16
8783400,2024-04-16
8783928,2024-04-17
8785135,2024-04-17
8785589,2024-04-17
8785737,2024-04-17
8785862,2024-04-17
8785914,2024-04-17
8785947,2024-04-17
8786013,2024-04-17
8786333,2024-04-16
8786335,2024-04-16
8786407,2024-04-16
8786423,2024-04-16
8786619,2024-04-16
8786749,2024-04-16
8786879,2024-04-16
8787101,2024-04-16
8787337,2024-04-16
8787639,2024-04-16
8787666,2024-04-16
8787756,2024-04-16
8788297,2024-04-16
8788706,2024-04-16
8788850,2024-04-16
8788891,2024-04-16
8789356,2024-04-17
8789361,2024-04-17
8789632,2024-04-17
8789903,2024-04-17
8790226,2024-04-17
8790449,2024-04-17
8790953,2024-04-17
8791170,2024-04-17
8791243,2024-04-17
8791642,2024-04-17
8791960,2024-04-17
8792024,2024-04-17
8792054,2024-04-17
8792349,2024-04-17
8792472,2024-04-17
8792738,2024-04-18
8792822,2024-04-18
8793151,2024-04-17
8793428,2024-04-17
8793449,2024-04-17
8793752,2024-04-17
8794109,2024-04-17
8794154,2024-04-17
8794460,2024-04-18
8794790,2024-04-18
8794797,2024-04-18
8795139,2024-04-17
8795200,2024-04-18
8795446,2024-04-18
8795448,2024-04-18
8795475,2024-04-18
8795733,2024-04-18
8795983,2024-04-17
8796092,2024-04-17
8796232,2024-04-17
8796591,2024-04-17
8796602,2024-04-17
8796659,2024-04-17
8796862,2024-04-17
8797144,2024-04-17
8797179,2024-04-17
8797209,2024-04-17
8797254,2024-04-17
8797403,2024-04-17
8797454,2024-04-17
8798270,2024-04-17
8798362,2024-04-17
8798403,2024-04-17
8798405,2024-04-17
8798428,2024-04-17
8798913,2024-04-18
8799036,2024-04-18
8800131,2024-04-18
8800231,2024-04-18
8800437,2024-04-18
8800547,2024-04-18
8800649,2024-04-18
8800772,2024-04-18
8801000,2024-04-18
8801003,2024-04-18
8801212,2024-04-18
8801532,2024-04-18
8801729,2024-04-18
8802483,2024-04-19
8802559,2024-04-19
8802995,2024-04-18
8803093,2024-04-18
8804020,2024-04-19
8804055,2024-04-19
8804522,2024-04-19
8804678,2024-04-18
8804680,2024-04-18
8804889,2024-04-18
8805050,2024-04-18
8805127,2024-04-18
8805996,2024-04-18
8806343,2024-04-18
8806665,2024-04-18
8806873,2024-04-18
8807250,2024-04-18
8807582,2024-04-18
8808808,2024-04-19
8809005,2024-04-19
8809010,2024-04-19
8809210,2024-04-19
8809378,2024-04-19
8809621,2024-04-19
8809643,2024-04-19
8809650,2024-04-19
8809950,2024-04-19
8810268,2024-04-19
8810634,2024-04-19
8811002,2024-04-19
8811135,2024-04-19
8811279,2024-04-20
8811386,2024-04-19
8811406,2024-04-19
8811494,2024-04-19
8811641,2024-04-19
8811746,2024-04-20
8811841,2024-04-20
8811847,2024-04-19
8812053,2024-04-20
8812095,2024-04-20
8812449,2024-04-19
8812787,2024-04-19
8813027,2024-04-19
8813137,2024-04-19
8813203,2024-04-19
8813869,2024-04-19
8814300,2024-04-19
8814591,2024-04-19
8816017,2024-04-19
8816254,2024-04-20
8816916,2024-04-21
8816978,2024-04-21
8816981,2024-04-20
8817172,2024-04-21
8817427,2024-04-20
8817533,2024-04-20
8817545,2024-04-20
8817564,2024-04-20
8817711,2024-04-20
8817871,2024-04-20
8817874,2024-04-20
8817915,2024-04-20
8818061,2024-04-20
8818207,2024-04-20
8818259,2024-04-20
8818769,2024-04-20
8818912,2024-04-20
8818955,2024-04-20
8819181,2024-04-20
8819191,2024-04-20
8819645,2024-04-20
8820155,2024-04-20
8820193,2024-04-20
8820818,2024-04-22
8821063,2024-04-22
8821419,2024-04-22
8821737,2024-04-22
8821923,2024-04-22
8821993,2024-04-22
8822375,2024-04-21
8822587,2024-04-21
8822606,2024-04-21
8823047,2024-04-21
8823162,2024-04-21
8823338,2024-04-21
8823421,2024-04-21
8823449,2024-04-21
8824062,2024-04-21
8824756,2024-04-21
8825028,2024-04-20
8825029,2024-04-20
8825071,2024-04-21
8825140,2024-04-20
8825231,2024-04-23
8825295,2024-04-22
8825400,2024-04-22
8825485,2024-04-23
8826371,2024-04-23
8826421,2024-04-23
8826652,2024-04-22
8826787,2024-04-22
8826882,2024-04-22
8826895,2024-04-23
8826907,2024-04-22
8827038,2024-04-22
8827060,2024-04-22
8827065,2024-04-23
8827250,2024-04-22
8827493,2024-04-22
8827666,2024-04-22
8827990,2024-04-22
8828043,2024-04-22
8828052,2024-04-22
8828254,2024-04-22
8828289,2024-04-22
8828339,2024-04-22
8828619,2024-04-22
8828640,2024-04-22
8828662,2024-04-22
8828916,2024-04-22
8829057,2024-04-22
8829104,2024-04-22
8829305,2024-04-22
8829403,2024-04-22
8830179,2024-04-22
8830318,2024-04-22
8830828,2024-04-22
8830895,2024-04-22
8831188,2024-04-22
8831296,2024-04-22
8831346,2024-04-22
8831512,2024-04-22
8831829,2024-04-22
8832230,2024-04-23
8832281,2024-04-23
8832377,2024-04-23
8832798,2024-04-23
8832848,2024-04-23
8833162,2024-04-23
8833294,2024-04-23
8833306,2024-04-23
8833348,2024-04-23
8833414,2024-04-23
8833869,2024-04-22
8834241,2024-04-22
8835666,2024-04-22
8835987,2024-04-24
8836484,2024-04-24
8836919,2024-04-24
8837371,2024-04-23
8837668,2024-04-24
8837740,2024-04-23
8837786,2024-04-23
8838308,2024-04-23
8838359,2024-04-23
8838409,2024-04-23
8838463,2024-04-23
8838478,2024-04-23
8838498,2024-04-23
8838785,2024-04-23
8838878,2024-04-23
8838880,2024-04-23
8838893,2024-04-23
8839192,2024-04-23
8839216,2024-04-23
8839271,2024-04-23
8839707,2024-04-23
8839749,2024-04-23
8840118,2024-04-23
8840490,2024-04-23
8840609,2024-04-23
8840718,2024-04-23
8841046,2024-04-23
8841100,2024-04-23
8841498,2024-04-23
8841540,2024-04-23
8841602,2024-04-23
8841657,2024-04-23
8841779,2024-04-23
8841808,2024-04-23
8841959,2024-04-23
8841978,2024-04-23
8842485,2024-04-23
8842576,2024-04-23
8842901,2024-04-23
8842976,2024-04-23
8843218,2024-04-23
8843226,2024-04-23
8843242,2024-04-23
8843346,2024-04-23
8843379,2024-04-23
8844453,2024-04-24
8844592,2024-04-24
8845052,2024-04-24
8845070,2024-04-24
8845154,2024-04-24
8845239,2024-04-24
8845322,2024-04-24
8845486,2024-04-24
8845525,2024-04-25
8845722,2024-04-24
8845883,2024-04-24
8846330,2024-04-24
8846492,2024-04-24
8846765,2024-04-25
8846839,2024-04-25
8846927,2024-04-25
8847127,2024-04-25
8847166,2024-04-24
8847442,2024-04-24
8847478,2024-04-24
8847659,2024-04-24
8847869,2024-04-24
8847941,2024-04-24
8848116,2024-04-24
8848169,2024-04-24
8848741,2024-04-25
8848778,2024-04-25
8849274,2024-04-25
8849406,2024-04-24
8849527,2024-04-25
8849593,2024-04-24
8850035,2024-04-24
8850440,2024-04-24
8850561,2024-04-24
8850875,2024-04-24
8850932,2024-04-24
8850997,2024-04-24
8851069,2024-04-24
8851130,2024-04-24
8851513,2024-04-24
8851553,2024-04-24
8852058,2024-04-24
8852168,2024-04-24
8852363,2024-04-24
8852548,2024-04-24
8852689,2024-04-24
8852879,2024-04-24
8853147,2024-04-24
8853184,2024-04-24
8853625,2024-04-24
8853849,2024-04-25
8853953,2024-04-25
8854753,2024-04-25
8854929,2024-04-25
8854942,2024-04-25
8855139,2024-04-25
8855141,2024-04-25
8855386,2024-04-25
8855567,2024-04-25
8855931,2024-04-25
8856470,2024-04-25
8857072,2024-04-25
8857296,2024-04-25
8857299,2024-04-25
8857523,2024-04-25
8858217,2024-04-25
8858253,2024-04-25
8858390,2024-04-25
8858395,2024-04-25
8858831,2024-04-25
8858878,2024-04-25
8858895,2024-04-25
8859006,2024-04-25
8859454,2024-04-25
8859489,2024-04-25
8859507,2024-04-25
8859514,2024-04-25
8860133,2024-04-25
8860400,2024-04-25
8860696,2024-04-25
8860833,2024-04-26
8861456,2024-04-26
8861478,2024-04-26
8861589,2024-04-26
8861853,2024-04-26
8861910,2024-04-26
8861962,2024-04-26
8862389,2024-04-26
8862505,2024-04-26
8863013,2024-04-25
8863082,2024-04-25
8863202,2024-04-26
8863362,2024-04-26
8863471,2024-04-26
8863779,2024-04-26
8863786,2024-04-26
8864379,2024-04-26
8864807,2024-04-26
8865259,2024-04-25
8865395,2024-04-26
8866644,2024-04-25
8866743,2024-04-27
8866763,2024-04-25
8866815,2024-04-25
8866874,2024-04-25
8867008,2024-04-27
8867246,2024-04-27
8867336,2024-04-27
8867669,2024-04-26
8867684,2024-04-26
8867699,2024-04-26
8867859,2024-04-26
8867865,2024-04-26
8867905,2024-04-26
8868490,2024-04-26
8868614,2024-04-26
8868670,2024-04-26
8868908,2024-04-26
8869046,2024-04-26
8869436,2024-04-26
8869838,2024-04-26
8869979,2024-04-26
8869988,2024-04-26
8870384,2024-04-26
8870521,2024-04-26
8870874,2024-04-26
8871370,2024-04-27
8871494,2024-04-27
8872205,2024-04-27
8872658,2024-04-27
8872827,2024-04-27
8873360,2024-04-28
8873680,2024-04-28
8874034,2024-04-27
8874086,2024-04-27
8874140,2024-04-27
8874373,2024-04-27
8874384,2024-04-27
8875016,2024-04-27
8875402,2024-04-27
8875697,2024-04-28
8875834,2024-04-28
8875949,2024-04-28
8875957,2024-04-28
8876191,2024-04-28
8876212,2024-04-28
8876279,2024-04-28
8876642,2024-04-28
8877400,2024-04-28
8878295,2024-04-29
8879069,2024-04-28
8879506,2024-04-28
8879569,2024-04-28
8879777,2024-04-28
8879902,2024-04-28
8879962,2024-04-28
8880964,2024-04-29
8881192,2024-04-29
8881530,2024-04-29
8881541,2024-04-29
8881545,2024-04-29
8881937,2024-04-29
8881974,2024-04-29
8882247,2024-04-29
8882291,2024-04-29
8882322,2024-04-29
8882571,2024-04-29
8882604,2024-04-29
8882609,2024-04-30
8882669,2024-04-29
8882706,2024-04-29
8882976,2024-04-29
8883094,2024-04-29
8883144,2024-04-29
8883315,2024-04-29
8883338,2024-04-29
8883571,2024-04-30
8883633,2024-04-30
8883720,2024-04-30
8884214,2024-04-29
8884219,2024-04-29
8884934,2024-04-29
8884984,2024-04-29
8885150,2024-04-29
8885391,2024-04-29
8885687,2024-04-29
8885932,2024-04-29
8886250,2024-04-29
8886852,2024-04-29
8887585,2024-04-30
8887842,2024-04-30
8887845,2024-04-30
8887980,2024-04-30
8888176,2024-04-30
8888526,2024-04-30
8888633,2024-04-30
8888750,2024-04-29
8889046,2024-04-29
8889105,2024-04-29
8889209,2024-04-29
8889220,2024-04-29
8889326,2024-04-29
8889379,2024-04-30
8889817,2024-04-30
8889866,2024-04-30
8889892,2024-04-30
8889944,2024-04-30
8890437,2024-04-30
8890487,2024-04-30
8892267,2024-05-01
8892391,2024-05-01
8892405,2024-05-01
8892697,2024-05-01
8892782,2024-05-01
8892865,2024-05-01
8892872,2024-05-01
8893827,2024-05-01
8893831,2024-05-01
8893856,2024-05-01
8894314,2024-04-30
8894718,2024-04-30
8894862,2024-04-30
8894984,2024-04-30
8895084,2024-04-30
8895146,2024-04-30
8895339,2024-04-30
8895429,2024-04-30
8895647,2024-04-30
8896673,2024-04-30
8896708,2024-04-30
8896723,2024-04-30
8896749,2024-04-30
8896759,2024-04-30
8896762,2024-04-30
8896800,2024-04-30
8897014,2024-04-30
8897153,2024-04-30
8897383,2024-04-30
8897469,2024-04-30
8897609,2024-04-30
8897641,2024-04-30
8897691,2024-04-30
8898048,2024-04-30
8898263,2024-04-30
8898329,2024-04-30
8898396,2024-04-30
8902008,2024-05-02
8902295,2024-05-02
8902475,2024-05-01
8902477,2024-05-02
8902550,2024-05-02
8902789,2024-05-01
8902934,2024-05-01
8902974,2024-05-01
8903031,2024-05-01
8903177,2024-05-01
8903305,2024-05-01
8903448,2024-05-01
8903450,2024-05-01
8903472,2024-05-01
8903638,2024-05-01
8903780,2024-05-01
8903896,2024-05-01
8903911,2024-05-01
8904017,2024-05-01
8904099,2024-05-01
8904123,2024-05-01
8904357,2024-05-01
8904462,2024-05-01
8904550,2024-05-01
8904586,2024-05-01
8905052,2024-05-01
8905468,2024-05-01
8905762,2024-05-01
8906072,2024-05-01
8907433,2024-05-02
8907435,2024-05-02
8907806,2024-05-02
8908490,2024-05-02
8908534,2024-05-02
8908697,2024-05-02
8908735,2024-05-02
8908940,2024-05-02
8909083,2024-05-02
8909463,2024-05-03
8909601,2024-05-02
8910181,2024-05-02
8910864,2024-05-03
8911851,2024-05-03
8912730,2024-05-03
8912799,2024-05-03
8913186,2024-05-03
8913237,2024-05-03
8913394,2024-05-03
8913588,2024-05-02
8913677,2024-05-02
8913884,2024-05-02
8913891,2024-05-02
8914438,2024-05-02
8914941,2024-05-02
8914979,2024-05-02
8915146,2024-05-02
8915222,2024-05-02
8915244,2024-05-02
8915496,2024-05-02
8915919,2024-05-02
8915998,2024-05-02
8916639,2024-05-02
8917361,2024-05-02
8917371,2024-05-02
8917487,2024-05-02
8917576,2024-05-02
8917674,2024-05-02
8917938,2024-05-03
8917989,2024-05-02
8918947,2024-05-03
8918997,2024-05-04
8919777,2024-05-04
8919914,2024-05-04
8920456,2024-05-03
8920751,2024-05-03
8921031,2024-05-03
8921101,2024-05-03
8922012,2024-05-03
8922124,2024-05-03
8922615,2024-05-03
8922670,2024-05-03
8922782,2024-05-03
8922910,2024-05-03
8922946,2024-05-03
8923091,2024-05-04
8923424,2024-05-03
8924764,2024-05-04
8925418,2024-05-04
8925865,2024-05-03
8926274,2024-05-03
8926411,2024-05-03
8926591,2024-05-03
8926896,2024-05-03
8926954,2024-05-04
8927298,2024-05-03
8928211,2024-05-04
8928572,2024-05-04
8928811,2024-05-04
8929012,2024-05-04
8929099,2024-05-04
8929114,2024-05-04
8929157,2024-05-04
8929296,2024-05-04
8929459,2024-05-04
8929554,2024-05-04
8929698,2024-05-04
8929822,2024-05-04
8930269,2024-05-04
8930409,2024-05-04
8930648,2024-05-03
8930653,2024-05-03
8930796,2024-05-05
8931018,2024-05-05
8931052,2024-05-05
8931058,2024-05-05
8931219,2024-05-05
8931801,2024-05-05
8931915,2024-05-05
8931920,2024-05-05
8932413,2024-05-06
8932797,2024-05-06
8933048,2024-05-06
8933191,2024-05-06
8933681,2024-05-05
8933684,2024-05-05
8933947,2024-05-05
8934136,2024-05-05
8934229,2024-05-05
8934590,2024-05-05
8934983,2024-05-05
8934986,2024-05-05
8935105,2024-05-05
8935447,2024-05-06
8935807,2024-05-06
8935818,2024-05-06
8935884,2024-05-06
8936020,2024-05-06
8936061,2024-05-06
8936592,2024-05-06
8936657,2024-05-06
8936904,2024-05-06
8936913,2024-05-06
8937535,2024-05-07
8937978,2024-05-07
8938451,2024-05-07
8938599,2024-05-07
8939181,2024-05-07
8940059,2024-05-07
8940066,2024-05-06
8940109,2024-05-06
8940344,2024-05-06
8940673,2024-05-06
8940730,2024-05-06
8941052,2024-05-06
8941058,2024-05-06
8941473,2024-05-06
8941591,2024-05-06
8941844,2024-05-06
8942050,2024-05-06
8942120,2024-05-06
8942476,2024-05-06
8942578,2024-05-06
8942724,2024-05-06
8942745,2024-05-06
8942921,2024-05-06
8942972,2024-05-06
8943201,2024-05-06
8943441,2024-05-06
8943453,2024-05-06
8943669,2024-05-06
8943740,2024-05-06
8943741,2024-05-06
8944056,2024-05-06
8944089,2024-05-06
8944105,2024-05-06
8944181,2024-05-06
8944601,2024-05-07
8946094,2024-05-07
8946265,2024-05-07
8946505,2024-05-07
8947127,2024-05-07
8947767,2024-05-07
8948118,2024-05-07
8948194,2024-05-07
8948518,2024-05-07
8948555,2024-05-07
8949167,2024-05-08
8949460,2024-05-08
8949728,2024-05-07
8949822,2024-05-07
8949895,2024-05-08
8950155,2024-05-08
8950314,2024-05-07
8950663,2024-05-07
8950748,2024-05-07
8951428,2024-05-07
8952358,2024-05-07
8952559,2024-05-07
8952617,2024-05-07
8952762,2024-05-07
8952993,2024-05-07
8953050,2024-05-07
8953105,2024-05-07
8953198,2024-05-07
8953331,2024-05-07
8953431,2024-05-07
8953464,2024-05-07
8953474,2024-05-07
8953959,2024-05-07
8954026,2024-05-07
8954442,2024-05-07
8954478,2024-05-07
8954668,2024-05-07
8954788,2024-05-07
8956325,2024-05-09
8957233,2024-05-08
8957328,2024-05-08
8957557,2024-05-08
8957850,2024-05-08
8958023,2024-05-08
8958116,2024-05-08
8958272,2024-05-08
8958413,2024-05-08
8958477,2024-05-08
8958536,2024-05-08
8958685,2024-05-08
8959232,2024-05-08
8959574,2024-05-08
8959616,2024-05-08
8959704,2024-05-08
8959785,2024-05-08
8959819,2024-05-08
8959965,2024-05-08
8960225,2024-05-08
8960375,2024-05-08
8960439,2024-05-08
8960814,2024-05-08
8960971,2024-05-08
8962016,2024-05-09
8963075,2024-05-09
8963137,2024-05-09
8963800,2024-05-09
8964060,2024-05-08
8964219,2024-05-08
8964262,2024-05-08
8964518,2024-05-08
8964802,2024-05-08
8964839,2024-05-08
8965084,2024-05-08
8965204,2024-05-08
8965269,2024-05-08
8965271,2024-05-08
8965686,2024-05-08
8965870,2024-05-08
8966830,2024-05-09
8967326,2024-05-10
8968074,2024-05-09
8968088,2024-05-09
8968238,2024-05-09
8968492,2024-05-09
8969000,2024-05-09
8969043,2024-05-09
8969370,2024-05-09
8969687,2024-05-09
8970518,2024-05-09
8970595,2024-05-10
8971484,2024-05-09
8971527,2024-05-09
8971538,2024-05-09
8971555,2024-05-09
8971584,2024-05-09
8971891,2024-05-09
8972667,2024-05-09
8972738,2024-05-09
8973097,2024-05-09
8973394,2024-05-09
8973545,2024-05-09
8973796,2024-05-09
8973916,2024-05-09
8974146,2024-05-09
8974380,2024-05-09
8974469,2024-05-09
8974862,2024-05-09
8975661,2024-05-10
8976235,2024-05-11
8976443,2024-05-11
8976523,2024-05-11
8976793,2024-05-11
8976952,2024-05-11
8976995,2024-05-11
8977516,2024-05-10
8977728,2024-05-10
8977922,2024-05-10
8978081,2024-05-10
8978247,2024-05-10
8978415,2024-05-10
8978471,2024-05-10
8978933,2024-05-10
8979180,2024-05-10
8979747,2024-05-10
8980272,2024-05-10
8980530,2024-05-10
8980566,2024-05-10
8980597,2024-05-10
8980785,2024-05-10
8980919,2024-05-10
8981040,2024-05-10
8981434,2024-05-10
8981577,2024-05-10
8981747,2024-05-10
8982051,2024-05-10
8982245,2024-05-10
8982393,2024-05-10
8982421,2024-05-11
8982981,2024-05-10
8983052,2024-05-10
8983208,2024-05-10
8984098,2024-05-11
8984126,2024-05-11
8984144,2024-05-11
8984340,2024-05-11
8984395,2024-05-11
8984887,2024-05-11
8985081,2024-05-11
8985266,2024-05-12
8985283,2024-05-12
8985289,2024-05-12
8985314,2024-05-12
8985317,2024-05-12
8985381,2024-05-12
8985562,2024-05-12
8986198,2024-05-11
8986326,2024-05-11
8986544,2024-05-11
8986690,2024-05-11
8987271,2024-05-11
8987397,2024-05-11
8987524,2024-05-11
8987546,2024-05-11
8988020,2024-05-12
8988336,2024-05-12
8988340,2024-05-12
8988451,2024-05-12
8988601,2024-05-12
8988653,2024-05-11
8988731,2024-05-12
8988754,2024-05-11
8989053,2024-05-13
8989364,2024-05-13
8989805,2024-05-13
8989918,2024-05-12
8989975,2024-05-12
8990062,2024-05-12
8990322,2024-05-12
8990432,2024-05-12
8990741,2024-05-12
8990745,2024-05-12
8990918,2024-05-12
8990987,2024-05-12
8990993,2024-05-12
8991006,2024-05-12
8991010,2024-05-12
8991592,2024-05-14
8993287,2024-05-14
8993556,2024-05-14
8993856,2024-05-13
8993901,2024-05-13
8993981,2024-05-13
8994028,2024-05-13
8994149,2024-05-13
8994411,2024-05-13
8994477,2024-05-13
8994684,2024-05-13
8994837,2024-05-13
8994889,2024-05-13
8994994,2024-05-13
8995043,2024-05-13
8995250,2024-05-13
8995689,2024-05-13
8995727,2024-05-13
8995851,2024-05-13
8995910,2024-05-13
8996498,2024-05-13
8996681,2024-05-13
8996832,2024-05-13
8997238,2024-05-13
8997364,2024-05-13
8997451,2024-05-13
8997572,2024-05-13
8997645,2024-05-13
8997695,2024-05-13
8997712,2024-05-13
8998055,2024-05-13
8998317,2024-05-13
8998552,2024-05-13
8998570,2024-05-13
8998847,2024-05-13
8999053,2024-05-13
8999537,2024-05-13
9000008,2024-05-13
9000221,2024-05-13
9000283,2024-05-13
9000683,2024-05-14
9000748,2024-05-15
9001123,2024-05-14
9001246,2024-05-14
9001900,2024-05-15
9002043,2024-05-14
9002155,2024-05-15
9002230,2024-05-14
9002603,2024-05-14
9002627,2024-05-14
9002796,2024-05-14
9003524,2024-05-14
9003714,2024-05-14
9003732,2024-05-14
9004332,2024-05-14
9005482,2024-05-14
9005536,2024-05-14
9005925,2024-05-14
9006149,2024-05-14
9006363,2024-05-14
9006439,2024-05-14
9006553,2024-05-14
9006768,2024-05-14
9006958,2024-05-14
9006971,2024-05-14
9007078,2024-05-14
9007186,2024-05-14
9007536,2024-05-14
9008014,2024-05-15
9009524,2024-05-15
9010205,2024-05-14
9010482,2024-05-14
9010957,2024-05-14
9011059,2024-05-14
9011359,2024-05-14
9011871,2024-05-15
9012234,2024-05-15
9012241,2024-05-15
9012416,2024-05-15
9012915,2024-05-15
9013085,2024-05-15
9013100,2024-05-15
9013504,2024-05-15
9013650,2024-05-15
9013916,2024-05-16
9016477,2024-05-16
9016624,2024-05-16
9016768,2024-05-16
9016770,2024-05-16
9016946,2024-05-16
9017186,2024-05-16
9017449,2024-05-15
9017571,2024-05-16
9018143,2024-05-15
9018176,2024-05-15
9018208,2024-05-15
9018348,2024-05-15
9018916,2024-05-15
9019382,2024-05-15
9019408,2024-05-15
9019559,2024-05-15
9019714,2024-05-15
9019788,2024-05-15
9019795,2024-05-15
9020668,2024-05-15
9021172,2024-05-15
9021265,2024-05-15
9021501,2024-05-15
9021553,2024-05-15
9021728,2024-05-17
9022020,2024-05-17
9022078,2024-05-17
9022157,2024-05-17
9022164,2024-05-17
9022175,2024-05-17
9022285,2024-05-17
9022409,2024-05-17
9022418,2024-05-17
9022811,2024-05-16
9022842,2024-05-17
9023191,2024-05-16
9023336,2024-05-17
9023345,2024-05-16
9023435,2024-05-16
9023762,2024-05-16
9023780,2024-05-16
9023804,2024-05-16
9024153,2024-05-16
9024242,2024-05-16
9024466,2024-05-16
9024598,2024-05-16
9024617,2024-05-16
9024663,2024-05-16
9024945,2024-05-16
9024971,2024-05-16
9025355,2024-05-16
9025474,2024-05-16
9025831,2024-05-16
9025834,2024-05-16
9025966,2024-05-16
9026256,2024-05-16
9026275,2024-05-16
9026896,2024-05-16
9026951,2024-05-16
9026955,2024-05-16
9027011,2024-05-16
9027040,2024-05-16
9027318,2024-05-16
9027446,2024-05-16
9027589,2024-05-16
9027901,2024-05-16
9028708,2024-05-16
9029035,2024-05-17
9029213,2024-05-16
9029326,2024-05-16
9029378,2024-05-16
9030353,2024-05-17
9030514,2024-05-18
9030828,2024-05-17
9031696,2024-05-17
9032034,2024-05-17
9032241,2024-05-17
9032458,2024-05-17
9032778,2024-05-18
9033285,2024-05-17
9034017,2024-05-17
9034465,2024-05-17
9034855,2024-05-17
9035466,2024-05-17
9035514,2024-05-17
9036838,2024-05-17
9036967,2024-05-17
9036968,2024-05-17
9037006,2024-05-17
9037012,2024-05-17
9037257,2024-05-17
9037264,2024-05-17
9037376,2024-05-17
9037500,2024-05-17
9037615,2024-05-17
9037672,2024-05-17
9037755,2024-05-17
9037917,2024-05-17
9037990,2024-05-17
9038109,2024-05-17
9038569,2024-05-17
9038573,2024-05-17
9038645,2024-05-17
9039015,2024-05-17
9039594,2024-05-18
9041061,2024-05-18
9041066,2024-05-18
9041279,2024-05-19
9041331,2024-05-19
9041539,2024-05-19
9041676,2024-05-19
9041758,2024-05-19
9041909,2024-05-18
9041911,2024-05-18
9042032,2024-05-18
9042174,2024-05-18
9042219,2024-05-18
9042291,2024-05-18
9042557,2024-05-18
9042649,2024-05-18
9042705,2024-05-18
9042762,2024-05-18
9042860,2024-05-18
9042862,2024-05-18
9042942,2024-05-18
9043113,2024-05-18
9043157,2024-05-18
9043200,2024-05-18
9043493,2024-05-18
9043497,2024-05-18
9043508,2024-05-18
9044462,2024-05-19
9044800,2024-05-19
9044857,2024-05-19
9044980,2024-05-19
9045162,2024-05-19
9045439,2024-05-19
9045479,2024-05-19
9045517,2024-05-19
9045874,2024-05-19
9045989,2024-05-19
9046035,2024-05-19
9046165,2024-05-19
9047378,2024-05-20
9048199,2024-05-20
9048528,2024-05-20
9048685,2024-05-21
9048946,2024-05-20
9049108,2024-05-20
9049173,2024-05-20
9049204,2024-05-20
9049366,2024-05-20
9049859,2024-05-20
9050239,2024-05-20
9050610,2024-05-20
9050622,2024-05-20
9050870,2024-05-20
9050986,2024-05-20
9051122,2024-05-20
9051328,2024-05-20
9051723,2024-05-20
9051957,2024-05-20
9052098,2024-05-20
9052134,2024-05-20
9053456,2024-05-21
9053459,2024-05-21
9053667,2024-05-21
9054022,2024-05-21
9054128,2024-05-21
9054302,2024-05-21
9054860,2024-05-21
9054886,2024-05-21
9055200,2024-05-21
9055382,2024-05-21
9055546,2024-05-21
9055558,2024-05-20
9055662,2024-05-20
9055747,2024-05-20
9055749,2024-05-20
9055838,2024-05-20
9056089,2024-05-20
9056091,2024-05-20
9056531,2024-05-20
9056540,2024-05-20
9056621,2024-05-20
9056818,2024-05-20
9057340,2024-05-20
9057404,2024-05-20
9057709,2024-05-20
9058868,2024-05-20
9059114,2024-05-20
9059213,2024-05-20
9059413,2024-05-20
9059650,2024-05-22
9059703,2024-05-22
9059946,2024-05-22
9060061,2024-05-22
9060105,2024-05-22
9060949,2024-05-22
9060994,2024-05-22
9061029,2024-05-22
9061180,2024-05-22
9061238,2024-05-22
9061303,2024-05-22
9061717,2024-05-21
9061798,2024-05-21
9061882,2024-05-21
9062193,2024-05-21
9062446,2024-05-21
9062459,2024-05-21
9063023,2024-05-21
9063033,2024-05-21
9064140,2024-05-21
9064172,2024-05-21
9064243,2024-05-21
9064372,2024-05-21
9064431,2024-05-21
9064700,2024-05-21
9064720,2024-05-21
9064731,2024-05-21
9064743,2024-05-21
9064795,2024-05-21
9064833,2024-05-21
9064885,2024-05-21
9064917,2024-05-21
9065466,2024-05-21
9065497,2024-05-21
9065539,2024-05-21
9065672,2024-05-21
9066463,2024-05-21
9066880,2024-05-21
9067703,2024-05-21
9068022,2024-05-22
9068827,2024-05-22
9069559,2024-05-22
9069834,2024-05-22
9069863,2024-05-22
9070230,2024-05-22
9070298,2024-05-22
9070317,2024-05-22
9070610,2024-05-22
9070693,2024-05-22
9071021,2024-05-22
9071103,2024-05-22
9071341,2024-05-22
9071514,2024-05-22
9071555,2024-05-22
9071820,2024-05-22
9072365,2024-05-22
9072845,2024-05-22
9073208,2024-05-22
9073349,2024-05-22
9073455,2024-05-22
9073778,2024-05-22
9073837,2024-05-22
9074093,2024-05-22
9074289,2024-05-22
9074312,2024-05-22
9074714,2024-05-22
9074725,2024-05-22
9075566,2024-05-23
9075655,2024-05-23
9075746,2024-05-23
9075767,2024-05-23
9075995,2024-05-23
9076181,2024-05-23
9076489,2024-05-23
9077870,2024-05-23
9078199,2024-05-23
9078285,2024-05-23
9078741,2024-05-24
9078870,2024-05-24
9079164,2024-05-24
9079865,2024-05-24
9080106,2024-05-24
9080188,2024-05-24
9080441,2024-05-24
9080678,2024-05-23
9081156,2024-05-23
9081400,2024-05-23
9081807,2024-05-23
9081869,2024-05-23
9082400,2024-05-23
9082521,2024-05-23
9082900,2024-05-23
9082905,2024-05-23
9082932,2024-05-23
9083118,2024-05-23
9083939,2024-05-23
9083964,2024-05-23
9084422,2024-05-23
9084488,2024-05-23
9084742,2024-05-23
9084870,2024-05-23
9084882,2024-05-23
9084980,2024-05-23
9085185,2024-05-23
9085282,2024-05-23
9085522,2024-05-23
9086349,2024-05-23
9086679,2024-05-23
9086800,2024-05-23
9087428,2024-05-23
9087526,2024-05-23
9087908,2024-05-24
9088146,2024-05-24
9089589,2024-05-24
9089797,2024-05-24
9090417,2024-05-24
9090984,2024-05-24
9091029,2024-05-24
9091083,2024-05-24
9091449,2024-05-24
9091991,2024-05-24
9092202,2024-05-24
9092349,2024-05-24
9092367,2024-05-24
9092444,2024-05-24
9092707,2024-05-24
9092814,2024-05-24
9093086,2024-05-24
9093107,2024-05-24
9093222,2024-05-24
9095203,2024-05-25
9095242,2024-05-25
9095267,2024-05-25
9095992,2024-05-26
9096597,2024-05-25
9098164,2024-05-26
9098450,2024-05-25
9098584,2024-05-25
9098613,2024-05-25
9098735,2024-05-25
9098798,2024-05-25
9098897,2024-05-26
9098902,2024-05-25
9098923,2024-05-25
9098994,2024-05-25
9099296,2024-05-26
9099380,2024-05-25
9099536,2024-05-25
9099636,2024-05-25
9099657,2024-05-25
9099732,2024-05-25
9099733,2024-05-25
9099774,2024-05-25
9099946,2024-05-25
9100118,2024-05-25
9100122,2024-05-25
9100683,2024-05-25
9101078,2024-05-26
9101191,2024-05-26
9101593,2024-05-27
9101707,2024-05-27
9102041,2024-05-27
9102112,2024-05-27
9102840,2024-05-26
9102942,2024-05-26
9103138,2024-05-26
9103694,2024-05-26
9103701,2024-05-26
9103752,2024-05-26
9103764,2024-05-26
9103843,2024-05-26
9104092,2024-05-28
9104132,2024-05-28
9104544,2024-05-27
9105542,2024-05-27
9105945,2024-05-27
9106221,2024-05-27
9106263,2024-05-27
9106765,2024-05-27
9108516,2024-05-28
9108754,2024-05-28
9109403,2024-05-27
9109439,2024-05-27
9109560,2024-05-27
9109628,2024-05-27
9110601,2024-05-27
9110681,2024-05-27
9111021,2024-05-28
9111466,2024-05-28
9111842,2024-05-29
9112023,2024-05-29
9112264,2024-05-29
9112400,2024-05-29
9112734,2024-05-29
9113114,2024-05-29
9113155,2024-05-29
9113327,2024-05-29
9113371,2024-05-28
9113502,2024-05-28
9113650,2024-05-28
9113895,2024-05-28
9114023,2024-05-28
9114207,2024-05-28
9114209,2024-05-28
9114300,2024-05-28
9114796,2024-05-28
9115081,2024-05-28
9115089,2024-05-28
9115641,2024-05-28
9115842,2024-05-28
9116138,2024-05-28
9116160,2024-05-28
9116226,2024-05-28
9116440,2024-05-28
9116534,2024-05-28
9116674,2024-05-28
9116716,2024-05-28
9117915,2024-05-28
9118113,2024-05-28
9118134,2024-05-28
9118437,2024-05-28
9119362,2024-05-28
9119463,2024-05-28
9120404,2024-05-28
9120508,2024-05-28
9120848,2024-05-28
9121234,2024-05-29
9121300,2024-05-29
9121645,2024-05-29
9121757,2024-05-29
9121775,2024-05-29
9121782,2024-05-29
9122018,2024-05-29
9122042,2024-05-29
9122081,2024-05-29
9122215,2024-05-29
9122275,2024-05-29
9122481,2024-05-29
9122979,2024-05-29
9123130,2024-05-29
9123403,2024-05-29
9124100,2024-05-30
9124294,2024-05-30
9124397,2024-05-30
9124947,2024-05-30
9125209,2024-05-30
9125326,2024-05-30
9125398,2024-05-30
9125805,2024-05-29
9125851,2024-05-30
9125939,2024-05-29
9126083,2024-05-29
9126445,2024-05-29
9126631,2024-05-29
9126817,2024-05-29
9127385,2024-05-29
9127657,2024-05-29
9127711,2024-05-29
9127740,2024-05-29
9127890,2024-05-29
9128485,2024-05-29
9128776,2024-05-29
9128929,2024-05-29
9129450,2024-05-29
9129646,2024-05-29
9130157,2024-05-29
9130369,2024-05-29
9131211,2024-05-31
9131245,2024-05-30
9131381,2024-05-31
9131864,2024-05-31
9131953,2024-05-31
9132005,2024-05-31
9132022,2024-05-31
9132061,2024-05-31
9132234,2024-05-31
9132510,2024-05-31
9132996,2024-05-31
9133012,2024-05-31
9133018,2024-05-31
9133028,2024-05-31
9133062,2024-05-31
9133114,2024-05-30
9133276,2024-05-30
9133346,2024-05-30
9133898,2024-05-30
9133986,2024-05-30
9134199,2024-05-30
9134647,2024-05-30
9134694,2024-05-30
9134734,2024-05-30
9135030,2024-05-30
9136061,2024-05-30
9136242,2024-05-30
9136351,2024-05-30
9136690,2024-05-30
9136766,2024-05-30
9136790,2024-05-30
9136832,2024-05-30
9137155,2024-05-30
9137306,2024-05-30
9137359,2024-05-30
9137379,2024-05-30
9137710,2024-05-30
9137716,2024-05-30
9137812,2024-05-30
9137994,2024-05-30
9138025,2024-05-30
9138258,2024-05-30
9138283,2024-05-30
9138361,2024-05-30
9138425,2024-05-30
9138496,2024-05-30
9138547,2024-05-30
9138561,2024-05-30
9139120,2024-05-30
9139335,2024-05-30
9139412,2024-05-30
9139708,2024-05-30
9139891,2024-05-30
9139896,2024-05-30
9140229,2024-05-30
9140300,2024-05-30
9140328,2024-05-30
9140441,2024-05-30
9140498,2024-05-30
9140686,2024-05-30
9140721,2024-05-29
9140986,2024-05-29
9140991,2024-05-30
9141478,2024-06-01
9141764,2024-06-01
9141775,2024-06-01
9141804,2024-05-31
9141818,2024-06-01
9141978,2024-05-31
9143881,2024-05-31
9144047,2024-05-31
9144543,2024-05-31
9144551,2024-05-31
9144761,2024-05-31
9145192,2024-05-31
9145530,2024-05-31
9145660,2024-05-31
9145974,2024-05-31
9146012,2024-05-31
9147073,2024-05-31
9147780,2024-06-01
9147863,2024-05-31
9148888,2024-05-31
9149810,2024-06-01
9150328,2024-06-03
9150464,2024-06-03
9150611,2024-06-03
9151027,2024-06-02
9151090,2024-06-02
9151111,2024-06-02
9151324,2024-06-02
9151342,2024-06-02
9151778,2024-06-02
9151781,2024-06-02
9151873,2024-06-02
9151909,2024-06-02
9152139,2024-06-02
9152540,2024-06-02
9153175,2024-06-02
9153858,2024-06-02
9154068,2024-06-02
9154299,2024-06-01
9155118,2024-06-01
9155316,2024-06-01
9155330,2024-06-01
9155680,2024-06-01
9155715,2024-06-01
9156574,2024-06-01
9157379,2024-06-01
9158709,2024-06-04
9158801,2024-06-03
9158833,2024-06-03
9158928,2024-06-03
9159106,2024-06-03
9159149,2024-06-04
9159744,2024-06-03
9159772,2024-06-03
9160387,2024-06-03
9160644,2024-06-03
9160827,2024-06-03
9160914,2024-06-03
9160936,2024-06-03
9160988,2024-06-03
9161169,2024-06-03
9161190,2024-06-03
9161355,2024-06-03
9161491,2024-06-03
9161546,2024-06-03
9161644,2024-06-03
9161816,2024-06-03
9161822,2024-06-03
9162287,2024-06-03
9162387,2024-06-03
9162468,2024-06-03
9162514,2024-06-03
9163300,2024-06-03
9164495,2024-06-03
9165172,2024-06-03
9165445,2024-06-03
9165676,2024-06-03
9166258,2024-06-03
9166311,2024-06-03
9166800,2024-06-04
9166948,2024-06-04
9167009,2024-06-04
9167011,2024-06-04
9167262,2024-06-04
9167635,2024-06-03
9168117,2024-06-04
9168712,2024-06-05
9168724,2024-06-05
9168767,2024-06-05
9169638,2024-06-05
9169768,2024-06-05
9169853,2024-06-05
9170686,2024-06-04
9170789,2024-06-04
9170869,2024-06-04
9171083,2024-06-04
9171294,2024-06-04
9171350,2024-06-04
9171372,2024-06-04
9171451,2024-06-04
9171822,2024-06-04
9172028,2024-06-04
9172291,2024-06-04
9172308,2024-06-04
9173555,2024-06-04
9173569,2024-06-04
9173712,2024-06-04
9173869,2024-06-04
9174093,2024-06-04
9174316,2024-06-04
9174615,2024-06-04
9174932,2024-06-04
9174935,2024-06-04
9174994,2024-06-04
9175268,2024-06-04
9175855,2024-06-04
9175858,2024-06-04
9175934,2024-06-04
9176085,2024-06-04
9176086,2024-06-04
9176101,2024-06-04
9176106,2024-06-04
9176219,2024-06-04
9176477,2024-06-04
9178817,2024-06-05
9178901,2024-06-05
9179321,2024-06-05
9179413,2024-06-05
9179963,2024-06-05
9180429,2024-06-05
9180513,2024-06-05
9180543,2024-06-05
9180564,2024-06-05
9181537,2024-06-05
9182861,2024-06-06
9182961,2024-06-06
9184036,2024-06-06
9184709,2024-06-06
9185019,2024-06-05
9185663,2024-06-05
9185702,2024-06-05
9186067,2024-06-05
9186416,2024-06-05
9186840,2024-06-05
9187102,2024-06-05
9187221,2024-06-05
9187353,2024-06-05
9187403,2024-06-05
9187486,2024-06-05
9187499,2024-06-05
9187513,2024-06-05
9187621,2024-06-05
9187695,2024-06-05
9187777,2024-06-05
9189445,2024-06-05
9189876,2024-06-05
9189986,2024-06-07
9189987,2024-06-07
9190727,2024-06-07
9191137,2024-06-07
9191307,2024-06-07
9191401,2024-06-07
9191776,2024-06-07
9192361,2024-06-07
9192714,2024-06-06
9192752,2024-06-07
9192757,2024-06-06
9192783,2024-06-06
9193215,2024-06-07
9193434,2024-06-07
9193519,2024-06-06
9193581,2024-06-06
9193701,2024-06-06
9194272,2024-06-06
9194905,2024-06-06
9195050,2024-06-06
9195270,2024-06-06
9195364,2024-06-06
9195739,2024-06-06
9196006,2024-06-06
9196056,2024-06-06
9196181,2024-06-07
9196194,2024-06-06
9196652,2024-06-06
9196673,2024-06-06
9197109,2024-06-06
9197118,2024-06-07
9197307,2024-06-06
9197308,2024-06-06
9197582,2024-06-06
9197610,2024-06-06
9197617,2024-06-06
9197971,2024-06-06
9198409,2024-06-07
9198498,2024-06-07
9198688,2024-06-07
9199135,2024-06-06
9199227,2024-06-06
9200009,2024-06-06
9200401,2024-06-07
9200838,2024-06-08
9201281,2024-06-08
9201572,2024-06-08
9201754,2024-06-08
9201873,2024-06-08
9201900,2024-06-08
9201997,2024-06-07
9202003,2024-06-07
9202166,2024-06-07
9202309,2024-06-07
9202490,2024-06-07
9202528,2024-06-07
9202790,2024-06-07
9202950,2024-06-07
9203196,2024-06-07
9203509,2024-06-07
9203810,2024-06-07
9204219,2024-06-07
9204290,2024-06-07
9204595,2024-06-07
9205144,2024-06-08
9206085,2024-06-08
9206573,2024-06-08
9207109,2024-06-09
9207138,2024-06-09
9207208,2024-06-09
9207335,2024-06-09
9207371,2024-06-09
9207410,2024-06-08
9207516,2024-06-08
9207553,2024-06-08
9207773,2024-06-08
9208030,2024-06-08
9208122,2024-06-08
9208144,2024-06-08
9208481,2024-06-07
9208594,2024-06-08
9208874,2024-06-08
9209016,2024-06-08
9209165,2024-06-07
9209362,2024-06-08
9209465,2024-06-08
9210334,2024-06-08
9210820,2024-06-07
9210832,2024-06-07
9210904,2024-06-07
9211044,2024-06-07
9211352,2024-06-08
9211651,2024-06-07
9212072,2024-06-10
9212395,2024-06-09
9212510,2024-06-09
9212554,2024-06-09
9212556,2024-06-09
9212673,2024-06-09
9212786,2024-06-09
9212949,2024-06-09
9213019,2024-06-09
9213162,2024-06-09
9213178,2024-06-09
9213273,2024-06-09
9213326,2024-06-09
9213501,2024-06-09
9213510,2024-06-09
9213676,2024-06-09
9213852,2024-06-09
9214763,2024-06-10
9214878,2024-06-10
9214910,2024-06-10
9215288,2024-06-10
9215796,2024-06-10
9216023,2024-06-10
9216594,2024-06-11
9217566,2024-06-11
9217685,2024-06-11
9217737,2024-06-11
9217815,2024-06-11
9217839,2024-06-11
9218555,2024-06-10
9218660,2024-06-10
9218706,2024-06-11
9219084,2024-06-10
9219281,2024-06-10
9219985,2024-06-10
9220375,2024-06-10
9221041,2024-06-10
9221206,2024-06-10
9221535,2024-06-10
9221653,2024-06-10
9221851,2024-06-10
9221890,2024-06-10
9221954,2024-06-10
9222111,2024-06-10
9222270,2024-06-10
9222298,2024-06-10
9222344,2024-06-10
9222370,2024-06-10
9222382,2024-06-10
9222887,2024-06-10
9223214,2024-06-10
9223726,2024-06-10
9223820,2024-06-10
9223844,2024-06-10
9223908,2024-06-10
9224046,2024-06-10
9225262,2024-06-10
9225496,2024-06-10
9227409,2024-06-12
9227582,2024-06-12
9227617,2024-06-11
9228118,2024-06-11
9228651,2024-06-11
9229479,2024-06-11
9229995,2024-06-11
9230096,2024-06-11
9230251,2024-06-11
9230923,2024-06-11
9231002,2024-06-11
9231289,2024-06-11
9231345,2024-06-11
9231389,2024-06-11
9231985,2024-06-11
9232094,2024-06-11
9232537,2024-06-11
9232654,2024-06-11
9232936,2024-06-11
9233297,2024-06-11
9234607,2024-06-11
9234699,2024-06-11
9235758,2024-06-12
9235807,2024-06-12
9236038,2024-06-12
9236317,2024-06-11
9236343,2024-06-11
9236821,2024-06-12
9236847,2024-06-12
9237042,2024-06-12
9237411,2024-06-12
9237514,2024-06-12
9237574,2024-06-12
9237767,2024-06-12
9238054,2024-06-12
9238312,2024-06-12
9240221,2024-06-13
9240392,2024-06-13
9240442,2024-06-13
9240834,2024-06-13
9240876,2024-06-13
9241170,2024-06-13
9241185,2024-06-13
9242253,2024-06-12
9242432,2024-06-12
9243204,2024-06-12
9243403,2024-06-12
9243634,2024-06-12
9243705,2024-06-12
9244137,2024-06-12
9244241,2024-06-12
9244272,2024-06-12
9244489,2024-06-12
9244797,2024-06-12
9245197,2024-06-12
9245244,2024-06-12
9245358,2024-06-12
9245933,2024-06-12
9246307,2024-06-12
9246311,2024-06-12
9247129,2024-06-13
9247134,2024-06-13
9247199,2024-06-13
9247256,2024-06-13
9247367,2024-06-13
9247459,2024-06-13
9251117,2024-06-14
9251488,2024-06-14
9251538,2024-06-14
9251594,2024-06-14
9252508,2024-06-13
9252570,2024-06-13
9253140,2024-06-13
9253539,2024-06-13
9253733,2024-06-13
9253929,2024-06-13
9254131,2024-06-13
9254457,2024-06-13
9254530,2024-06-13
9254774,2024-06-13
9255217,2024-06-13
9255755,2024-06-13
9255953,2024-06-13
9256084,2024-06-13
9256300,2024-06-13
9256610,2024-06-13
9256997,2024-06-13
9257008,2024-06-13
9258215,2024-06-13
9258740,2024-06-15
9258907,2024-06-15
9260210,2024-06-14
9260683,2024-06-14
9261407,2024-06-14
9261455,2024-06-14
9261473,2024-06-14
9261501,2024-06-14
9261532,2024-06-14
9261779,2024-06-14
9261798,2024-06-14
9261846,2024-06-14
9262503,2024-06-14
9262608,2024-06-14
9263089,2024-06-14
9263093,2024-06-14
9263115,2024-06-14
9263331,2024-06-14
9263576,2024-06-14
9263596,2024-06-14
9263715,2024-06-14
9263721,2024-06-14
9264883,2024-06-14
9265243,2024-06-14
9265652,2024-06-14
9265691,2024-06-14
9265803,2024-06-14
9266881,2024-06-14
9267370,2024-06-14
9267372,2024-06-14
9267559,2024-06-15
9267569,2024-06-15
9267572,2024-06-15
9267888,2024-06-15
9268091,2024-06-15
9268155,2024-06-15
9268467,2024-06-15
9268484,2024-06-15
9269106,2024-06-15
9269261,2024-06-15
9269603,2024-06-16
9269707,2024-06-16
9269831,2024-06-15
9269968,2024-06-15
9270007,2024-06-15
9270369,2024-06-15
9270466,2024-06-15
9270668,2024-06-15
9270815,2024-06-15
9270993,2024-06-15
9271406,2024-06-15
9271634,2024-06-16
9272208,2024-06-16
9272302,2024-06-16
9272363,2024-06-16
9272938,2024-06-16
9273004,2024-06-17
9273116,2024-06-16
9273130,2024-06-17
9273318,2024-06-17
9273866,2024-06-17
9274016,2024-06-16
9274322,2024-06-16
9274561,2024-06-16
9274707,2024-06-16
9275066,2024-06-17
9275304,2024-06-18
9275345,2024-06-18
9275884,2024-06-17
9276285,2024-06-17
9276554,2024-06-17
9276673,2024-06-17
9276737,2024-06-17
9276742,2024-06-17
9276782,2024-06-17
9277056,2024-06-17
9277170,2024-06-17
9277343,2024-06-17
9277522,2024-06-17
9277835,2024-06-17
9278126,2024-06-17
9278230,2024-06-17
9278428,2024-06-17
9278487,2024-06-17
9278522,2024-06-17
9278777,2024-06-17
9278939,2024-06-17
9279031,2024-06-17
9279205,2024-06-17
9279304,2024-06-17
9279490,2024-06-17
9279617,2024-06-17
9280030,2024-06-17
9280042,2024-06-17
9280193,2024-06-17
9280383,2024-06-17
9280451,2024-06-17
9281178,2024-06-17
9281693,2024-06-18
9281881,2024-06-18
9281891,2024-06-18
9282084,2024-06-18
9282386,2024-06-18
9282627,2024-06-18
9282636,2024-06-18
9282932,2024-06-17
9283116,2024-06-17
9283337,2024-06-17
9283584,2024-06-17
9283630,2024-06-17
9283790,2024-06-16
9284151,2024-06-18
9284191,2024-06-18
9284328,2024-06-18
9285175,2024-06-19
9285229,2024-06-19
9285393,2024-06-19
9285428,2024-06-19
9285894,2024-06-19
9286367,2024-06-19
9286886,2024-06-19
9286961,2024-06-18
9286966,2024-06-19
9287332,2024-06-18
9288218,2024-06-18
9288944,2024-06-18
9289007,2024-06-18
9289120,2024-06-18
9289158,2024-06-18
9289300,2024-06-18
9289733,2024-06-18
9289781,2024-06-18
9289929,2024-06-18
9289949,2024-06-18
9289958,2024-06-18
9289961,2024-06-18
9290085,2024-06-18
9290117,2024-06-18
9290834,2024-06-18
9291055,2024-06-18
9291203,2024-06-18
9291214,2024-06-18
9291309,2024-06-18
9291434,2024-06-18
9291617,2024-06-18
9291745,2024-06-18
9291845,2024-06-18
9291989,2024-06-18
9291995,2024-06-18
9292199,2024-06-18
9293086,2024-06-18
9293762,2024-06-19
9294393,2024-06-20
9295300,2024-06-19
9295939,2024-06-19
9295970,2024-06-19
9296262,2024-06-19
9296637,2024-06-19
9296750,2024-06-19
9296823,2024-06-19
9297333,2024-06-19
9297438,2024-06-19
9297598,2024-06-19
9297629,2024-06-19
9297912,2024-06-19
9298583,2024-06-19
9298873,2024-06-19
9299032,2024-06-19
9300319,2024-06-19
9300625,2024-06-19
9300970,2024-06-19
9301151,2024-06-19
9301613,2024-06-19
9301765,2024-06-19
9302064,2024-06-19
9302238,2024-06-19
9302761,2024-06-20
9302923,2024-06-20
9303204,2024-06-20
9304213,2024-06-21
9304392,2024-06-21
9304749,2024-06-21
9304777,2024-06-21
9305137,2024-06-21
9305411,2024-06-20
9306013,2024-06-20
9306230,2024-06-20
9306357,2024-06-20
9306372,2024-06-20
9306413,2024-06-20
9306740,2024-06-20
9307002,2024-06-20
9307577,2024-06-20
9307643,2024-06-20
9307781,2024-06-20
9307883,2024-06-20
9307960,2024-06-20
9308092,2024-06-20
9308421,2024-06-20
9308953,2024-06-20
9308962,2024-06-20
9308977,2024-06-20
9309112,2024-06-20
9309386,2024-06-20
9309423,2024-06-20
9309592,2024-06-20
9309720,2024-06-20
9309740,2024-06-20
9309958,2024-06-20
9310111,2024-06-20
9310588,2024-06-20
9311019,2024-06-20
9311649,2024-06-20
9311948,2024-06-20
9312165,2024-06-20
9312225,2024-06-20
9312245,2024-06-20
9312714,2024-06-20
9313087,2024-06-20
9313242,2024-06-20
9313532,2024-06-21
9314475,2024-06-22
9314783,2024-06-22
9314858,2024-06-22
9315172,2024-06-22
9315377,2024-06-22
9315793,2024-06-21
9316388,2024-06-21
9316580,2024-06-21
9316592,2024-06-21
9316960,2024-06-21
9317200,2024-06-21
9317663,2024-06-21
9318115,2024-06-21
9318632,2024-06-21
9318895,2024-06-21
9319032,2024-06-21
9319065,2024-06-21
9319115,2024-06-21
9319243,2024-06-21
9319401,2024-06-21
9319572,2024-06-21
9320117,2024-06-21
9320567,2024-06-21
9320830,2024-06-21
9320949,2024-06-21
9322330,2024-06-21
9322973,2024-06-21
9323440,2024-06-23
9323443,2024-06-23
9323538,2024-06-22
9325482,2024-06-22
9325546,2024-06-22
9325602,2024-06-22
9325725,2024-06-22
9325767,2024-06-22
9325773,2024-06-22
9325909,2024-06-22
9325951,2024-06-22
9325988,2024-06-22
9326378,2024-06-22
9327409,2024-06-23
9327480,2024-06-23
9327511,2024-06-23
9327549,2024-06-23
9327944,2024-06-24
9327983,2024-06-23
9328418,2024-06-24
9328607,2024-06-24
9328847,2024-06-24
9328927,2024-06-23
9329068,2024-06-25
9329101,2024-06-25
9329176,2024-06-25
9329770,2024-06-24
9329871,2024-06-24
9330113,2024-06-26
9330205,2024-06-26
9330573,2024-06-26
9330923,2024-06-26
9330970,2024-06-26
9331285,2024-06-26
9331375,2024-06-26
9331688,2024-06-25
9331718,2024-06-25
9331910,2024-06-25
9332447,2024-06-25
9332493,2024-06-25
9332779,2024-06-25
9333404,2024-06-25
9333426,2024-06-25
9333548,2024-06-25
9333774,2024-06-25
9333826,2024-06-25
9334158,2024-06-25
9334309,2024-06-25
9334867,2024-06-25
9334974,2024-06-25
9335048,2024-06-25
9335057,2024-06-25
9335131,2024-06-25
9335231,2024-06-25
9335354,2024-06-25
9335829,2024-06-25
9336382,2024-06-25
9336434,2024-06-25
9336508,2024-06-25
9336687,2024-06-25
9336852,2024-06-25
9337018,2024-06-25
9337213,2024-06-25
9337324,2024-06-25
9338135,2024-06-25
9338196,2024-06-25
9339249,2024-06-25
9339754,2024-06-25
9340239,2024-06-24
9340360,2024-06-24
9340473,2024-06-24
9340560,2024-06-24
9340720,2024-06-24
9340851,2024-06-24
9340857,2024-06-24
9341332,2024-06-24
9341957,2024-06-23
9342148,2024-06-24
9342859,2024-06-26
9343626,2024-06-26
9343695,2024-06-26
9344087,2024-06-25
9344332,2024-06-24
9344432,2024-06-24
9345883,2024-06-24
9345998,2024-06-24
9346006,2024-06-24
9346007,2024-06-24
9346120,2024-06-24
9346157,2024-06-24
9347155,2024-06-27
9347257,2024-06-27
9347538,2024-06-27
9347628,2024-06-27
9347654,2024-06-27
9347670,2024-06-26
9347955,2024-06-26
9348835,2024-06-26
9349093,2024-06-26
9349460,2024-06-26
9349650,2024-06-26
9350123,2024-06-26
9350153,2024-06-26
9350431,2024-06-26
9350477,2024-06-26
9350552,2024-06-26
9350787,2024-06-26
9350801,2024-06-26
9351004,2024-06-26
9351006,2024-06-26
9351507,2024-06-26
9351602,2024-06-26
9351724,2024-06-26
9351787,2024-06-26
9352215,2024-06-26
9352456,2024-06-26
9352693,2024-06-26
9352847,2024-06-26
9352861,2024-06-26
9352931,2024-06-26
9352984,2024-06-26
9352992,2024-06-26
9353163,2024-06-26
9353239,2024-06-26
9353357,2024-06-26
9353421,2024-06-26
9354687,2024-06-27
9354697,2024-06-27
9354911,2024-06-26
9354961,2024-06-26
9355033,2024-06-26
9355839,2024-06-23
9355973,2024-06-27
9355983,2024-06-22
9356599,2024-06-27
9356665,2024-06-27
9357514,2024-06-28
9357949,2024-06-28
9358383,2024-06-28
9358398,2024-06-28
9358691,2024-06-28
9358924,2024-06-27
9359479,2024-06-27
9359483,2024-06-27
9359602,2024-06-27
9359786,2024-06-27
9360194,2024-06-27
9360202,2024-06-27
9360267,2024-06-27
9360620,2024-06-27
9360742,2024-06-27
9360758,2024-06-27
9361050,2024-06-27
9361722,2024-06-27
9361936,2024-06-27
9362436,2024-06-27
9362522,2024-06-27
9362704,2024-06-27
9363166,2024-06-27
9363435,2024-06-27
9363513,2024-06-27
9365096,2024-06-27
9366034,2024-06-27
9366087,2024-06-27
9366168,2024-06-28
9366205,2024-06-28
9366437,2024-06-25
9366451,2024-06-25
9366625,2024-06-24
9366747,2024-06-24
9366869,2024-06-24
9366911,2024-06-24
9366984,2024-06-24
9367002,2024-06-23
9367035,2024-06-24
9367038,2024-06-24
9367055,2024-06-24
9367110,2024-06-24
9367146,2024-06-24
9367265,2024-06-23
9367344,2024-06-24
9367380,2024-06-24
9367539,2024-06-24
9367578,2024-06-24
9367718,2024-06-24
9367742,2024-06-24
9367779,2024-06-24
9367861,2024-06-22
9368068,2024-06-23
9368220,2024-06-23
9368358,2024-06-23
9368453,2024-06-23
9368502,2024-06-23
9368512,2024-06-23
9368515,2024-06-23
9368613,2024-06-23
9368631,2024-06-23
9368670,2024-06-22
9368729,2024-06-23
9369214,2024-06-25
9373222,2024-06-28
9373273,2024-06-28
9373469,2024-06-28
9374102,2024-06-28
9374342,2024-06-28
9374459,2024-06-28
9374728,2024-06-28
9374939,2024-06-28
9375027,2024-06-28
9375033,2024-06-28
9375103,2024-06-28
9375336,2024-06-28
9375344,2024-06-28
9375454,2024-06-28
9375593,2024-06-28
9375914,2024-06-28
9375984,2024-06-28
9376333,2024-06-28
9376655,2024-06-28
9376698,2024-06-28
9377083,2024-06-28
9377302,2024-06-28
9377485,2024-06-28
9377733,2024-06-28
9377901,2024-06-28
9378366,2024-06-28
9378661,2024-06-28
9378808,2024-06-28
9378938,2024-06-28
9378987,2024-06-28
9379098,2024-06-28
9379308,2024-06-28
9379505,2024-06-28
9379588,2024-06-29
9379678,2024-06-29
9380072,2024-06-29
9380252,2024-06-29
9381889,2024-06-29
9382006,2024-06-29
9382022,2024-06-29
9382235,2024-06-29
9382277,2024-06-29
9382724,2024-06-29
9383103,2024-06-29
9383847,2024-06-30
9384132,2024-06-29
9384168,2024-06-29
9384530,2024-06-29
9384795,2024-06-29
9385820,2024-06-29
9385901,2024-06-29
9385983,2024-06-29
9386389,2024-06-30
9386522,2024-06-30
9386927,2024-06-30
9386989,2024-06-30
9387503,2024-07-01
9388117,2024-07-01
9388358,2024-06-30
9389071,2024-06-30
9389129,2024-06-30
9389263,2024-06-30
9389454,2024-06-30
9389564,2024-06-30
9389769,2024-06-30
9390584,2024-06-27
9390657,2024-06-30
9391141,2024-07-02
9391308,2024-07-02
9391383,2024-07-02
9391802,2024-07-02
9391839,2024-07-02
9392163,2024-07-02
9392510,2024-07-01
9392547,2024-07-01
9392555,2024-07-01
9392957,2024-07-01
9393011,2024-07-01
9393908,2024-07-01
9395506,2024-07-01
9395765,2024-07-01
9395955,2024-07-02
9396192,2024-07-02
9396227,2024-07-02
9396247,2024-07-02
9396374,2024-07-01
9396746,2024-07-02
9397006,2024-07-01
9397064,2024-07-01
9397516,2024-07-01
9397552,2024-07-01
9397587,2024-07-01
9397602,2024-07-01
9397785,2024-07-01
9397987,2024-07-01
9398102,2024-07-01
9398324,2024-07-01
9398338,2024-07-01
9398432,2024-07-01
9398565,2024-07-01
9398832,2024-07-01
9399142,2024-07-01
9399163,2024-07-01
9399166,2024-07-01
9399463,2024-07-01
9399547,2024-07-01
9399870,2024-07-01
9399997,2024-07-01
9400173,2024-07-01
9400201,2024-07-01
9400230,2024-07-01
9401326,2024-07-01
9401407,2024-07-02
9401648,2024-07-02
9401899,2024-07-02
9402133,2024-07-02
9402496,2024-07-03
9402548,2024-07-03
9403050,2024-07-03
9404019,2024-07-02
9404227,2024-07-02
9404386,2024-07-02
9404415,2024-07-02
9404684,2024-07-02
9405019,2024-07-02
9405738,2024-07-02
9406002,2024-07-02
9406017,2024-07-02
9406299,2024-07-02
9406414,2024-07-02
9406544,2024-07-02
9406591,2024-07-02
9407253,2024-07-02
9407908,2024-07-02
9407953,2024-07-02
9408139,2024-07-02
9409345,2024-07-02
9410485,2024-07-02
9410672,2024-07-03
9411035,2024-07-02
9411154,2024-07-03
9411250,2024-07-02
9411367,2024-07-02
9411379,2024-07-02
9411432,2024-07-02
9411650,2024-07-02
9411792,2024-07-02
9412274,2024-07-03
9412350,2024-07-04
9412735,2024-07-04
9412810,2024-07-04
9413070,2024-07-04
9413573,2024-07-03
9413978,2024-07-03
9414241,2024-07-03
9414378,2024-07-03
9414502,2024-07-03
9414923,2024-07-03
9416536,2024-07-03
9417366,2024-07-03
9417844,2024-07-03
9418312,2024-07-03
9418426,2024-07-03
9418563,2024-07-03
9418581,2024-07-03
9419096,2024-07-03
9419354,2024-07-03
9419424,2024-07-03
9419436,2024-07-03
9419833,2024-07-03
9419928,2024-07-03
9420134,2024-07-03
9420493,2024-07-03
9420681,2024-07-04
9423092,2024-07-04
9423860,2024-07-04
9424251,2024-07-04
9424253,2024-07-04
9424310,2024-07-04
9424471,2024-07-04
9424566,2024-07-04
9424856,2024-07-04
9425027,2024-07-04
9425060,2024-07-04
9425080,2024-07-04
9425217,2024-07-04
9425337,2024-07-04
9425430,2024-07-04
9427698,2024-07-04
9427896,2024-07-05
9428139,2024-07-05
9428231,2024-07-05
9428551,2024-07-05
9429150,2024-07-04
9430928,2024-07-05
9431111,2024-07-05
9431555,2024-07-05
9432085,2024-07-06
9432346,2024-07-06
9432490,2024-07-06
9432618,2024-07-06
9432622,2024-07-05
9432775,2024-07-06
9433389,2024-07-05
9433517,2024-07-05
9433680,2024-07-05
9434084,2024-07-05
9434097,2024-07-05
9434203,2024-07-05
9434367,2024-07-05
9434408,2024-07-05
9434699,2024-07-05
9434992,2024-07-05
9435093,2024-07-05
9435230,2024-07-05
9435325,2024-07-05
9435577,2024-07-05
9435904,2024-07-05
9435918,2024-07-05
9435989,2024-07-05
9436003,2024-07-05
9436596,2024-07-05
9436695,2024-07-05
9436702,2024-07-05
9436709,2024-07-05
9436889,2024-07-05
9437083,2024-07-05
9437226,2024-07-05
9437373,2024-07-05
9438702,2024-07-08
9439279,2024-07-06
9439830,2024-07-06
9440186,2024-07-08
9440482,2024-07-08
9440570,2024-07-08
9441158,2024-07-08
9441265,2024-07-07
9441341,2024-07-08
9441389,2024-07-08
9441451,2024-07-08
9441669,2024-07-07
9441843,2024-07-07
9441997,2024-07-07
9442333,2024-07-07
9442407,2024-07-07
9442430,2024-07-07
9442693,2024-07-07
9443001,2024-07-07
9443002,2024-07-07
9443038,2024-07-07
9443648,2024-07-08
9443925,2024-07-07
9443987,2024-07-07
9444575,2024-07-06
9445017,2024-07-07
9445248,2024-07-07
9445557,2024-07-06
9446278,2024-07-06
9446530,2024-07-06
9446963,2024-07-06
9447192,2024-07-06
9447343,2024-07-06
9448567,2024-07-06
9449424,2024-07-08
9450126,2024-07-09
9450181,2024-07-09
9450290,2024-07-09
9450920,2024-07-09
9450982,2024-07-09
9452012,2024-07-09
9452035,2024-07-08
9452210,2024-07-08
9452270,2024-07-08
9452388,2024-07-08
9452451,2024-07-08
9452733,2024-07-08
9453088,2024-07-08
9453166,2024-07-08
9453343,2024-07-08
9453979,2024-07-08
9454318,2024-07-08
9455053,2024-07-08
9455399,2024-07-08
9455518,2024-07-08
9455523,2024-07-08
9456051,2024-07-08
9456108,2024-07-09
9456535,2024-07-08
9456792,2024-07-08
9456870,2024-07-08
9456893,2024-07-08
9457543,2024-07-08
9457826,2024-07-09
9458035,2024-07-09
9459201,2024-07-10
9460043,2024-07-09
9460615,2024-07-09
9460944,2024-07-09
9461342,2024-07-09
9462408,2024-07-09
9462415,2024-07-09
9462654,2024-07-09
9462802,2024-07-09
9463134,2024-07-09
9463233,2024-07-09
9463466,2024-07-09
9463485,2024-07-09
9464056,2024-07-09
9464401,2024-07-09
9464730,2024-07-09
9465148,2024-07-09
9465169,2024-07-09
9465313,2024-07-09
9465358,2024-07-09
9465419,2024-07-09
9465759,2024-07-09
9465828,2024-07-09
9465983,2024-07-09
9465996,2024-07-09
9466323,2024-07-09
9466784,2024-07-10
9467007,2024-07-09
9467227,2024-07-09
9467822,2024-07-08
9468113,2024-07-10
9468181,2024-07-10
9468337,2024-07-10
9469454,2024-07-11
9469563,2024-07-11
9469734,2024-07-11
9469802,2024-07-11
9470569,2024-07-10
9470596,2024-07-10
9470599,2024-07-10
9470872,2024-07-10
9470956,2024-07-10
9471076,2024-07-10
9471473,2024-07-10
9471794,2024-07-10
9471860,2024-07-10
9471951,2024-07-10
9472163,2024-07-10
9472641,2024-07-10
9473404,2024-07-10
9473633,2024-07-10
9473739,2024-07-10
9474471,2024-07-10
9474567,2024-07-10
9474821,2024-07-10
9474939,2024-07-10
9475577,2024-07-10
9475665,2024-07-10
9475804,2024-07-10
9475837,2024-07-10
9476121,2024-07-10
9476213,2024-07-10
9476219,2024-07-10
9476325,2024-07-10
9476335,2024-07-10
9476994,2024-07-11
9479587,2024-07-11
9479705,2024-07-12
9479790,2024-07-12
9480025,2024-07-12
9480441,2024-07-12
9480874,2024-07-11
9481514,2024-07-11
9481539,2024-07-11
9482309,2024-07-11
9482394,2024-07-11
9483713,2024-07-11
9483878,2024-07-11
9484135,2024-07-11
9484285,2024-07-11
9484687,2024-07-11
9484774,2024-07-11
9484785,2024-07-11
9485028,2024-07-11
9485499,2024-07-11
9485546,2024-07-11
9485765,2024-07-12
9486003,2024-07-11
9486122,2024-07-12
9486126,2024-07-12
9486462,2024-07-11
9486469,2024-07-11
9486572,2024-07-11
9486724,2024-07-11
9486844,2024-07-11
9487199,2024-07-11
9487522,2024-07-11
9487702,2024-07-11
9487993,2024-07-12
9488177,2024-07-12
9488375,2024-07-11
9489260,2024-07-11
9490534,2024-07-11
9491005,2024-07-09
9492544,2024-07-13
9492705,2024-07-13
9492759,2024-07-13
9492951,2024-07-13
9492997,2024-07-13
9493261,2024-07-13
9493617,2024-07-13
9493931,2024-07-13
9493974,2024-07-13
9494057,2024-07-13
9494135,2024-07-13
9494190,2024-07-13
9494738,2024-07-13
9494845,2024-07-14
9494876,2024-07-14
9495603,2024-07-13
9495616,2024-07-12
9495716,2024-07-13
9497466,2024-07-12
9498525,2024-07-12
9498636,2024-07-12
9498725,2024-07-12
9498834,2024-07-13
9498945,2024-07-12
9499119,2024-07-12
9499175,2024-07-12
9499416,2024-07-12
9499719,2024-07-12
9500013,2024-07-12
9500072,2024-07-12
9500179,2024-07-12
9500199,2024-07-12
9500241,2024-07-12
9500688,2024-07-12
9500713,2024-07-12
9501102,2024-07-12
9501790,2024-07-12
9501823,2024-07-12
9501874,2024-07-12
9502984,2024-07-12
9503507,2024-07-13
9503662,2024-07-13
9503910,2024-07-13
9504121,2024-07-12
9504374,2024-07-13
9505282,2024-07-15
9505742,2024-07-15
9506927,2024-07-15
9507008,2024-07-15
9507133,2024-07-14
9507237,2024-07-14
9507246,2024-07-14
9507740,2024-07-14
9507835,2024-07-14
9507840,2024-07-14
9507898,2024-07-14
9508184,2024-07-14
9508398,2024-07-14
9508412,2024-07-14
9508595,2024-07-14
9508668,2024-07-14
9509272,2024-07-14
9510200,2024-07-15
9511544,2024-07-16
9512198,2024-07-15
9512531,2024-07-15
9512756,2024-07-15
9512945,2024-07-15
9513160,2024-07-15
9513388,2024-07-15
9513561,2024-07-15
9513613,2024-07-15
9513754,2024-07-15
9514176,2024-07-15
9514177,2024-07-15
9514238,2024-07-15
9514328,2024-07-15
9514479,2024-07-15
9514682,2024-07-15
9514769,2024-07-15
9514788,2024-07-15
9514901,2024-07-15
9515333,2024-07-15
9515546,2024-07-15
9515596,2024-07-15
9515695,2024-07-15
9516237,2024-07-15
9516282,2024-07-15
9517274,2024-07-15
9517960,2024-07-15
9518185,2024-07-15
9519835,2024-07-16
9519960,2024-07-16
9520026,2024-07-16
9520333,2024-07-16
9521308,2024-07-16
9522823,2024-07-16
9522972,2024-07-17
9523381,2024-07-16
9523417,2024-07-16
9523804,2024-07-17
9524240,2024-07-17
9524498,2024-07-17
9524590,2024-07-17
9524814,2024-07-17
9524990,2024-07-17
9525069,2024-07-16
9525755,2024-07-16
9525882,2024-07-16
9526408,2024-07-16
9527405,2024-07-16
9527556,2024-07-16
9529062,2024-07-16
9529358,2024-07-16
9529465,2024-07-16
9529467,2024-07-16
9529893,2024-07-16
9530318,2024-07-16
9530914,2024-07-16
9530939,2024-07-15
9531235,2024-07-16
9531478,2024-07-16
9531502,2024-07-16
9532114,2024-07-16
9532637,2024-07-17
9534133,2024-07-18
9534487,2024-07-18
9534698,2024-07-18
9535477,2024-07-18
9535674,2024-07-18
9535799,2024-07-18
9535846,2024-07-18
9536051,2024-07-17
9537143,2024-07-17
9538240,2024-07-17
9538307,2024-07-17
9538368,2024-07-17
9538491,2024-07-17
9538497,2024-07-17
9538691,2024-07-17
9539010,2024-07-17
9539066,2024-07-17
9539618,2024-07-17
9539781,2024-07-17
9540440,2024-07-17
9540476,2024-07-17
9540638,2024-07-17
9541208,2024-07-17
9541221,2024-07-17
9541235,2024-07-17
9541718,2024-07-17
9541889,2024-07-17
9542151,2024-07-17
9542243,2024-07-17
9542411,2024-07-17
9542475,2024-07-17
9542496,2024-07-17
9542510,2024-07-17
9542535,2024-07-17
9543307,2024-07-17
9543673,2024-07-17
9543846,2024-07-17
9544273,2024-07-17
9544306,2024-07-17
9544625,2024-07-17
9544649,2024-07-17
9545123,2024-07-18
9546174,2024-07-18
9546687,2024-07-18
9546813,2024-07-18
9546839,2024-07-18
9546990,2024-07-18
9547097,2024-07-18
9547639,2024-07-18
9548106,2024-07-18
9548415,2024-07-19
9549165,2024-07-19
9549503,2024-07-18
9549627,2024-07-18
9550365,2024-07-19
9550602,2024-07-19
9550831,2024-07-18
9552237,2024-07-18
9552385,2024-07-18
9553132,2024-07-18
9553361,2024-07-18
9553543,2024-07-18
9553881,2024-07-18
9554159,2024-07-18
9554358,2024-07-18
9554438,2024-07-18
9554660,2024-07-18
9554722,2024-07-18
9554727,2024-07-18
9554994,2024-07-18
9555094,2024-07-18
9555210,2024-07-18
9555255,2024-07-18
9555271,2024-07-18
9555371,2024-07-19
9556224,2024-07-19
9557995,2024-07-20
9559687,2024-07-20
9559711,2024-07-20
9560047,2024-07-20
9560181,2024-07-20
9560357,2024-07-19
9560389,2024-07-19
9560870,2024-07-19
9560995,2024-07-19
9561016,2024-07-19
9561657,2024-07-19
9561664,2024-07-19
9561683,2024-07-19
9561866,2024-07-19
9561883,2024-07-19
9561899,2024-07-19
9562028,2024-07-19
9562359,2024-07-19
9562370,2024-07-19
9562400,2024-07-19
9562613,2024-07-19
9562620,2024-07-19
9562778,2024-07-19
9563330,2024-07-19
9563810,2024-07-19
9564172,2024-07-19
9564685,2024-07-19
9565242,2024-07-19
9565243,2024-07-19
9565246,2024-07-19
9565539,2024-07-19
9565540,2024-07-19
9565884,2024-07-20
9565974,2024-07-20
9566370,2024-07-20
9566404,2024-07-20
9566816,2024-07-20
9567657,2024-07-21
9568244,2024-07-21
9568535,2024-07-21
9568598,2024-07-20
9568813,2024-07-20
9569149,2024-07-20
9569390,2024-07-20
9569499,2024-07-20
9569629,2024-07-20
9569742,2024-07-20
9569754,2024-07-20
9569826,2024-07-20
9569981,2024-07-20
9570021,2024-07-20
9570119,2024-07-20
9570248,2024-07-20
9570374,2024-07-20
9570698,2024-07-20
9570745,2024-07-21
9570753,2024-07-21
9570998,2024-07-21
9571182,2024-07-21
9571193,2024-07-21
9571638,2024-07-22
9571843,2024-07-22
9572409,2024-07-22
9572677,2024-07-22
9572752,2024-07-22
9572801,2024-07-22
9572928,2024-07-22
9572938,2024-07-22
9572956,2024-07-22
9573130,2024-07-22
9573749,2024-07-21
9573782,2024-07-21
9573852,2024-07-21
9574208,2024-07-21
9574210,2024-07-21
9574247,2024-07-21
9574322,2024-07-21
9574396,2024-07-21
9574500,2024-07-21
9574922,2024-07-21
9575023,2024-07-21
9575799,2024-07-22
9576104,2024-07-22
9576126,2024-07-22
9576409,2024-07-22
9576423,2024-07-22
9576497,2024-07-22
9576703,2024-07-22
9576743,2024-07-22
9576854,2024-07-20
9578466,2024-07-23
9579128,2024-07-22
9580155,2024-07-22
9580197,2024-07-23
9580403,2024-07-23
9580919,2024-07-23
9581114,2024-07-23
9581195,2024-07-23
9581530,2024-07-23
9581672,2024-07-22
9581843,2024-07-22
9582030,2024-07-22
9582047,2024-07-22
9582413,2024-07-22
9582415,2024-07-22
9582733,2024-07-22
9582925,2024-07-22
9582944,2024-07-22
9583485,2024-07-22
9583812,2024-07-22
9584131,2024-07-22
9584148,2024-07-22
9584682,2024-07-22
9584744,2024-07-22
9584786,2024-07-22
9585367,2024-07-22
9585448,2024-07-22
9585617,2024-07-22
9585662,2024-07-22
9585784,2024-07-22
9585931,2024-07-22
9586410,2024-07-23
9586481,2024-07-23
9586758,2024-07-23
9586865,2024-07-23
9586957,2024-07-23
9586968,2024-07-23
9586991,2024-07-23
9587347,2024-07-23
9587356,2024-07-23
9587525,2024-07-23
9587551,2024-07-23
9588635,2024-07-24
9589366,2024-07-23
9591040,2024-07-23
9591097,2024-07-23
9591791,2024-07-24
9591861,2024-07-23
9592681,2024-07-23
9592692,2024-07-24
9592812,2024-07-23
9592848,2024-07-23
9593333,2024-07-23
9593409,2024-07-23
9593562,2024-07-23
9593654,2024-07-23
9593755,2024-07-23
9593805,2024-07-23
9594098,2024-07-23
9594236,2024-07-23
9594637,2024-07-23
9594785,2024-07-23
9595335,2024-07-23
9595989,2024-07-23
9596030,2024-07-23
9596054,2024-07-23
9596256,2024-07-23
9596469,2024-07-23
9596518,2024-07-23
9596585,2024-07-23
9596804,2024-07-23
9596807,2024-07-23
9596880,2024-07-23
9598099,2024-07-24
9598582,2024-07-24
9599007,2024-07-24
9599242,2024-07-24
9599459,2024-07-24
9599987,2024-07-25
9601032,2024-07-25
9601038,2024-07-25
9601187,2024-07-25
9603411,2024-07-24
9603796,2024-07-24
9604166,2024-07-24
9604403,2024-07-24
9604723,2024-07-24
9605133,2024-07-24
9605145,2024-07-24
9605146,2024-07-24
9605167,2024-07-24
9605198,2024-07-24
9605456,2024-07-24
9605544,2024-07-24
9606244,2024-07-24
9606480,2024-07-24
9606524,2024-07-24
9606664,2024-07-24
9606688,2024-07-24
9606864,2024-07-24
9606868,2024-07-24
9607043,2024-07-24
9607376,2024-07-24
9607454,2024-07-24
9607553,2024-07-24
9607726,2024-07-24
9608001,2024-07-24
9608128,2024-07-24
9608225,2024-07-24
9608316,2024-07-24
9608590,2024-07-24
9609110,2024-07-24
9609508,2024-07-24
9610798,2024-07-26
9611886,2024-07-26
9612276,2024-07-26
9612290,2024-07-26
9613341,2024-07-25
9613585,2024-07-25
9613790,2024-07-25
9613820,2024-07-25
9613900,2024-07-25
9614172,2024-07-25
9614287,2024-07-25
9614298,2024-07-25
9614345,2024-07-25
9614396,2024-07-25
9614532,2024-07-25
9614771,2024-07-25
9614872,2024-07-25
9614982,2024-07-25
9615425,2024-07-25
9615756,2024-07-25
9615951,2024-07-25
9615990,2024-07-25
9616233,2024-07-25
9616843,2024-07-25
9616863,2024-07-25
9616896,2024-07-25
9616985,2024-07-25
9617161,2024-07-26
9617401,2024-07-26
9618441,2024-07-26
9618579,2024-07-26
9619039,2024-07-26
9619145,2024-07-26
9619421,2024-07-26
9620106,2024-07-26
9620363,2024-07-25
9620492,2024-07-25
9620510,2024-07-25
9620589,2024-07-25
9620622,2024-07-25
9621060,2024-07-25
9623607,2024-07-26
9624100,2024-07-27
9624248,2024-07-27
9624828,2024-07-26
9625568,2024-07-26
9625621,2024-07-26
9626409,2024-07-26
9626481,2024-07-26
9626833,2024-07-26
9626925,2024-07-26
9626950,2024-07-26
9627009,2024-07-26
9627696,2024-07-26
9627971,2024-07-26
9628496,2024-07-26
9629054,2024-07-26
9629944,2024-07-26
9629960,2024-07-26
9630365,2024-07-28
9630769,2024-07-28
9630812,2024-07-28
9631157,2024-07-29
9632072,2024-07-29
9632270,2024-07-29
9633076,2024-07-29
9633256,2024-07-29
9634219,2024-07-27
9634373,2024-07-27
9634666,2024-07-27
9634788,2024-07-27
9634886,2024-07-29
9635509,2024-07-28
9635510,2024-07-28
9635531,2024-07-28
9635686,2024-07-28
9635832,2024-07-28
9635848,2024-07-28
9636026,2024-07-27
9636148,2024-07-27
9636651,2024-07-27
9636760,2024-07-28
9636771,2024-07-28
9636803,2024-07-28
9636855,2024-07-28
9637005,2024-07-28
9637499,2024-07-28
9637751,2024-07-27
9639002,2024-07-28
9639233,2024-07-28
9639475,2024-07-27
9639734,2024-07-26
9640161,2024-07-28
9640188,2024-07-27
9640223,2024-07-27
9642199,2024-07-30
9642373,2024-07-30
9642440,2024-07-30
9642628,2024-07-30
9643654,2024-07-29
9643752,2024-07-29
9643815,2024-07-30
9644255,2024-07-30
9644845,2024-07-29
9645425,2024-07-29
9645508,2024-07-29
9646481,2024-07-30
9646605,2024-07-29
9646804,2024-07-29
9647146,2024-07-29
9647522,2024-07-29
9647703,2024-07-29
9647751,2024-07-29
9647762,2024-07-29
9647875,2024-07-29
9648034,2024-07-29
9648465,2024-07-29
9648947,2024-07-30
9649222,2024-07-30
9649395,2024-07-29
9650285,2024-07-29
9650303,2024-07-29
9650436,2024-07-29
9650962,2024-07-29
9651213,2024-07-30
9651404,2024-07-29
9651420,2024-07-29
9651595,2024-07-29
9652766,2024-07-29
9653003,2024-07-28
9654016,2024-07-27
9654143,2024-07-30
9654270,2024-07-30
9654712,2024-07-30
9654719,2024-07-30
9654724,2024-07-30
9654856,2024-07-30
9654955,2024-07-30
9655251,2024-07-30
9655325,2024-07-30
9655358,2024-07-30
9655369,2024-07-30
9655791,2024-07-30
9655807,2024-07-30
9655877,2024-07-30
9656422,2024-07-30
9656730,2024-07-30
9656791,2024-07-30
9656966,2024-07-30
9657696,2024-07-30
9657951,2024-07-30
9658001,2024-07-30
9658537,2024-07-30
9658692,2024-07-30
9658853,2024-07-30
9658868,2024-07-30
9659361,2024-07-25
9659453,2024-07-28
9659843,2024-07-30
9660389,2024-07-31
9660966,2024-07-31
9661769,2024-07-31
9662170,2024-07-31
9662744,2024-07-31
9662855,2024-07-31
9662955,2024-07-31
9663294,2024-07-30
9664311,2024-07-25
9664672,2024-07-31
9665160,2024-07-31
9665751,2024-08-01
9666477,2024-07-31
9666944,2024-07-31
9667401,2024-07-31
9668856,2024-08-01
9668911,2024-08-01
9668913,2024-08-01
9669309,2024-08-01
9669791,2024-08-01
9669951,2024-07-31
9670760,2024-07-31
9670886,2024-07-31
9671239,2024-07-31
9671466,2024-07-31
9671474,2024-07-31
9671519,2024-07-31
9671538,2024-07-31
9671933,2024-07-31
9672176,2024-07-31
9672434,2024-07-31
9672957,2024-07-31
9672965,2024-07-31
9672976,2024-07-31
9674007,2024-07-31
9674107,2024-07-31
9674325,2024-07-31
9674483,2024-08-01
9674598,2024-08-01
9674704,2024-08-01
9674841,2024-08-01
9675252,2024-08-01
9675627,2024-08-01
9675717,2024-08-01
9675955,2024-08-01
9676343,2024-08-01
9676460,2024-08-01
9676732,2024-07-31
9677321,2024-08-02
9678590,2024-08-01
9679383,2024-08-02
9679567,2024-08-02
9679578,2024-08-02
9679995,2024-08-02
9680082,2024-08-02
9681003,2024-08-01
9681063,2024-08-01
9681281,2024-08-01
9681283,2024-08-01
9681643,2024-08-01
9681662,2024-08-01
9681871,2024-08-01
9681908,2024-08-01
9681919,2024-08-01
9682456,2024-08-01
9682805,2024-08-01
9682915,2024-08-01
9682948,2024-08-01
9682983,2024-07-31
9683372,2024-08-01
9683514,2024-08-01
9683520,2024-08-01
9683964,2024-08-01
9684050,2024-08-01
9684124,2024-08-01
9685107,2024-08-01
9685382,2024-08-01
9685985,2024-08-02
9686560,2024-08-02
9688221,2024-08-02
9688229,2024-08-02
9688876,2024-08-02
9689152,2024-08-02
9689645,2024-08-02
9689918,2024-08-02
9689983,2024-08-02
9690026,2024-08-02
9690066,2024-08-02
9690442,2024-08-02
9690739,2024-08-02
9690877,2024-08-02
9691127,2024-08-02
9691254,2024-08-02
9691336,2024-08-02
9691381,2024-08-02
9691496,2024-08-02
9691756,2024-08-02
9691778,2024-08-02
9691829,2024-08-02
9692148,2024-08-02
9692262,2024-08-02
9692586,2024-08-02
9692722,2024-08-02
9693440,2024-08-02
9693648,2024-08-02
9693815,2024-08-02
9693822,2024-08-02
9694356,2024-08-02
9694551,2024-07-30
9694613,2024-08-02
9695368,2024-08-02
9695407,2024-08-02
9695696,2024-08-02
9696259,2024-08-02
9696406,2024-08-04
9697077,2024-08-04
9697276,2024-08-04
9697501,2024-08-04
9697535,2024-08-04
9698112,2024-08-03
9698310,2024-08-03
9699135,2024-08-03
9699396,2024-08-03
9699604,2024-08-03
9700242,2024-08-03
9700658,2024-08-03
9700803,2024-08-03
9701193,2024-08-02
9701197,2024-08-02
9701288,2024-08-03
9701289,2024-08-03
9703082,2024-08-05
9703155,2024-08-05
9703166,2024-08-05
9704194,2024-08-04
9704557,2024-08-04
9704924,2024-08-04
9704939,2024-08-04
9705450,2024-08-04
9705628,2024-08-04
9705677,2024-08-04
9707278,2024-08-05
9707507,2024-08-05
9707813,2024-08-05
9708244,2024-08-05
9708622,2024-08-06
9708772,2024-08-06
9708977,2024-08-06
9709408,2024-08-05
9709540,2024-08-06
9709967,2024-08-05
9710005,2024-08-03
9710365,2024-08-05
9710749,2024-08-05
9710998,2024-08-05
9711525,2024-08-05
9711560,2024-08-05
9711651,2024-08-05
9711793,2024-08-05
9712161,2024-08-05
9712182,2024-08-05
9712221,2024-08-05
9712304,2024-08-05
9712467,2024-08-05
9712821,2024-08-05
9712891,2024-08-05
9712948,2024-08-05
9713569,2024-08-05
9713773,2024-08-05
9714522,2024-08-05
9715909,2024-08-05
9715910,2024-08-05
9715948,2024-08-05
9716325,2024-08-05
9716333,2024-08-05
9716658,2024-08-05
9718565,2024-08-06
9718718,2024-08-06
9720088,2024-08-06
9720108,2024-08-06
9720390,2024-08-06
9720551,2024-08-06
9720788,2024-08-06
9721133,2024-08-06
9721433,2024-08-06
9721437,2024-08-06
9721497,2024-08-06
9722399,2024-08-06
9722919,2024-08-06
9723467,2024-08-06
9724178,2024-08-06
9726072,2024-08-07
9726391,2024-08-07
9726572,2024-08-06
9726929,2024-08-07
9726932,2024-08-07
9726937,2024-08-07
9727560,2024-08-07
9727801,2024-08-07
9727852,2024-08-07
9728005,2024-08-07
9728449,2024-08-07
9728458,2024-08-07
9728492,2024-08-06
9728581,2024-08-06
9728796,2024-08-06
9728806,2024-08-06
9728916,2024-08-06
9728988,2024-08-06
9729606,2024-08-06
9729750,2024-08-06
9729924,2024-08-06
9730401,2024-08-08
9730540,2024-08-07
9732510,2024-08-08
9732526,2024-08-08
9732568,2024-08-08
9732775,2024-08-08
9732941,2024-08-08
9733282,2024-08-08
9733438,2024-08-07
9734154,2024-08-07
9734172,2024-08-07
9734216,2024-08-07
9734997,2024-08-07
9735018,2024-08-07
9735066,2024-08-07
9735164,2024-08-07
9735640,2024-08-07
9735967,2024-08-07
9736053,2024-08-07
9736579,2024-08-07
9737024,2024-08-07
9737266,2024-08-07
9738127,2024-08-07
9738133,2024-08-07
9738183,2024-08-07
9738218,2024-08-07
9738219,2024-08-07
9738813,2024-08-07
9739116,2024-08-07
9739157,2024-08-07
9739757,2024-08-07
9740121,2024-08-07
9741039,2024-08-07
9741094,2024-08-07
9741664,2024-08-07
9741732,2024-08-07
9742224,2024-08-07
9742253,2024-08-07
9742375,2024-08-07
9742664,2024-08-02
9742665,2024-08-02
9743295,2024-08-08
9743436,2024-08-08
9743793,2024-08-08
9744137,2024-08-08
9744556,2024-08-08
9745195,2024-08-08
9745335,2024-08-08
9746287,2024-08-08
9746707,2024-08-08
9747300,2024-08-09
9747782,2024-08-08
9748179,2024-08-08
9748295,2024-08-08
9748318,2024-08-08
9749030,2024-08-08
9749051,2024-08-08
9749588,2024-08-08
9750873,2024-08-09
9751211,2024-08-09
9751263,2024-08-09
9752097,2024-08-09
9752159,2024-08-09
9752687,2024-08-08
9752885,2024-08-08
9753090,2024-08-08
9753478,2024-08-08
9753583,2024-08-08
9753672,2024-08-08
9753875,2024-08-08
9753946,2024-08-08
9753962,2024-08-08
9754054,2024-08-08
9754179,2024-08-08
9754313,2024-08-08
9754639,2024-08-08
9754987,2024-08-08
9755252,2024-08-08
9755297,2024-08-08
9755462,2024-08-09
9755891,2024-08-09
9756150,2024-08-09
9756402,2024-08-09
9756682,2024-08-09
9756945,2024-08-09
9756952,2024-08-09
9757025,2024-08-09
9757566,2024-08-09
9757813,2024-08-09
9758354,2024-08-10
9758813,2024-08-09
9758873,2024-08-09
9758946,2024-08-09
9758949,2024-08-09
9759089,2024-08-09
9759771,2024-08-11
9759922,2024-08-12
9759994,2024-08-12
9760035,2024-08-12
9760169,2024-08-12
9760263,2024-08-12
9760355,2024-08-11
9760726,2024-08-11
9760942,2024-08-11
9761378,2024-08-10
9761388,2024-08-10
9761390,2024-08-09
9761492,2024-08-11
9762119,2024-08-11
9762166,2024-08-11
9762716,2024-08-11
9762894,2024-08-11
9763000,2024-08-11
9763248,2024-08-09
9763254,2024-08-09
9763938,2024-08-10
9764745,2024-08-12
9765427,2024-08-10
9767781,2024-08-09
9768059,2024-08-09
9768222,2024-08-13
9770388,2024-08-13
9770857,2024-08-12
9770925,2024-08-12
9771971,2024-08-12
9771974,2024-08-12
9772115,2024-08-12
9772446,2024-08-12
9772494,2024-08-12
9772989,2024-08-12
9772995,2024-08-12
9773148,2024-08-12
9773250,2024-08-12
9773328,2024-08-12
9773348,2024-08-12
9773480,2024-08-12
9773863,2024-08-12
9774007,2024-08-10
9774055,2024-08-12
9774442,2024-08-12
9774559,2024-08-12
9774668,2024-08-10
9774716,2024-08-12
9774784,2024-08-12
9774792,2024-08-12
9775221,2024-08-12
9775274,2024-08-12
9775490,2024-08-12
9775502,2024-08-12
9775634,2024-08-12
9775640,2024-08-12
9775678,2024-08-12
9775796,2024-08-12
9775813,2024-08-12
9775825,2024-08-11
9776024,2024-08-12
9776104,2024-08-12
9776245,2024-08-12
9776563,2024-08-12
9776640,2024-08-11
9776744,2024-08-09
9776941,2024-08-12
9776980,2024-08-12
9777085,2024-08-12
9777316,2024-08-10
9777418,2024-08-11
9777486,2024-08-11
9777501,2024-08-10
9777540,2024-08-09
9777543,2024-08-09
9777544,2024-08-09
9777676,2024-08-11
9777848,2024-08-10
9777966,2024-08-12
9777969,2024-08-12
9778102,2024-08-12
9778230,2024-08-12
9778740,2024-08-11
9778741,2024-08-11
9778939,2024-08-09
9779104,2024-08-09
9780510,2024-08-13
9781514,2024-08-14
9781707,2024-08-14
9782015,2024-08-14
9782060,2024-08-14
9782062,2024-08-14
9782197,2024-08-14
9782356,2024-08-13
9782594,2024-08-13
9782954,2024-08-13
9782967,2024-08-13
9783502,2024-08-13
9783518,2024-08-13
9783576,2024-08-09
9783610,2024-08-13
9783619,2024-08-13
9783625,2024-08-13
9783627,2024-08-13
9783691,2024-08-13
9784420,2024-08-13
9784584,2024-08-13
9784585,2024-08-13
9784663,2024-08-13
9784713,2024-08-13
9784735,2024-08-13
9784868,2024-08-13
9785103,2024-08-13
9785126,2024-08-13
9785165,2024-08-13
9785229,2024-08-13
9785242,2024-08-13
9785356,2024-08-13
9785730,2024-08-13
9785800,2024-08-13
9786343,2024-08-13
9786359,2024-08-13
9786363,2024-08-13
9786375,2024-08-13
9786386,2024-08-13
9786834,2024-08-13
9786853,2024-08-13
9786886,2024-08-13
9787233,2024-08-13
9787562,2024-08-13
9787962,2024-08-13
9788525,2024-08-13
9788956,2024-08-13
9789683,2024-08-13
9789849,2024-08-13
9789910,2024-08-10
9789928,2024-08-08
9790007,2024-08-13
9790403,2024-08-13
9791821,2024-08-14
9793841,2024-08-15
9796370,2024-08-15
9796399,2024-08-14
9796537,2024-08-10
9796813,2024-08-14
9796989,2024-08-14
9797799,2024-08-14
9797954,2024-08-14
9798081,2024-08-10
9798146,2024-08-10
9798186,2024-08-10
9798763,2024-08-14
9798854,2024-08-14
9799348,2024-08-09
9800045,2024-08-14
9800313,2024-08-14
9800360,2024-08-09
9801018,2024-08-14
9801182,2024-08-14
9801348,2024-08-14
9801492,2024-08-14
9801513,2024-08-14
9801573,2024-08-14
9801611,2024-08-14
9801818,2024-08-09
9802234,2024-08-14
9802481,2024-08-14
9802526,2024-08-09
9802559,2024-08-09
9802577,2024-08-14
9802762,2024-08-14
9803010,2024-08-14
9803052,2024-08-14
9803438,2024-08-14
9803965,2024-08-14
9803996,2024-08-14
9804020,2024-08-14
9804056,2024-08-14
9804085,2024-08-14
9804109,2024-08-14
9804339,2024-08-14
9804830,2024-08-14
9804879,2024-08-14
9805129,2024-08-14
9805202,2024-08-14
9805574,2024-08-14
9805649,2024-08-09
9805680,2024-08-08
9806525,2024-08-16
9807109,2024-08-16
9808357,2024-08-16
9808393,2024-08-16
9808563,2024-08-16
9808678,2024-08-15
9809862,2024-08-15
9810684,2024-08-15
9810786,2024-08-15
9811641,2024-08-15
9811756,2024-08-15
9811955,2024-08-15
9812593,2024-08-15
9813152,2024-08-15
9813450,2024-08-15
9813811,2024-08-15
9813993,2024-08-15
9814057,2024-08-15
9814576,2024-08-15
9814585,2024-08-15
9815096,2024-08-15
9815125,2024-08-15
9815216,2024-08-15
9815955,2024-08-15
9816104,2024-08-15
9816192,2024-08-15
9816547,2024-08-15
9816641,2024-08-15
9816738,2024-08-15
9816756,2024-08-15
9817440,2024-08-11
9817475,2024-08-11
9817667,2024-08-11
9817777,2024-08-13
9817901,2024-08-15
9817936,2024-08-11
9818406,2024-08-15
9819795,2024-08-17
9821313,2024-08-16
9821583,2024-08-17
9821666,2024-08-17
9821719,2024-08-17
9821732,2024-08-17
9822246,2024-08-17
9822657,2024-08-17
9822724,2024-08-16
9822878,2024-08-17
9823090,2024-08-16
9823168,2024-08-16
9823256,2024-08-16
9823342,2024-08-16
9823435,2024-08-16
9823439,2024-08-16
9823865,2024-08-16
9823878,2024-08-16
9824377,2024-08-16
9824591,2024-08-16
9824600,2024-08-16
9824993,2024-08-16
9825031,2024-08-16
9825158,2024-08-16
9825176,2024-08-16
9825638,2024-08-16
9825767,2024-08-16
9825824,2024-08-16
9826563,2024-08-16
9826621,2024-08-16
9827219,2024-08-16
9827249,2024-08-16
9827511,2024-08-16
9828159,2024-08-16
9828862,2024-08-16
9829073,2024-08-16
9829282,2024-08-16
9830395,2024-08-18
9831630,2024-08-18
9832154,2024-08-18
9832201,2024-08-18
9832573,2024-08-17
9832855,2024-08-17
9833140,2024-08-17
9833160,2024-08-17
9833251,2024-08-17
9833331,2024-08-17
9833441,2024-08-17
9833568,2024-08-17
9833637,2024-08-17
9833755,2024-08-17
9833798,2024-08-17
9834206,2024-08-17
9834235,2024-08-17
9834580,2024-08-17
9834777,2024-08-17
9835296,2024-08-17
9835551,2024-08-17
9835598,2024-08-17
9835627,2024-08-17
9835689,2024-08-17
9835955,2024-08-17
9836060,2024-08-17
9836074,2024-08-17
9837182,2024-08-19
9838284,2024-08-19
9838653,2024-08-18
9838948,2024-08-19
9839300,2024-08-18
9839324,2024-08-18
9839387,2024-08-18
9839848,2024-08-18
9839921,2024-08-18
9840419,2024-08-18
9840517,2024-08-18
9840590,2024-08-18
9840976,2024-08-18
9841024,2024-08-18
9841150,2024-08-18
9841604,2024-08-18
9841706,2024-08-18
9841874,2024-08-18
9842401,2024-08-19
9843862,2024-08-19
9843927,2024-08-19
9844293,2024-08-19
9844470,2024-08-19
9844884,2024-08-19
9845044,2024-08-19
9845056,2024-08-19
9845203,2024-08-19
9845446,2024-08-19
9845582,2024-08-19
9845631,2024-08-19
9845757,2024-08-19
9845822,2024-08-19
9845848,2024-08-19
9846356,2024-08-20
9846363,2024-08-20
9846383,2024-08-20
9846401,2024-08-20
9846685,2024-08-19
9847041,2024-08-20
9847292,2024-08-20
9847673,2024-08-20
9848006,2024-08-20
9848404,2024-08-19
9848532,2024-08-19
9848700,2024-08-19
9849008,2024-08-19
9849598,2024-08-19
9849894,2024-08-19
9850170,2024-08-19
9850363,2024-08-19
9850455,2024-08-19
9850794,2024-08-19
9850929,2024-08-19
9851228,2024-08-19
9851935,2024-08-19
9852232,2024-08-19
9852516,2024-08-19
9857276,2024-08-21
9858168,2024-08-21
9858171,2024-08-21
9858346,2024-08-21
9858683,2024-08-21
9858712,2024-08-20
9858770,2024-08-21
9858816,2024-08-21
9859017,2024-08-21
9859302,2024-08-21
9859313,2024-08-21
9859642,2024-08-20
9860387,2024-08-20
9860418,2024-08-20
9860443,2024-08-20
9860508,2024-08-20
9860523,2024-08-20
9860530,2024-08-20
9860536,2024-08-20
9860537,2024-08-20
9860799,2024-08-20
9861519,2024-08-20
9861531,2024-08-20
9861542,2024-08-20
9861554,2024-08-20
9861557,2024-08-20
9862223,2024-08-20
9862406,2024-08-20
9862438,2024-08-20
9862565,2024-08-20
9862648,2024-08-20
9862687,2024-08-20
9864050,2024-08-20
9864182,2024-08-20
9864782,2024-08-20
9865111,2024-08-20
9865113,2024-08-20
9865177,2024-08-20
9865203,2024-08-20
9866846,2024-08-20
9868887,2024-08-20
9870821,2024-08-22
9872244,2024-08-22
9872657,2024-08-22
9872969,2024-08-22
9873335,2024-08-22
9873375,2024-08-22
9873405,2024-08-22
9873435,2024-08-22
9873623,2024-08-22
9874014,2024-08-21
9874034,2024-08-21
9874048,2024-08-21
9874050,2024-08-21
9874118,2024-08-22
9874466,2024-08-21
9874814,2024-08-21
9874937,2024-08-21
9874959,2024-08-21
9874964,2024-08-21
9874990,2024-08-21
9875405,2024-08-21
9875484,2024-08-21
9875751,2024-08-21
9876329,2024-08-21
9876627,2024-08-21
9876741,2024-08-21
9876768,2024-08-21
9877111,2024-08-21
9877429,2024-08-21
9877730,2024-08-21
9878837,2024-08-21
9878854,2024-08-21
9878951,2024-08-21
9879508,2024-08-21
9879964,2024-08-21
9880490,2024-08-21
9880754,2024-08-21
9881556,2024-08-21
9881588,2024-08-21
9881589,2024-08-21
9881609,2024-08-21
9883207,2024-08-22
9883355,2024-08-22
9883372,2024-08-22
9883466,2024-08-22
9883834,2024-08-22
9883854,2024-08-22
9883877,2024-08-22
9884979,2024-08-22
9885089,2024-08-22
9885364,2024-08-22
9886282,2024-08-22
9886995,2024-08-22
9889656,2024-08-22
9890206,2024-08-23
9890607,2024-08-23
9890740,2024-08-23
9890741,2024-08-23
9891122,2024-08-23
9891342,2024-08-22
9891465,2024-08-22
9891472,2024-08-22
9892102,2024-08-22
9892185,2024-08-22
9892274,2024-08-22
9892386,2024-08-22
9892606,2024-08-22
9892797,2024-08-22
9893143,2024-08-22
9893184,2024-08-22
9894190,2024-08-22
9894240,2024-08-22
9894674,2024-08-22
9894676,2024-08-22
9895378,2024-08-22
9895878,2024-08-22
9895919,2024-08-22
9896216,2024-08-22
9897173,2024-08-24
9898432,2024-08-24
9898479,2024-08-23
9898508,2024-08-23
9898518,2024-08-23
9898613,2024-08-23
9898664,2024-08-23
9898932,2024-08-24
9899074,2024-08-23
9899164,2024-08-23
9899231,2024-08-23
9899296,2024-08-23
9899304,2024-08-23
9899334,2024-08-23
9899397,2024-08-23
9899411,2024-08-23
9899539,2024-08-23
9900002,2024-08-24
9900516,2024-08-23
9902394,2024-08-23
9902456,2024-08-23
9903024,2024-08-23
9903046,2024-08-23
9903119,2024-08-23
9903147,2024-08-23
9903168,2024-08-23
9903197,2024-08-23
9903740,2024-08-23
9903826,2024-08-23
9904025,2024-08-23
9904904,2024-08-23
9904912,2024-08-23
9904950,2024-08-23
9904965,2024-08-23
9905053,2024-08-23
9905822,2024-08-23
9906035,2024-08-23
9906119,2024-08-23
9906140,2024-08-23
9906348,2024-08-23
9907105,2024-08-23
9907395,2024-08-22
9908199,2024-08-24
9908273,2024-08-24
9909112,2024-08-25
9909373,2024-08-25
9909497,2024-08-25
9910621,2024-08-24
9910901,2024-08-24
9910948,2024-08-24
9911773,2024-08-25
9911961,2024-08-25
9912343,2024-08-27
9912641,2024-08-27
9913185,2024-08-25
9914022,2024-08-27
9914767,2024-08-26
9915488,2024-08-27
9915579,2024-08-26
9916428,2024-08-26
9917206,2024-08-26
9917294,2024-08-26
9917604,2024-08-27
9917630,2024-08-27
9919392,2024-08-26
9919489,2024-08-25
9920937,2024-08-25
9921009,2024-08-25
9921109,2024-08-25
9921318,2024-08-27
9921332,2024-08-27
9921695,2024-08-27
9922499,2024-08-25
9923037,2024-08-25
9923239,2024-08-27
9924513,2024-08-25
9925107,2024-08-26
9925168,2024-08-26
9925232,2024-08-24
9925350,2024-08-24
9925649,2024-08-26
9925796,2024-08-26
9925907,2024-08-26
9925944,2024-08-26
9926063,2024-08-26
9926715,2024-08-26
9927371,2024-08-26
9927734,2024-08-26
9927860,2024-08-26
9928193,2024-08-26
9928719,2024-08-26
9928815,2024-08-26
9928965,2024-08-26
9929000,2024-08-26
9929015,2024-08-26
9929024,2024-08-26
9929724,2024-08-27
9930073,2024-08-28
9930619,2024-08-28
9930826,2024-08-28
9931297,2024-08-28
9931356,2024-08-28
9931810,2024-08-28
9931906,2024-08-28
9932243,2024-08-28
9932698,2024-08-27
9932963,2024-08-27
9933197,2024-08-27
9933241,2024-08-27
9933279,2024-08-27
9933658,2024-08-27
9933910,2024-08-27
9933976,2024-08-27
9934499,2024-08-27
9934514,2024-08-27
9934523,2024-08-27
9934563,2024-08-27
9934583,2024-08-27
9934590,2024-08-27
9935147,2024-08-27
9935356,2024-08-27
9935686,2024-08-27
9935719,2024-08-27
9935737,2024-08-27
9935772,2024-08-27
9936376,2024-08-27
9936637,2024-08-27
9936910,2024-08-27
9937076,2024-08-27
9937256,2024-08-27
9937800,2024-08-27
9937814,2024-08-27
9937855,2024-08-27
9939788,2024-08-27
9939919,2024-08-27
9940016,2024-08-27
9940143,2024-08-27
9940200,2024-08-27
9940316,2024-08-27
9941634,2024-08-28
9941746,2024-08-28
9941819,2024-08-28
9942331,2024-08-28
9942348,2024-08-28
9942613,2024-08-28
9943007,2024-08-28
9943241,2024-08-28
9946389,2024-08-28
9947639,2024-08-28
9948011,2024-08-28
9948119,2024-08-28
9948238,2024-08-28
9948362,2024-08-28
9948602,2024-08-28
9948648,2024-08-28
9949024,2024-08-28
9949143,2024-08-28
9949883,2024-08-28
9949899,2024-08-28
9949963,2024-08-28
9950065,2024-08-28
9950258,2024-08-28
9950317,2024-08-28
9950426,2024-08-28
9950479,2024-08-28
9950594,2024-08-28
9950815,2024-08-28
9950859,2024-08-28
9951112,2024-08-28
9951177,2024-08-28
9951336,2024-08-28
9951538,2024-08-28
9951957,2024-08-28
9952598,2024-08-30
9952780,2024-08-30
9952866,2024-08-30
9953151,2024-08-30
9954533,2024-08-29
9954725,2024-08-29
9954779,2024-08-29
9954989,2024-08-29
9955031,2024-08-29
9955044,2024-08-29
9955183,2024-08-29
9955872,2024-08-29
9955938,2024-08-29
9956286,2024-08-29
9956496,2024-08-29
9956812,2024-08-29
9956959,2024-08-29
9957607,2024-08-29
9957636,2024-08-29
9958233,2024-08-28
9958528,2024-08-30
9958983,2024-08-30
9959009,2024-08-30
9959028,2024-08-30
9959178,2024-08-29
9959406,2024-08-30
9959451,2024-08-30
9959686,2024-08-30
9960169,2024-08-29
9960507,2024-08-30
9961384,2024-08-30
9961604,2024-08-30
9961656,2024-08-30
9961779,2024-08-29
9961900,2024-08-29
9962045,2024-08-30
9962180,2024-08-30
9962256,2024-08-30
9962303,2024-08-29
9962639,2024-08-30
9962813,2024-08-30
9963033,2024-08-30
9963039,2024-08-30
9963387,2024-08-29
9964650,2024-08-30
9965042,2024-08-30
9965077,2024-08-30
9965511,2024-08-29
9967300,2024-08-31
9968394,2024-08-30
9968648,2024-08-30
9968649,2024-08-30
9968767,2024-08-30
9968964,2024-08-30
9969235,2024-08-30
9969390,2024-08-30
9969587,2024-08-30
9969680,2024-08-30
9969705,2024-08-30
9969712,2024-08-30
9969801,2024-08-28
9970253,2024-08-30
9970324,2024-08-30
9971149,2024-08-30
9971227,2024-08-30
9971322,2024-08-30
9972037,2024-09-01
9972056,2024-09-01
9973067,2024-08-31
9973420,2024-08-29
9973616,2024-08-31
9973637,2024-08-31
9973749,2024-08-31
9973953,2024-08-31
9974349,2024-08-31
9974354,2024-08-31
9974357,2024-08-31
9974499,2024-08-31
9974848,2024-08-29
9974902,2024-08-29
9974927,2024-08-29
9975619,2024-08-31
9975713,2024-08-29
9976182,2024-08-31
9976540,2024-08-31
9977557,2024-08-31
9977721,2024-08-31
9979451,2024-08-31
9980189,2024-08-31
9980224,2024-09-02
9980949,2024-09-02
9981293,2024-09-02
9981341,2024-08-31
9981578,2024-09-02
9982748,2024-09-01
9983110,2024-09-01
9984073,2024-09-01
9984075,2024-09-01
9984301,2024-09-01
9984443,2024-09-01
9984610,2024-09-01
9984642,2024-08-29
9984700,2024-08-29
9984715,2024-08-29
9984751,2024-08-29
9984752,2024-08-29
9984806,2024-08-29
9984872,2024-08-29
9984923,2024-08-29
9985044,2024-08-29
9985117,2024-08-29
9985197,2024-08-29
9985612,2024-08-29
9985788,2024-08-29
9985988,2024-08-29
9986109,2024-08-29
9986264,2024-08-29
9987462,2024-09-02
9987479,2024-09-02
9987563,2024-09-01
9987960,2024-09-03
9988251,2024-09-02
9988296,2024-09-02
9988305,2024-09-02
9988332,2024-09-03
9988378,2024-09-03
9988690,2024-09-03
9990124,2024-09-02
9990150,2024-09-02
9990379,2024-09-02
9990579,2024-09-02
9990751,2024-09-02
9991180,2024-09-02
9991995,2024-09-02
9992769,2024-09-02
9992935,2024-09-02
9993128,2024-09-02
9993248,2024-09-02
9993542,2024-09-02
9994072,2024-09-02
9994974,2024-09-02
9995922,2024-09-04
9995967,2024-09-04
9997731,2024-09-04
9998139,2024-09-03
9999052,2024-09-03
9999076,2024-09-03
9999983,2024-09-03
10000063,2024-09-03
10000124,2024-09-03
10000342,2024-09-03
10001206,2024-09-03
10001257,2024-09-03
10001408,2024-09-03
10001817,2024-09-03
10001822,2024-09-03
10001899,2024-09-02
10002005,2024-08-29
10002045,2024-09-03
10002136,2024-09-03
10002553,2024-09-03
10002579,2024-09-03
10003167,2024-09-03
10003230,2024-09-03
10003343,2024-09-03
10003501,2024-08-27
10003536,2024-09-03
10003548,2024-09-03
10003567,2024-09-03
10003818,2024-09-03
10004192,2024-09-03
10005494,2024-09-03
10005694,2024-09-03
10005748,2024-09-03
10006434,2024-08-29
10006710,2024-09-03
10007060,2024-09-03
10008009,2024-09-01
10008041,2024-08-30
10008342,2024-09-03
10008670,2024-09-03
10008719,2024-08-31
10008917,2024-09-03
10010036,2024-09-04
10010271,2024-09-04
10010273,2024-09-04
10010653,2024-09-04
10011534,2024-09-04
10011881,2024-09-04
10011939,2024-09-04
10012231,2024-09-04
10012310,2024-09-04
10012323,2024-09-04
10012446,2024-09-04
10012490,2024-09-04
10012885,2024-09-04
10013235,2024-09-04
10014062,2024-09-05
10014355,2024-09-04
10014426,2024-09-04
10015069,2024-09-05
10015093,2024-09-05
10015608,2024-09-04
10015871,2024-09-04
10016163,2024-09-05
10016232,2024-09-04
10016414,2024-09-05
10016539,2024-09-04
10017143,2024-09-04
10017449,2024-09-04
10017550,2024-09-04
10017586,2024-09-04
10017636,2024-09-04
10018256,2024-09-04
10018389,2024-09-04
10019437,2024-09-05
10019441,2024-09-05
10019783,2024-09-05
10019854,2024-09-04
10019934,2024-09-05
10020280,2024-09-04
10020473,2024-09-05
10020620,2024-09-04
10020985,2024-09-04
10021346,2024-09-04
10022219,2024-09-04
10022234,2024-09-04
10022600,2024-09-04
10022739,2024-09-04
10023034,2024-09-04
10024013,2024-09-04
10024117,2024-09-04
10024306,2024-09-04
10024569,2024-09-04
10024910,2024-09-04
10024962,2024-09-04
10026595,2024-09-06
10027323,2024-09-05
10027746,2024-09-05
10027960,2024-09-05
10028862,2024-09-05
10028904,2024-09-05
10028991,2024-09-05
10029061,2024-09-05
10029068,2024-09-05
10029099,2024-09-05
10029147,2024-09-05
10029227,2024-09-05
10029276,2024-09-05
10029714,2024-09-05
10029838,2024-09-05
10030382,2024-09-05
10031415,2024-09-05
10031607,2024-09-05
10031695,2024-09-05
10032431,2024-09-05
10032572,2024-09-05
10032945,2024-09-05
10033023,2024-09-05
10033111,2024-09-05
10033186,2024-09-05
10033190,2024-09-05
10034610,2024-09-07
10035110,2024-09-07
10035305,2024-09-07
10035661,2024-09-07
10036065,2024-09-07
10037152,2024-09-07
10037216,2024-09-07
10037243,2024-09-07
10037593,2024-09-07
10037608,2024-09-07
10039503,2024-09-06
10040030,2024-09-06
10040910,2024-09-06
10041675,2024-09-06
10041769,2024-09-06
10041795,2024-09-06
10041992,2024-09-06
10042130,2024-09-06
10042992,2024-09-06
10043037,2024-09-06
10043189,2024-09-06
10043517,2024-09-06
10043594,2024-09-06
10043666,2024-09-06
10044516,2024-09-06
10045060,2024-09-05
10046904,2024-09-06
10047152,2024-09-06
10047166,2024-09-06
10047858,2024-09-05
10048058,2024-09-06
10048495,2024-09-05
10048804,2024-09-05
10049089,2024-09-05
10049646,2024-09-09
10049742,2024-09-09
10049858,2024-09-09
10050000,2024-09-09
10050027,2024-09-09
10050133,2024-09-09
10050247,2024-09-09
10050298,2024-09-09
10050845,2024-09-07
10051665,2024-09-07
10051702,2024-09-08
10051751,2024-09-09
10052406,2024-09-09
10052626,2024-09-06
10052717,2024-09-08
10052952,2024-09-09
10052976,2024-09-09
10053072,2024-09-09
10053207,2024-09-09
10053708,2024-09-09
10054551,2024-09-09
10054567,2024-09-09
10054594,2024-09-09
10054643,2024-09-09
10055048,2024-09-08
10055069,2024-09-08
10055155,2024-09-08
10055298,2024-09-08
10055356,2024-09-08
10055550,2024-09-09
10055615,2024-09-07
10055631,2024-09-08
10055655,2024-09-08
10055946,2024-09-06
10055969,2024-09-07
10056102,2024-09-09
10056123,2024-09-07
10056138,2024-09-06
10056167,2024-09-06
10056262,2024-09-07
10056349,2024-09-07
10056468,2024-09-06
10056556,2024-09-06
10056566,2024-09-06
10056786,2024-09-06
10056989,2024-09-09
10057395,2024-09-09
10057948,2024-09-08
10058022,2024-09-08
10058197,2024-09-09
10058453,2024-09-08
10058864,2024-09-08
10059338,2024-09-07
10059406,2024-09-07
10059540,2024-09-07
10059579,2024-09-06
10059666,2024-09-07
10059730,2024-09-06
10059763,2024-09-07
10059817,2024-09-06
10059827,2024-09-06
10059923,2024-09-06
10059941,2024-09-06
10061550,2024-09-09
10061661,2024-09-09
10061803,2024-09-09
10062119,2024-09-08
10062227,2024-09-08
10062358,2024-09-08
10063890,2024-09-08
10064104,2024-09-08
10064570,2024-09-10
10064986,2024-09-10
10065023,2024-09-10
10065154,2024-09-10
10065211,2024-09-09
10065329,2024-09-09
10065593,2024-09-09
10065660,2024-09-10
10065720,2024-09-09
10065765,2024-09-09
10065949,2024-09-09
10066146,2024-09-09
10066414,2024-09-10
10066601,2024-09-10
10066671,2024-09-10
10066922,2024-09-10
10067115,2024-09-10
10067228,2024-09-09
10067555,2024-09-09
10068061,2024-09-09
10068116,2024-09-09
10068349,2024-09-09
10068469,2024-09-09
10068493,2024-09-05
10068686,2024-09-10
10069166,2024-09-10
10070056,2024-09-11
10070949,2024-09-10
10071686,2024-09-10
10072014,2024-09-10
10072226,2024-09-10
10072878,2024-09-11
10073414,2024-09-11
10073564,2024-09-10
10073770,2024-09-10
10073776,2024-09-10
10073889,2024-09-10
10073959,2024-09-10
10074445,2024-09-10
10074755,2024-09-10
10074915,2024-09-10
10075411,2024-09-10
10075808,2024-09-10
10075976,2024-09-10
10077110,2024-09-10
10078304,2024-09-10
10078383,2024-09-10
10080563,2024-09-10
10080802,2024-09-10
10081106,2024-09-10
10081161,2024-09-09
10081229,2024-09-10
10081360,2024-09-09
10081463,2024-09-09
10081710,2024-09-09
10082392,2024-09-09
10082397,2024-09-09
10083661,2024-09-12
10083776,2024-09-11
10085503,2024-09-11
10085725,2024-09-11
10085837,2024-09-11
10086101,2024-09-11
10086398,2024-09-11
10086401,2024-09-11
10086500,2024-09-11
10086841,2024-09-11
10087074,2024-09-11
10087684,2024-09-11
10088240,2024-09-11
10088903,2024-09-11
10089894,2024-09-11
10090817,2024-09-11
10090830,2024-09-11
10091609,2024-09-11
10092236,2024-09-11
10092981,2024-09-06
10092992,2024-09-05
10093436,2024-09-11
10094225,2024-09-11
10095113,2024-09-12
10095127,2024-09-12
10095129,2024-09-12
10095237,2024-09-12
10095291,2024-09-12
10095777,2024-09-12
10095998,2024-09-12
10096176,2024-09-12
10096353,2024-09-12
10096554,2024-09-12
10096968,2024-09-12
10097071,2024-09-12
10098088,2024-09-12
10098136,2024-09-12
10098198,2024-09-12
10098233,2024-09-12
10098426,2024-09-12
10098553,2024-09-12
10098964,2024-09-12
10099019,2024-09-12
10099131,2024-09-12
10099205,2024-09-12
10099813,2024-09-12
10100107,2024-09-12
10100209,2024-09-12
10100337,2024-09-12
10100576,2024-09-12
10100876,2024-09-12
10100921,2024-09-12
10101328,2024-09-12
10101707,2024-09-12
10101739,2024-09-12
10102566,2024-09-12
10102568,2024-09-11
10102887,2024-09-12
10104911,2024-09-13
10105379,2024-09-12
10105780,2024-09-12
10105891,2024-09-12
10106050,2024-09-12
10106344,2024-09-12
10106357,2024-09-12
10106655,2024-09-12
10106659,2024-09-12
10107028,2024-09-12
10107035,2024-09-12
10107520,2024-09-12
10107530,2024-09-12
10108367,2024-09-13
10108391,2024-09-14
10109405,2024-09-13
10109455,2024-09-13
10109477,2024-09-13
10109570,2024-09-13
10109916,2024-09-13
10109963,2024-09-13
10110207,2024-09-13
10110362,2024-09-13
10110481,2024-09-13
10111313,2024-09-09
10111341,2024-09-13
10111985,2024-09-13
10112031,2024-09-13
10112054,2024-09-13
10112100,2024-09-13
10112387,2024-09-10
10113612,2024-09-13
10113685,2024-09-13
10113806,2024-09-13
10114176,2024-09-13
10114532,2024-09-13
10114567,2024-09-13
10114656,2024-09-13
10114754,2024-09-13
10114802,2024-09-13
10115035,2024-09-13
10115058,2024-09-13
10115185,2024-09-13
10115190,2024-09-13
10115194,2024-09-13
10115809,2024-09-13
10115890,2024-09-13
10116219,2024-09-13
10116862,2024-09-13
10116884,2024-09-13
10116895,2024-09-13
10116938,2024-09-13
10116942,2024-09-13
10116956,2024-09-13
10117000,2024-09-13
10117034,2024-09-13
10117115,2024-09-13
10117221,2024-09-13
10117539,2024-09-13
10117549,2024-09-13
10118304,2024-09-12
10118398,2024-09-13
10118400,2024-09-13
10118741,2024-09-13
10119421,2024-09-13
10119462,2024-09-13
10119646,2024-09-13
10119926,2024-09-13
10120060,2024-09-13
10120421,2024-09-13
10120771,2024-09-14
10121500,2024-09-15
10121844,2024-09-14
10122683,2024-09-14
10122740,2024-09-14
10122843,2024-09-14
10122989,2024-09-14
10123334,2024-09-14
10123383,2024-09-14
10123453,2024-09-14
10123735,2024-09-14
10123823,2024-09-14
10123857,2024-09-14
10123872,2024-09-14
10123999,2024-09-14
10124019,2024-09-14
10124233,2024-09-14
10124358,2024-09-14
10124459,2024-09-14
10124484,2024-09-14
10124500,2024-09-14
10124558,2024-09-14
10124711,2024-09-14
10124793,2024-09-14
10125386,2024-09-14
10125406,2024-09-14
10125671,2024-09-14
10125785,2024-09-14
10125859,2024-09-14
10125965,2024-09-13
10126134,2024-09-14
10126143,2024-09-14
10126261,2024-09-13
10126301,2024-09-13
10126331,2024-09-14
10126408,2024-09-13
10126589,2024-09-13
10127109,2024-09-14
10127268,2024-09-14
10127338,2024-09-14
10128183,2024-09-16
10129781,2024-09-15
10129855,2024-09-15
10129894,2024-09-15
10130312,2024-09-15
10130373,2024-09-15
10130568,2024-09-15
10130584,2024-09-15
10130702,2024-09-15
10130774,2024-09-15
10130854,2024-09-15
10130887,2024-09-15
10131022,2024-09-15
10131242,2024-09-15
10131283,2024-09-15
10131421,2024-09-15
10131488,2024-09-15
10131557,2024-09-15
10131587,2024-09-15
10131741,2024-09-15
10132910,2024-09-17
10132932,2024-09-17
10134395,2024-09-16
10134430,2024-09-16
10134442,2024-09-16
10134568,2024-09-16
10134607,2024-09-16
10134639,2024-09-16
10135143,2024-09-16
10135262,2024-09-16
10135825,2024-09-16
10135844,2024-09-16
10136002,2024-09-16
10136704,2024-09-16
10137210,2024-09-16
10137510,2024-09-16
10137753,2024-09-16
10138065,2024-09-16
10138066,2024-09-16
10138073,2024-09-16
10138082,2024-09-16
10138109,2024-09-16
10138127,2024-09-16
10138130,2024-09-16
10138497,2024-09-16
10138612,2024-09-16
10138661,2024-09-16
10138727,2024-09-16
10138735,2024-09-16
10138796,2024-09-16
10138802,2024-09-16
10138846,2024-09-16
10139324,2024-09-16
10139350,2024-09-16
10140048,2024-09-16
10140918,2024-09-16
10142377,2024-09-16
10144021,2024-09-17
10144307,2024-09-17
10144318,2024-09-17
10144778,2024-09-17
10144924,2024-09-17
10145511,2024-09-17
10145550,2024-09-17
10145563,2024-09-17
10146074,2024-09-17
10146168,2024-09-17
10146210,2024-09-17
10146342,2024-09-17
10146797,2024-09-17
10146885,2024-09-17
10147103,2024-09-17
10147237,2024-09-17
10147968,2024-09-17
10148328,2024-09-17
10148362,2024-09-17
10148479,2024-09-17
10148586,2024-09-17
10148647,2024-09-17
10149336,2024-09-17
10149351,2024-09-17
10149482,2024-09-17
10149883,2024-09-17
10150715,2024-09-17
10150791,2024-09-17
10150984,2024-09-17
10151272,2024-09-17
10152019,2024-09-17
10152136,2024-09-17
10152181,2024-09-17
10153087,2024-09-17
10154214,2024-09-17
10154480,2024-09-17
10155105,2024-09-17
10155512,2024-09-16
10155588,2024-09-16
10156319,2024-09-17
10156398,2024-09-17
10156636,2024-09-17
10157328,2024-09-18
10158263,2024-09-18
10158297,2024-09-18
10158348,2024-09-18
10158370,2024-09-18
10158407,2024-09-18
10158423,2024-09-18
10158444,2024-09-18
10159107,2024-09-18
10159110,2024-09-18
10159307,2024-09-18
10159869,2024-09-18
10160043,2024-09-18
10160103,2024-09-18
10160118,2024-09-18
10160146,2024-09-18
10160157,2024-09-18
10160171,2024-09-18
10160181,2024-09-18
10160187,2024-09-18
10160681,2024-09-18
10161631,2024-09-18
10161761,2024-09-18
10161801,2024-09-18
10161939,2024-09-18
10162473,2024-09-18
10162585,2024-09-18
10162605,2024-09-18
10163165,2024-09-18
10163324,2024-09-18
10163445,2024-09-18
10163507,2024-09-18
10163652,2024-09-18
10163685,2024-09-18
10163902,2024-09-18
10164007,2024-09-18
10166114,2024-09-18
10166602,2024-09-18
10166782,2024-09-18
10167399,2024-09-18
10168070,2024-09-19
10168459,2024-09-19
10168551,2024-09-18
10169500,2024-09-19
10169514,2024-09-19
10169724,2024-09-19
10169732,2024-09-19
10170034,2024-09-19
10170636,2024-09-19
10170862,2024-09-19
10171090,2024-09-19
10171532,2024-09-19
10171559,2024-09-19
10171665,2024-09-19
10171905,2024-09-19
10172187,2024-09-19
10172400,2024-09-19
10172442,2024-09-19
10172469,2024-09-19
10172484,2024-09-19
10172703,2024-09-19
10174163,2024-09-18
10174303,2024-09-19
10174561,2024-09-18
10175161,2024-09-19
10175508,2024-09-18
10176026,2024-09-19
10176255,2024-09-17
10176292,2024-09-18
10176359,2024-09-19
10176366,2024-09-19
10176422,2024-09-19
10177729,2024-09-19
10177793,2024-09-19
10178352,2024-09-19
10178474,2024-09-20
10178567,2024-09-20
10178665,2024-09-20
10179236,2024-09-19
10180096,2024-09-19
10180486,2024-09-19
10180797,2024-09-19
10182229,2024-09-21
10182413,2024-09-20
10182616,2024-09-20
10183061,2024-09-20
10183088,2024-09-20
10183310,2024-09-20
10183716,2024-09-20
10183951,2024-09-20
10183999,2024-09-20
10184123,2024-09-20
10184167,2024-09-20
10184176,2024-09-20
10185249,2024-09-20
10185344,2024-09-20
10185591,2024-09-20
10185719,2024-09-20
10185754,2024-09-20
10186510,2024-09-20
10186570,2024-09-20
10187002,2024-09-20
10188058,2024-09-20
10188311,2024-09-20
10188842,2024-09-20
10189062,2024-09-20
10189859,2024-09-20
10189932,2024-09-20
10191675,2024-09-19
10191708,2024-09-19
10192445,2024-09-19
10192626,2024-09-19
10192747,2024-09-19
10193041,2024-09-19
10193251,2024-09-20
10193465,2024-09-20
10193968,2024-09-19
10194831,2024-09-19
10195488,2024-09-19
10196099,2024-09-20
10196832,2024-09-21
10196836,2024-09-21
10197023,2024-09-21
10197133,2024-09-21
10197217,2024-09-21
10197223,2024-09-21
10197507,2024-09-21
10197708,2024-09-21
10197747,2024-09-21
10197771,2024-09-21
10197803,2024-09-21
10197883,2024-09-21
10197974,2024-09-21
10198009,2024-09-21
10198586,2024-09-21
10198772,2024-09-21
10198867,2024-09-21
10199207,2024-09-21
10199366,2024-09-21
10199539,2024-09-21
10199685,2024-09-21
10199757,2024-09-21
10201223,2024-09-21
10202790,2024-09-21
10203343,2024-09-17
10203529,2024-09-22
10204427,2024-09-23
10204550,2024-09-23
10205153,2024-09-22
10205245,2024-09-23
10205624,2024-09-23
10206076,2024-09-22
10206196,2024-09-22
10206204,2024-09-22
10206617,2024-09-22
10206679,2024-09-22
10207001,2024-09-22
10207050,2024-09-22
10207071,2024-09-22
10207397,2024-09-22
10207499,2024-09-22
10208011,2024-09-22
10208155,2024-09-22
10208363,2024-09-22
10208587,2024-09-23
10210330,2024-09-24
10210502,2024-09-23
10210879,2024-09-23
10210880,2024-09-23
10210938,2024-09-24
10211253,2024-09-23
10211294,2024-09-23
10212485,2024-09-24
10213020,2024-09-23
10213230,2024-09-24
10214263,2024-09-23
10214310,2024-09-23
10217214,2024-09-24
10218020,2024-09-23
10218055,2024-09-23
10218057,2024-09-23
10219339,2024-09-23
10219423,2024-09-23
10220056,2024-09-23
10220189,2024-09-23
10220207,2024-09-23
10220526,2024-09-23
10220867,2024-09-23
10220869,2024-09-23
10220953,2024-09-23
10221085,2024-09-23
10221367,2024-09-23
10221513,2024-09-23
10221653,2024-09-23
10221754,2024-09-23
10222101,2024-09-23
10222157,2024-09-23
10222612,2024-09-23
10223211,2024-09-23
10223642,2024-09-22
10224335,2024-09-24
10224508,2024-09-24
10224518,2024-09-24
10224696,2024-09-24
10224994,2024-09-24
10225234,2024-09-24
10226031,2024-09-24
10226333,2024-09-24
10226547,2024-09-24
10226573,2024-09-24
10226623,2024-09-24
10226685,2024-09-24
10228732,2024-09-24
10228856,2024-09-24
10229400,2024-09-24
10230640,2024-09-24
10230703,2024-09-24
10231743,2024-09-25
10231968,2024-09-24
10232398,2024-09-25
10232537,2024-09-24
10232694,2024-09-24
10232815,2024-09-25
10233087,2024-09-25
10233120,2024-09-25
10233261,2024-09-25
10233604,2024-09-24
10233612,2024-09-24
10233746,2024-09-24
10234706,2024-09-25
10234956,2024-09-25
10235258,2024-09-26
10235415,2024-09-26
10235444,2024-09-25
10235677,2024-09-26
10236065,2024-09-25
10236118,2024-09-25
10236995,2024-09-24
10237202,2024-09-26
10237842,2024-09-25
10238431,2024-09-25
10238610,2024-09-25
10239638,2024-09-25
10240603,2024-09-25
10240893,2024-09-25
10240923,2024-09-25
10240963,2024-09-25
10241054,2024-09-25
10241170,2024-09-25
10241271,2024-09-25
10242619,2024-09-25
10242840,2024-09-25
10243122,2024-09-25
10243124,2024-09-25
10243273,2024-09-25
10243303,2024-09-25
10243630,2024-09-25
10243671,2024-09-25
10244099,2024-09-25
10244357,2024-09-25
10244860,2024-09-25
10245413,2024-09-25
10246404,2024-09-25
10246473,2024-09-25
10247104,2024-09-25
10247315,2024-09-25
10247633,2024-09-25
10253692,2024-09-26
10255006,2024-09-26
10255964,2024-09-26
10256236,2024-09-26
10256606,2024-09-26
10256815,2024-09-26
10256817,2024-09-26
10256852,2024-09-26
10257318,2024-09-26
10257323,2024-09-26
10257424,2024-09-24
10257818,2024-09-26
10257912,2024-09-26
10258126,2024-09-26
10258162,2024-09-26
10258192,2024-09-26
10258219,2024-09-26
10258376,2024-09-26
10258530,2024-09-26
10259045,2024-09-26
10259174,2024-09-26
10259190,2024-09-26
10259303,2024-09-26
10260215,2024-09-26
10261270,2024-09-26
10262040,2024-09-26
10262343,2024-09-26
10262716,2024-09-26
10263329,2024-09-26
10263474,2024-09-26
10263978,2024-09-26
10264983,2024-09-27
10265331,2024-09-27
10265664,2024-09-27
10265823,2024-09-27
10265902,2024-09-27
10266861,2024-09-27
10266927,2024-09-27
10267020,2024-09-27
10267225,2024-09-27
10267393,2024-09-27
10267508,2024-09-27
10267796,2024-09-27
10267939,2024-09-27
10267983,2024-09-27
10268485,2024-09-27
10268570,2024-09-27
10268611,2024-09-27
10268856,2024-09-27
10269307,2024-09-27
10269859,2024-09-27
10269947,2024-09-27
10270433,2024-09-27
10270523,2024-09-27
10270665,2024-09-27
10270731,2024-09-27
10271427,2024-09-27
10271483,2024-09-27
10271584,2024-09-25
10272269,2024-09-27
10272414,2024-09-27
10272870,2024-09-27
10273609,2024-09-27
10274331,2024-09-27
10274808,2024-09-28
10275765,2024-09-27
10276019,2024-09-27
10276068,2024-09-28
10276307,2024-09-28
10276315,2024-09-28
10276810,2024-09-28
10277028,2024-09-28
10277129,2024-09-30
10277240,2024-09-28
10277542,2024-09-28
10277564,2024-09-29
10277658,2024-09-30
10278551,2024-09-28
10278556,2024-09-28
10279189,2024-09-30
10279801,2024-09-29
10279827,2024-09-30
10279874,2024-09-29
10281093,2024-09-29
10281595,2024-09-29
10281621,2024-09-29
10281790,2024-09-29
10281960,2024-09-29
10281965,2024-09-29
10282121,2024-09-29
10282132,2024-09-29
10282159,2024-09-29
10282203,2024-09-29
10282393,2024-09-29
10282426,2024-09-29
10282484,2024-09-29
10283968,2024-09-29
10283986,2024-09-28
10284281,2024-09-28
10284484,2024-09-28
10285266,2024-09-29
10285358,2024-09-29
10285363,2024-09-29
10285527,2024-09-29
10285751,2024-09-28
10285782,2024-09-28
10285813,2024-09-28
10286148,2024-09-28
10286194,2024-09-28
10286343,2024-09-28
10287419,2024-09-28
10287612,2024-09-28
10287692,2024-09-28
10288296,2024-09-28
10289369,2024-10-01
10289499,2024-10-01
10289582,2024-10-01
10289909,2024-10-01
10290155,2024-09-30
10290381,2024-10-01
10290688,2024-10-01
10291693,2024-09-30
10291800,2024-10-01
10292410,2024-10-01
10292871,2024-09-30
10292949,2024-09-30
10293000,2024-09-30
10293097,2024-09-30
10293777,2024-09-30
10293958,2024-09-30
10293987,2024-09-30
10294000,2024-09-30
10294092,2024-09-30
10294129,2024-09-30
10294135,2024-09-30
10295211,2024-09-30
10295304,2024-09-30
10295310,2024-09-30
10295382,2024-09-30
10295780,2024-09-30
10295940,2024-09-30
10296070,2024-09-30
10296279,2024-09-30
10296386,2024-09-30
10296610,2024-09-30
10297126,2024-09-30
10297560,2024-09-30
10297709,2024-09-30
10298243,2024-09-30
10298389,2024-09-30
10298409,2024-09-30
10298572,2024-09-30
10299096,2024-09-28
10299175,2024-09-30
10299984,2024-09-30
10300700,2024-09-30
10300763,2024-09-30
10303242,2024-10-01
10303788,2024-10-02
10303916,2024-10-02
10303954,2024-10-02
10304014,2024-10-02
10304228,2024-10-01
10304249,2024-10-01
10304829,2024-10-01
10305489,2024-10-01
10305529,2024-10-01
10305538,2024-10-01
10305623,2024-10-01
10305743,2024-10-01
10305748,2024-10-01
10305967,2024-10-01
10306048,2024-10-01
10306150,2024-10-01
10306254,2024-10-01
10306360,2024-10-01
10306930,2024-10-01
10306986,2024-10-01
10307179,2024-10-01
10307338,2024-10-01
10307451,2024-10-01
10307480,2024-10-01
10308285,2024-10-01
10308311,2024-10-01
10308401,2024-10-01
10308405,2024-10-01
10308992,2024-10-01
10309131,2024-10-01
10309147,2024-10-01
10309434,2024-10-01
10309798,2024-10-01
10309861,2024-10-01
10310479,2024-10-01
10312041,2024-10-01
10312798,2024-10-01
10313698,2024-10-02
10313830,2024-10-02
10314653,2024-10-02
10316105,2024-10-02
10316174,2024-10-03
10317636,2024-10-03
10318162,2024-10-02
10318559,2024-10-03
10318681,2024-10-03
10318727,2024-10-02
10318862,2024-10-03
10318995,2024-10-03
10319147,2024-10-03
10319218,2024-10-02
10319404,2024-10-02
10319425,2024-10-02
10319682,2024-10-02
10320239,2024-10-02
10320272,2024-10-02
10320291,2024-10-02
10320333,2024-10-02
10321123,2024-10-02
10321370,2024-10-02
10321474,2024-10-02
10321565,2024-09-30
10321817,2024-10-02
10321860,2024-10-02
10321888,2024-10-02
10322449,2024-10-02
10322749,2024-10-02
10322769,2024-10-02
10322790,2024-10-02
10323160,2024-10-02
10323177,2024-10-02
10323245,2024-10-02
10323271,2024-10-02
10323775,2024-10-02
10323939,2024-10-02
10323994,2024-10-02
10324517,2024-10-02
10324907,2024-10-02
10325007,2024-10-02
10325270,2024-10-02
10325284,2024-10-02
10325289,2024-10-02
10325291,2024-10-02
10325664,2024-10-02
10325767,2024-10-02
10325894,2024-10-02
10326078,2024-10-02
10326418,2024-10-02
10326489,2024-10-02
10326554,2024-10-02
10327177,2024-10-02
10328355,2024-10-04
10328358,2024-10-04
10328361,2024-10-04
10329004,2024-10-04
10329646,2024-10-03
10329726,2024-10-03
10329886,2024-10-03
10330459,2024-10-03
10330834,2024-10-03
10330902,2024-10-03
10330912,2024-10-03
10330927,2024-10-03
10331250,2024-10-03
10331355,2024-10-03
10331960,2024-10-03
10331977,2024-10-03
10332040,2024-10-03
10332130,2024-10-03
10332404,2024-10-03
10332868,2024-10-03
10332993,2024-10-03
10334343,2024-10-03
10334460,2024-10-03
10334473,2024-10-03
10334490,2024-10-03
10334497,2024-10-03
10334571,2024-10-03
10334598,2024-10-03
10334599,2024-10-03
10334625,2024-10-03
10334631,2024-10-03
10334784,2024-10-03
10334857,2024-10-03
10335281,2024-10-03
10335312,2024-10-03
10335316,2024-10-03
10335525,2024-10-03
10335632,2024-10-03
10336923,2024-10-03
10336998,2024-10-03
10337322,2024-10-03
10337483,2024-10-03
10337845,2024-10-03
10338737,2024-10-03
10338749,2024-10-03
10339252,2024-10-02
10339308,2024-10-02
10339668,2024-10-03
10341802,2024-10-04
10343376,2024-10-05
10343449,2024-10-05
10343564,2024-10-05
10343829,2024-10-05
10343866,2024-10-05
10344042,2024-10-04
10344923,2024-10-04
10345393,2024-10-04
10345409,2024-10-04
10345756,2024-10-04
10345925,2024-10-04
10346005,2024-10-04
10346152,2024-10-04
10346228,2024-10-04
10346243,2024-10-04
10346384,2024-10-04
10346393,2024-10-04
10346407,2024-10-04
10346571,2024-10-04
10346576,2024-10-04
10346741,2024-10-04
10346783,2024-10-04
10346827,2024-10-04
10347014,2024-10-04
10347051,2024-10-04
10347171,2024-10-04
10347190,2024-10-04
10348610,2024-10-04
10348969,2024-10-04
10349111,2024-10-04
10349129,2024-10-04
10349173,2024-10-03
10349906,2024-10-04
10349952,2024-10-04
10349955,2024-10-04
10350429,2024-10-04
10351918,2024-10-04
10352141,2024-10-04
10352824,2024-10-04
10353005,2024-10-03
10353035,2024-10-03
10353792,2024-10-03
10353862,2024-10-04
10353922,2024-10-03
10354058,2024-10-04
10354064,2024-10-04
10355034,2024-10-05
10355119,2024-10-05
10355504,2024-10-05
10355845,2024-10-06
10356455,2024-10-06
10356886,2024-10-06
10357162,2024-10-05
10357799,2024-10-06
10357909,2024-10-06
10357947,2024-10-06
10358056,2024-10-05
10358262,2024-10-05
10358453,2024-10-05
10358859,2024-10-05
10358903,2024-10-05
10358915,2024-10-05
10359149,2024-10-05
10359198,2024-10-05
10359266,2024-10-05
10359340,2024-10-05
10359364,2024-10-05
10359367,2024-10-05
10359377,2024-10-05
10359434,2024-10-05
10359959,2024-10-05
10360141,2024-10-05
10361461,2024-10-07
10361852,2024-10-07
10362287,2024-10-06
10362301,2024-10-06
10362308,2024-10-07
10362373,2024-10-06
10362404,2024-10-06
10362963,2024-10-06
10363024,2024-10-06
10363043,2024-10-06
10363541,2024-10-06
10363544,2024-10-06
10363625,2024-10-06
10363788,2024-10-06
10363978,2024-10-06
10364220,2024-10-06
10364521,2024-10-06
10365498,2024-10-07
10365604,2024-10-07
10366094,2024-10-07
10366325,2024-10-07
10366561,2024-10-07
10367032,2024-10-08
10368844,2024-10-08
10368987,2024-10-08
10369014,2024-10-08
10369332,2024-10-08
10369581,2024-10-07
10369735,2024-10-07
10370440,2024-10-07
10370630,2024-10-08
10370817,2024-10-07
10371041,2024-10-07
10371935,2024-10-07
10372562,2024-10-07
10372877,2024-10-07
10372933,2024-10-07
10372944,2024-10-07
10373223,2024-10-07
10373255,2024-10-07
10373311,2024-10-07
10373371,2024-10-07
10374032,2024-10-07
10374133,2024-10-07
10374180,2024-10-07
10374495,2024-10-07
10374796,2024-10-07
10375353,2024-10-07
10375390,2024-10-07
10375531,2024-10-07
10375602,2024-10-06
10376259,2024-10-07
10376279,2024-10-07
10376336,2024-10-07
10376774,2024-10-07
10378666,2024-10-09
10378699,2024-10-09
10379084,2024-10-08
10379592,2024-10-08
10380078,2024-10-08
10380166,2024-10-08
10380359,2024-10-08
10380365,2024-10-08
10380375,2024-10-08
10380422,2024-10-08
10380489,2024-10-08
10380699,2024-10-09
10380877,2024-10-09
10380904,2024-10-08
10380914,2024-10-08
10380973,2024-10-08
10381320,2024-10-09
10381532,2024-10-08
10381577,2024-10-08
10381835,2024-10-08
10381852,2024-10-08
10381862,2024-10-08
10381889,2024-10-08
10381960,2024-10-08
10382029,2024-10-08
10382041,2024-10-08
10382283,2024-10-09
10382486,2024-10-08
10382580,2024-10-08
10382610,2024-10-08
10383253,2024-10-08
10383409,2024-10-08
10383462,2024-10-08
10383518,2024-10-08
10383569,2024-10-08
10383636,2024-10-08
10383944,2024-10-08
10384218,2024-10-08
10384314,2024-10-08
10384356,2024-10-08
10384637,2024-10-08
10384877,2024-10-08
10385327,2024-10-08
10385940,2024-10-08
10386003,2024-10-08
10386168,2024-10-08
10386195,2024-10-08
10386475,2024-10-08
10386819,2024-10-08
10386828,2024-10-08
10386846,2024-10-08
10386859,2024-10-08
10387223,2024-10-08
10388856,2024-10-08
10391972,2024-10-09
10392053,2024-10-09
10392384,2024-10-09
10392404,2024-10-09
10392673,2024-10-09
10392811,2024-10-09
10393217,2024-10-09
10393864,2024-10-09
10394510,2024-10-09
10395566,2024-10-09
10395881,2024-10-09
10396220,2024-10-09
10396224,2024-10-09
10396344,2024-10-09
10396992,2024-10-10
10397363,2024-10-10
10397467,2024-10-10
10397591,2024-10-10
10400024,2024-10-09
10400039,2024-10-09
10400467,2024-10-10
10400851,2024-10-09
10400868,2024-10-10
10401311,2024-10-10
10401370,2024-10-10
10401552,2024-10-09
10401900,2024-10-09
10401928,2024-10-09
10402028,2024-10-09
10402079,2024-10-09
10402279,2024-10-09
10402365,2024-10-09
10402376,2024-10-09
10402397,2024-10-09
10403163,2024-10-09
10403182,2024-10-09
10403312,2024-10-09
10403737,2024-10-09
10404875,2024-10-09
10404881,2024-10-09
10405719,2024-10-09
10406429,2024-10-11
10406983,2024-10-10
10408047,2024-10-10
10408255,2024-10-10
10408413,2024-10-11
10408476,2024-10-11
10409144,2024-10-10
10409837,2024-10-10
10410077,2024-10-10
10410145,2024-10-10
10410535,2024-10-10
10410671,2024-10-10
10411871,2024-10-10
10411981,2024-10-10
10412034,2024-10-10
10412135,2024-10-10
10412805,2024-10-10
10413026,2024-10-10
10413195,2024-10-10
10413380,2024-10-10
10413645,2024-10-10
10413803,2024-10-10
10414308,2024-10-10
10414372,2024-10-10
10415767,2024-10-10
10415989,2024-10-10
10417254,2024-10-11
10417309,2024-10-11
10417697,2024-10-11
10417815,2024-10-11
10417915,2024-10-11
10417924,2024-10-11
10417927,2024-10-11
10418826,2024-10-11
10419031,2024-10-11
10419288,2024-10-11
10419454,2024-10-11
10419573,2024-10-11
10419788,2024-10-11
10420902,2024-10-11
10420910,2024-10-11
10421330,2024-10-11
10421512,2024-10-11
10422314,2024-10-11
10422335,2024-10-11
10423366,2024-10-12
10424588,2024-10-11
10424759,2024-10-11
10426127,2024-10-11
10426610,2024-10-11
10427596,2024-10-11
10427720,2024-10-11
10428138,2024-10-11
10428744,2024-10-11
10428924,2024-10-11
10428959,2024-10-11
10429355,2024-10-11
10429564,2024-10-11
10430097,2024-10-11
10431478,2024-10-13
10431493,2024-10-13
10431761,2024-10-12
10431821,2024-10-12
10432242,2024-10-12
10432468,2024-10-12
10432614,2024-10-12
10432870,2024-10-12
10433127,2024-10-12
10433285,2024-10-12
10433295,2024-10-12
10433397,2024-10-12
10433502,2024-10-12
10433804,2024-10-12
10433928,2024-10-12
10434291,2024-10-12
10434395,2024-10-12
10435509,2024-10-14
10435648,2024-10-13
10436446,2024-10-14
10436567,2024-10-14
10437205,2024-10-13
10437375,2024-10-13
10437512,2024-10-13
10437834,2024-10-13
10438169,2024-10-13
10438222,2024-10-13
10438519,2024-10-13
10438634,2024-10-13
10438855,2024-10-13
10438912,2024-10-13
10439003,2024-10-13
10439109,2024-10-13
10439244,2024-10-13
10439813,2024-10-13
10440368,2024-10-13
10440557,2024-10-13
10440569,2024-10-13
10441733,2024-10-14
10442112,2024-10-13
10442135,2024-10-12
10443259,2024-10-15
10443912,2024-10-14
10445046,2024-10-15
10445404,2024-10-15
10445838,2024-10-15
10446294,2024-10-14
10446641,2024-10-14
10446797,2024-10-14
10447338,2024-10-14
10447343,2024-10-14
10447685,2024-10-14
10448054,2024-10-14
10448746,2024-10-14
10448759,2024-10-14
10448763,2024-10-14
10449198,2024-10-14
10449861,2024-10-14
10450994,2024-10-13
10451050,2024-10-14
10451683,2024-10-14
10451837,2024-10-14
10451884,2024-10-14
10451957,2024-10-14
10452074,2024-10-14
10452210,2024-10-14
10453090,2024-10-14
10453531,2024-10-14
10454462,2024-10-15
10455545,2024-10-16
10455740,2024-10-16
10456082,2024-10-16
10456140,2024-10-15
10456554,2024-10-15
10456860,2024-10-15
10457005,2024-10-15
10457050,2024-10-15
10457176,2024-10-15
10457445,2024-10-15
10457484,2024-10-15
10457599,2024-10-15
10457666,2024-10-15
10458020,2024-10-15
10458038,2024-10-15
10458323,2024-10-15
10458971,2024-10-15
10459175,2024-10-15
10459770,2024-10-15
10460206,2024-10-15
10460208,2024-10-15
10460491,2024-10-14
10460515,2024-10-15
10460559,2024-10-15
10460626,2024-10-15
10460998,2024-10-15
10461065,2024-10-15
10461099,2024-10-15
10461142,2024-10-15
10461226,2024-10-15
10461235,2024-10-15
10461266,2024-10-15
10461280,2024-10-15
10461442,2024-10-15
10461467,2024-10-15
10461898,2024-10-15
10461901,2024-10-15
10461925,2024-10-15
10462245,2024-10-15
10462296,2024-10-15
10462897,2024-10-15
10463027,2024-10-15
10463833,2024-10-15
10465203,2024-10-15
10465418,2024-10-15
10465936,2024-10-15
10466162,2024-10-15
10466830,2024-10-15
10467306,2024-10-13
10467314,2024-10-13
10468010,2024-10-16
10468118,2024-10-16
10469419,2024-10-16
10469604,2024-10-16
10470063,2024-10-16
10470280,2024-10-17
10470376,2024-10-17
10471145,2024-10-16
10471275,2024-10-17
10471668,2024-10-17
10472913,2024-10-16
10472981,2024-10-16
10473497,2024-10-16
10473693,2024-10-16
10473717,2024-10-16
10473758,2024-10-16
10473869,2024-10-16
10473899,2024-10-16
10473937,2024-10-16
10474020,2024-10-16
10474041,2024-10-16
10474528,2024-10-16
10474594,2024-10-16
10474638,2024-10-16
10474661,2024-10-16
10474686,2024-10-16
10474738,2024-10-16
10475196,2024-10-16
10475432,2024-10-16
10476084,2024-10-16
10476337,2024-10-16
10476519,2024-10-16
10476577,2024-10-16
10477208,2024-10-16
10477708,2024-10-16
10478464,2024-10-16
10478554,2024-10-16
10478590,2024-10-16
10478978,2024-10-16
10479315,2024-10-16
10479846,2024-10-16
10479944,2024-10-16
10480252,2024-10-16
10480831,2024-10-16
10481452,2024-10-16
10483011,2024-10-17
10483722,2024-10-17
10483848,2024-10-18
10484226,2024-10-18
10484242,2024-10-18
10484350,2024-10-18
10484476,2024-10-18
10485168,2024-10-17
10485374,2024-10-17
10485387,2024-10-17
10485685,2024-10-17
10485704,2024-10-17
10485802,2024-10-17
10486099,2024-10-17
10486196,2024-10-17
10486875,2024-10-17
10487690,2024-10-17
10487855,2024-10-17
10487906,2024-10-17
10488554,2024-10-17
10488816,2024-10-17
10489251,2024-10-17
10489394,2024-10-17
10489557,2024-10-17
10489598,2024-10-17
10489615,2024-10-17
10489641,2024-10-17
10489791,2024-10-17
10490323,2024-10-17
10490451,2024-10-17
10490500,2024-10-17
10490528,2024-10-17
10490652,2024-10-17
10490794,2024-10-17
10490813,2024-10-17
10491399,2024-10-17
10491431,2024-10-17
10492436,2024-10-17
10493202,2024-10-17
10493578,2024-10-17
10493658,2024-10-17
10493739,2024-10-17
10495490,2024-10-19
10495578,2024-10-18
10497198,2024-10-18
10497370,2024-10-19
10498538,2024-10-18
10499068,2024-10-18
10499359,2024-10-18
10499707,2024-10-18
10499830,2024-10-18
10500572,2024-10-18
10500805,2024-10-18
10500979,2024-10-18
10501507,2024-10-18
10501599,2024-10-18
10501686,2024-10-18
10501735,2024-10-18
10501973,2024-10-18
10501975,2024-10-18
10502695,2024-10-18
10502740,2024-10-18
10502947,2024-10-18
10503543,2024-10-18
10503594,2024-10-18
10503737,2024-10-18
10504020,2024-10-18
10504787,2024-10-18
10506589,2024-10-18
10507459,2024-10-18
10507489,2024-10-18
10508628,2024-10-20
10509206,2024-10-19
10509661,2024-10-20
10509870,2024-10-19
10510069,2024-10-19
10510215,2024-10-19
10510424,2024-10-19
10510576,2024-10-19
10510590,2024-10-19
10510665,2024-10-19
10510689,2024-10-19
10510703,2024-10-19
10510783,2024-10-19
10511271,2024-10-19
10511285,2024-10-19
10511396,2024-10-19
10511397,2024-10-19
10511773,2024-10-19
10511793,2024-10-19
10511821,2024-10-19
10512106,2024-10-19
10512107,2024-10-19
10512564,2024-10-19
10512803,2024-10-19
10512859,2024-10-19
10513059,2024-10-19
10513217,2024-10-19
10513332,2024-10-19
10513919,2024-10-20
10514552,2024-10-20
10515704,2024-10-21
10516406,2024-10-21
10516999,2024-10-21
10517009,2024-10-21
10517174,2024-10-20
10517204,2024-10-20
10517284,2024-10-20
10517335,2024-10-20
10517359,2024-10-20
10517560,2024-10-20
10517886,2024-10-20
10518094,2024-10-20
10518221,2024-10-20
10518634,2024-10-22
10518692,2024-10-21
10519341,2024-10-21
10520168,2024-10-22
10520175,2024-10-22
10520540,2024-10-22
10520781,2024-10-21
10521016,2024-10-21
10521131,2024-10-22
10521188,2024-10-21
10521898,2024-10-21
10522637,2024-10-21
10522734,2024-10-21
10523325,2024-10-21
10523459,2024-10-21
10523563,2024-10-21
10523573,2024-10-21
10523601,2024-10-21
10523608,2024-10-21
10524046,2024-10-21
10524232,2024-10-21
10524430,2024-10-21
10524515,2024-10-21
10524971,2024-10-21
10525045,2024-10-21
10525685,2024-10-21
10525765,2024-10-21
10525822,2024-10-21
10525825,2024-10-21
10526239,2024-10-21
10526460,2024-10-21
10527351,2024-10-21
10527604,2024-10-21
10529187,2024-10-21
10530300,2024-10-21
10530767,2024-10-21
10531760,2024-10-23
10531936,2024-10-22
10532777,2024-10-22
10532922,2024-10-23
10532954,2024-10-22
10532956,2024-10-22
10533384,2024-10-23
10533620,2024-10-23
10533705,2024-10-22
10533735,2024-10-23
10534441,2024-10-23
10534866,2024-10-22
10535242,2024-10-22
10535685,2024-10-22
10535702,2024-10-22
10536012,2024-10-22
10536112,2024-10-22
10536164,2024-10-22
10536311,2024-10-22
10536510,2024-10-22
10536511,2024-10-22
10536828,2024-10-22
10537362,2024-10-22
10537596,2024-10-22
10537675,2024-10-22
10537774,2024-10-22
10537821,2024-10-22
10538674,2024-10-22
10538788,2024-10-22
10538865,2024-10-22
10538937,2024-10-22
10538957,2024-10-22
10538969,2024-10-22
10539662,2024-10-22
10539898,2024-10-22
10539930,2024-10-22
10540411,2024-10-22
10540665,2024-10-22
10540788,2024-10-22
10541368,2024-10-22
10541383,2024-10-22
10541513,2024-10-22
10541518,2024-10-22
10541710,2024-10-22
10541777,2024-10-22
10541819,2024-10-22
10541853,2024-10-22
10541935,2024-10-22
10542519,2024-10-22
10543259,2024-10-22
10543756,2024-10-22
10544822,2024-10-22
10544879,2024-10-22
10545149,2024-10-22
10546006,2024-10-24
10546008,2024-10-24
10546166,2024-10-24
10546378,2024-10-23
10546831,2024-10-23
10546923,2024-10-23
10547192,2024-10-23
10547205,2024-10-23
10548068,2024-10-23
10548145,2024-10-23
10548171,2024-10-23
10549356,2024-10-24
10549391,2024-10-23
10549392,2024-10-23
10549593,2024-10-24
10549969,2024-10-23
10550053,2024-10-23
10550221,2024-10-23
10550265,2024-10-23
10550389,2024-10-24
10550944,2024-10-23
10550991,2024-10-23
10551012,2024-10-23
10551029,2024-10-23
10551623,2024-10-23
10551624,2024-10-23
10551653,2024-10-23
10551847,2024-10-23
10552111,2024-10-23
10552572,2024-10-23
10552822,2024-10-23
10552972,2024-10-23
10553355,2024-10-23
10553637,2024-10-23
10554049,2024-10-23
10554054,2024-10-23
10554265,2024-10-23
10554295,2024-10-23
10554308,2024-10-23
10554532,2024-10-23
10554992,2024-10-23
10555221,2024-10-23
10555279,2024-10-23
10556704,2024-10-23
10557225,2024-10-23
10559402,2024-10-24
10559489,2024-10-24
10559504,2024-10-24
10559992,2024-10-24
10560265,2024-10-24
10560705,2024-10-24
10561068,2024-10-24
10561113,2024-10-24
10561419,2024-10-24
10561864,2024-10-24
10561964,2024-10-24
10562001,2024-10-24
10562090,2024-10-24
10562793,2024-10-24
10563307,2024-10-24
10563498,2024-10-24
10563600,2024-10-24
10563640,2024-10-24
10564091,2024-10-24
10564363,2024-10-24
10564910,2024-10-24
10565276,2024-10-24
10565303,2024-10-24
10565413,2024-10-24
10565503,2024-10-24
10565541,2024-10-24
10565724,2024-10-24
10565968,2024-10-24
10566516,2024-10-24
10566561,2024-10-24
10567050,2024-10-24
10567736,2024-10-24
10568541,2024-10-24
10569088,2024-10-25
10570085,2024-10-24
10570100,2024-10-24
10570108,2024-10-24
10570270,2024-10-24
10570442,2024-10-24
10570839,2024-10-25
10570898,2024-10-25
10571320,2024-10-25
10571372,2024-10-25
10571414,2024-10-25
10571479,2024-10-25
10571816,2024-10-25
10572115,2024-10-25
10572269,2024-10-25
10573767,2024-10-26
10573826,2024-10-26
10573937,2024-10-26
10574197,2024-10-26
10574363,2024-10-25
10575064,2024-10-25
10575216,2024-10-25
10575283,2024-10-25
10575785,2024-10-25
10575909,2024-10-25
10575992,2024-10-25
10576592,2024-10-25
10576743,2024-10-25
10577511,2024-10-25
10578436,2024-10-25
10578580,2024-10-25
10578584,2024-10-25
10579076,2024-10-25
10579129,2024-10-25
10579286,2024-10-25
10579579,2024-10-25
10581458,2024-10-25
10581492,2024-10-25
10581680,2024-10-25
10582668,2024-10-25
10583373,2024-10-25
10584131,2024-10-25
10584171,2024-10-25
10584500,2024-10-25
10584717,2024-10-25
10586125,2024-10-27
10586465,2024-10-26
10587393,2024-10-26
10587475,2024-10-26
10587486,2024-10-26
10588003,2024-10-26
10588239,2024-10-26
10588536,2024-10-26
10588718,2024-10-26
10589065,2024-10-26
10589481,2024-10-26
10589492,2024-10-26
10589826,2024-10-26
10589935,2024-10-26
10590065,2024-10-26
10590156,2024-10-26
10590419,2024-10-26
10590930,2024-10-27
10591102,2024-10-27
10591131,2024-10-27
10591409,2024-10-27
10591551,2024-10-27
10591820,2024-10-27
10592690,2024-10-27
10592738,2024-10-28
10592782,2024-10-28
10592796,2024-10-28
10593871,2024-10-27
10594059,2024-10-27
10594652,2024-10-27
10594808,2024-10-27
10595168,2024-10-27
10595542,2024-10-27
10595546,2024-10-27
10595786,2024-10-27
10595790,2024-10-27
10595950,2024-10-29
10596722,2024-10-28
10596875,2024-10-28
10596979,2024-10-29
10598156,2024-10-29
10598742,2024-10-29
10598817,2024-10-29
10599007,2024-10-28
10599625,2024-10-28
10599691,2024-10-28
10599709,2024-10-28
10600227,2024-10-28
10601097,2024-10-28
10601256,2024-10-28
10601275,2024-10-28
10601304,2024-10-28
10601316,2024-10-28
10601547,2024-10-28
10601833,2024-10-28
10602069,2024-10-28
10602382,2024-10-28
10602384,2024-10-28
10602451,2024-10-28
10602472,2024-10-28
10603134,2024-10-28
10603162,2024-10-28
10603268,2024-10-28
10603355,2024-10-28
10603563,2024-10-28
10603992,2024-10-28
10604036,2024-10-28
10604276,2024-10-28
10604557,2024-10-28
10604571,2024-10-28
10604830,2024-10-28
10604909,2024-10-28
10605129,2024-10-28
10605401,2024-10-28
10605861,2024-10-27
10606079,2024-10-28
10606360,2024-10-28
10606965,2024-10-28
10606986,2024-10-28
10607084,2024-10-28
10607547,2024-10-28
10607818,2024-10-28
10608124,2024-10-28
10609839,2024-10-29
10610128,2024-10-30
10610476,2024-10-30
10610784,2024-10-30
10610919,2024-10-30
10611716,2024-10-29
10612356,2024-10-29
10613439,2024-10-29
10614102,2024-10-29
10614147,2024-10-29
10614370,2024-10-29
10615340,2024-10-29
10615633,2024-10-29
10615757,2024-10-29
10615789,2024-10-29
10616437,2024-10-29
10616545,2024-10-29
10617420,2024-10-29
10617883,2024-10-29
10618123,2024-10-29
10618323,2024-10-29
10618786,2024-10-29
10620360,2024-10-29
10620407,2024-10-29
10620478,2024-10-29
10620991,2024-10-29
10621040,2024-10-30
10621217,2024-10-30
10621219,2024-10-30
10621783,2024-10-29
10622353,2024-10-30
10622499,2024-10-30
10623600,2024-10-30
10624048,2024-10-29
10626333,2024-10-30
10626662,2024-10-31
10626992,2024-10-31
10627100,2024-10-31
10627249,2024-10-31
10628145,2024-10-31
10628485,2024-10-30
10628586,2024-10-30
10628733,2024-10-30
10628768,2024-10-30
10629147,2024-10-30
10629316,2024-10-30
10629471,2024-10-30
10629590,2024-10-30
10629977,2024-10-30
10630798,2024-10-30
10630929,2024-10-30
10630933,2024-10-30
10631003,2024-10-30
10631042,2024-10-30
10631047,2024-10-30
10631479,2024-10-30
10632292,2024-10-30
10632314,2024-10-30
10632368,2024-10-30
10632626,2024-10-30
10632651,2024-10-30
10632948,2024-10-30
10633060,2024-10-30
10633422,2024-10-30
10633534,2024-10-30
10633610,2024-10-30
10633643,2024-10-30
10634093,2024-10-30
10636805,2024-10-31
10636851,2024-10-31
10636933,2024-10-31
10637288,2024-10-31
10637325,2024-10-31
10637439,2024-10-31
10637981,2024-10-31
10638041,2024-10-31
10638206,2024-10-31
10638326,2024-10-31
10638361,2024-10-31
10638580,2024-10-31
10638596,2024-10-31
10638631,2024-10-31
10638656,2024-10-31
10638936,2024-10-31
10638939,2024-10-31
10639294,2024-10-31
10639996,2024-10-31
10640192,2024-10-31
10640240,2024-10-31
10640307,2024-10-31
10640326,2024-10-31
10640426,2024-10-31
10640993,2024-10-31
10641094,2024-10-30
10641188,2024-10-31
10641310,2024-10-31
10641341,2024-10-29
10641755,2024-10-31
10641839,2024-10-31
10642006,2024-10-31
10642782,2024-10-31
10642954,2024-10-31
10645219,2024-10-31
10646638,2024-10-31
10647234,2024-11-01
10647478,2024-11-01
10647966,2024-11-01
10648050,2024-11-01
10648437,2024-10-31
10649186,2024-10-31
10650700,2024-11-01
10650862,2024-11-01
10651888,2024-11-02
10651979,2024-11-02
10651988,2024-11-02
10652006,2024-11-02
10652221,2024-11-02
10652288,2024-11-01
10652687,2024-11-02
10653271,2024-11-01
10653640,2024-11-01
10654014,2024-11-01
10654765,2024-11-01
10655155,2024-11-01
10655771,2024-11-01
10655837,2024-11-01
10655926,2024-11-01
10656357,2024-11-01
10656416,2024-11-01
10656741,2024-11-01
10657225,2024-11-01
10657415,2024-11-01
10657446,2024-11-01
10657995,2024-11-01
10658014,2024-11-01
10658105,2024-11-01
10658745,2024-11-01
10658776,2024-11-01
10659032,2024-11-01
10659641,2024-11-01
10659843,2024-11-01
10660235,2024-11-01
10660336,2024-11-01
10660435,2024-11-01
10660496,2024-11-01
10660596,2024-11-01
10660834,2024-11-01
10660929,2024-11-01
10661811,2024-11-02
10661897,2024-11-02
10662109,2024-11-02
10662261,2024-11-02
10662587,2024-11-02
10663030,2024-11-02
10663122,2024-11-02
10663843,2024-11-02
10664233,2024-11-02
10664500,2024-11-02
10664647,2024-11-02
10664648,2024-11-02
10664881,2024-11-02
10664890,2024-11-02
10665349,2024-11-03
10666395,2024-11-02
10666529,2024-11-02
10666700,2024-11-02
10666894,2024-11-02
10667968,2024-11-04
10668072,2024-11-04
10668544,2024-11-04
10668585,2024-11-04
10669187,2024-11-03
10669250,2024-11-03
10669512,2024-11-03
10669813,2024-11-03
10670302,2024-11-03
10670418,2024-11-03
10670425,2024-11-03
10670705,2024-11-03
10671123,2024-11-03
10671370,2024-11-03
10671373,2024-11-03
10671597,2024-11-03
10671759,2024-11-03
10671942,2024-11-03
10672323,2024-11-05
10672376,2024-11-05
10672742,2024-11-04
10672775,2024-11-05
10672981,2024-11-04
10673610,2024-11-04
10674451,2024-11-05
10674769,2024-11-04
10675615,2024-11-04
10676044,2024-11-05
10677433,2024-11-05
10677482,2024-11-05
10677572,2024-11-03
10677601,2024-11-03
10677655,2024-11-03
10677816,2024-11-05
10677871,2024-11-05
10679053,2024-11-05
10679817,2024-11-04
10680019,2024-11-05
10680363,2024-11-05
10680386,2024-11-05
10680709,2024-11-05
10680978,2024-11-05
10681064,2024-11-05
10681508,2024-11-04
10681681,2024-11-04
10682370,2024-11-04
10682463,2024-11-04
10682777,2024-11-04
10682848,2024-11-04
10682894,2024-11-04
10683752,2024-11-04
10683932,2024-11-04
10684640,2024-11-04
10684657,2024-11-04
10684731,2024-11-04
10685141,2024-11-04
10685168,2024-11-04
10685195,2024-11-04
10685438,2024-11-04
10685821,2024-11-04
10686117,2024-11-04
10686124,2024-11-04
10686166,2024-11-04
10686474,2024-11-03
10687029,2024-11-04
10687185,2024-11-05
10687299,2024-11-06
10688168,2024-11-05
10688316,2024-11-05
10688590,2024-11-05
10688593,2024-11-05
10688920,2024-11-05
10689616,2024-11-05
10690083,2024-11-05
10691339,2024-11-05
10691500,2024-10-31
10691685,2024-11-05
10692529,2024-11-05
10692804,2024-11-05
10692832,2024-11-06
10692922,2024-11-06
10693332,2024-11-05
10694015,2024-11-06
10694219,2024-11-05
10694485,2024-11-05
10694769,2024-11-05
10694873,2024-11-05
10695697,2024-11-05
10696559,2024-11-05
10696610,2024-11-06
10696986,2024-11-06
10697284,2024-11-05
10697337,2024-11-06
10697463,2024-11-05
10697859,2024-11-05
10700067,2024-11-05
10700108,2024-11-06
10700168,2024-11-06
10700235,2024-11-06
10700249,2024-11-06
10701463,2024-11-07
10701485,2024-11-07
10701605,2024-11-07
10701626,2024-11-07
10701943,2024-11-07
10702253,2024-11-07
10702314,2024-11-07
10702568,2024-11-07
10702788,2024-11-07
10703190,2024-11-07
10703657,2024-11-07
10703976,2024-11-07
10704427,2024-11-07
10704949,2024-11-07
10705459,2024-11-06
10705541,2024-11-06
10705821,2024-11-07
10706330,2024-11-07
10706613,2024-11-06
10707370,2024-11-07
10707388,2024-11-06
10707812,2024-11-07
10707834,2024-11-07
10707839,2024-11-07
10708205,2024-11-07
10708214,2024-11-07
10708600,2024-11-07
10708753,2024-11-07
10709151,2024-11-06
10709329,2024-11-06
10709364,2024-11-06
10710653,2024-11-07
10710667,2024-11-07
10710761,2024-11-07
10712592,2024-11-07
10712989,2024-11-07
10713193,2024-11-07
10714127,2024-11-07
10714247,2024-11-06
10714358,2024-11-07
10714602,2024-11-06
10714733,2024-11-06
10714798,2024-11-06
10714971,2024-11-06
10715527,2024-11-06
10715977,2024-11-06
10716421,2024-11-06
10716457,2024-11-06
10716621,2024-11-06
10717573,2024-11-07
10718003,2024-11-06
10718083,2024-11-06
10718144,2024-11-06
10718223,2024-11-06
10718361,2024-11-06
10718675,2024-11-06
10719600,2024-11-06
10720699,2024-11-07
10720827,2024-11-06
10721027,2024-11-06
10721137,2024-11-06
10721217,2024-11-06
10721249,2024-11-06
10721252,2024-11-06
10722631,2024-11-08
10722699,2024-11-08
10722761,2024-11-07
10722870,2024-11-07
10723223,2024-11-08
10723377,2024-11-06
10723957,2024-11-07
10725086,2024-11-07
10725239,2024-11-07
10726350,2024-11-07
10726376,2024-11-07
10726396,2024-11-07
10726459,2024-11-08
10728152,2024-11-09
10728785,2024-11-09
10729263,2024-11-08
10730368,2024-11-08
10730557,2024-11-08
10730852,2024-11-08
10731589,2024-11-08
10731669,2024-11-08
10731687,2024-11-08
10731798,2024-11-08
10732642,2024-11-08
10732800,2024-11-08
10732803,2024-11-08
10732805,2024-11-08
10732952,2024-11-08
10733376,2024-11-08
10733653,2024-11-08
10734552,2024-11-08
10734612,2024-11-08
10734861,2024-11-08
10734892,2024-11-08
10735202,2024-11-08
10735391,2024-11-08
10735405,2024-11-08
10735432,2024-11-08
10735631,2024-11-08
10735861,2024-11-08
10735973,2024-11-08
10735988,2024-11-08
10736366,2024-11-08
10736405,2024-11-08
10736495,2024-11-06
10736668,2024-11-08
10736786,2024-11-08
10736897,2024-11-08
10736986,2024-11-08
10737027,2024-11-08
10738037,2024-11-08
10738086,2024-11-08
10738126,2024-11-08
10738217,2024-11-08
10738240,2024-11-08
10739281,2024-11-08
10740146,2024-11-10
10740174,2024-11-10
10740330,2024-11-10
10741369,2024-11-09
10741451,2024-11-09
10741467,2024-11-09
10741928,2024-11-09
10741937,2024-11-09
10742615,2024-11-09
10742811,2024-11-09
10743624,2024-11-09
10743678,2024-11-09
10743838,2024-11-09
10743922,2024-11-09
10744012,2024-11-09
10744051,2024-11-09
10744220,2024-11-09
10744370,2024-11-09
10744471,2024-11-09
10744610,2024-11-09
10744728,2024-11-09
10745002,2024-11-09
10745185,2024-11-09
10745446,2024-11-10
10745569,2024-11-10
10745738,2024-11-11
10745826,2024-11-11
10746439,2024-11-11
10746524,2024-11-11
10746714,2024-11-11
10747224,2024-11-11
10747319,2024-11-10
10747474,2024-11-11
10747795,2024-11-10
10747952,2024-11-11
10748388,2024-11-10
10748418,2024-11-10
10748965,2024-11-10
10748996,2024-11-10
10749049,2024-11-10
10749153,2024-11-10
10749175,2024-11-10
10749478,2024-11-10
10749952,2024-11-10
10750300,2024-11-10
10750503,2024-11-10
10750546,2024-11-10
10750885,2024-11-11
10751282,2024-11-12
10751439,2024-11-12
10751916,2024-11-12
10752171,2024-11-12
10752991,2024-11-12
10753427,2024-11-12
10753573,2024-11-12
10754619,2024-11-11
10754639,2024-11-11
10754703,2024-11-11
10754908,2024-11-11
10755637,2024-11-11
10755647,2024-11-11
10756607,2024-11-11
10756630,2024-11-11
10757254,2024-11-11
10757295,2024-11-11
10757668,2024-11-11
10757976,2024-11-11
10758250,2024-11-11
10758364,2024-11-11
10758442,2024-11-11
10758685,2024-11-11
10758817,2024-11-11
10759803,2024-11-11
10759846,2024-11-11
10760166,2024-11-11
10760325,2024-11-11
10760858,2024-11-11
10761161,2024-11-11
10761236,2024-11-11
10761277,2024-11-11
10761482,2024-11-11
10761837,2024-11-11
10761896,2024-11-11
10761928,2024-11-09
10762885,2024-11-11
10762929,2024-11-11
10762960,2024-11-11
10764895,2024-11-12
10764902,2024-11-13
10764913,2024-11-13
10764953,2024-11-13
10765133,2024-11-13
10765546,2024-11-13
10766003,2024-11-13
10766080,2024-11-13
10766161,2024-11-13
10766312,2024-11-12
10766406,2024-11-13
10766583,2024-11-12
10766975,2024-11-13
10767368,2024-11-12
10767514,2024-11-12
10768040,2024-11-12
10768048,2024-11-12
10768197,2024-11-12
10768310,2024-11-12
10768501,2024-11-12
10768531,2024-11-12
10768653,2024-11-12
10768726,2024-11-12
10769370,2024-11-12
10769683,2024-11-12
10769690,2024-11-12
10770305,2024-11-12
10770349,2024-11-12
10770506,2024-11-12
10770726,2024-11-12
10770800,2024-11-12
10771037,2024-11-12
10771117,2024-11-12
10771208,2024-11-12
10771583,2024-11-12
10773078,2024-11-12
10773266,2024-11-12
10774095,2024-11-12
10774262,2024-11-12
10774551,2024-11-12
10774590,2024-11-12
10774612,2024-11-12
10774674,2024-11-12
10774677,2024-11-12
10774750,2024-11-12
10774754,2024-11-12
10774831,2024-11-12
10775520,2024-11-12
10776194,2024-11-12
10776252,2024-11-12
10776559,2024-11-12
10776634,2024-11-12
10776672,2024-11-11
10776951,2024-11-12
10777459,2024-11-12
10778547,2024-11-14
10778993,2024-11-14
10779374,2024-11-13
10779511,2024-11-13
10779788,2024-11-14
10779791,2024-11-14
10779814,2024-11-14
10779959,2024-11-14
10780013,2024-11-14
10780099,2024-11-14
10780124,2024-11-14
10780214,2024-11-14
10780470,2024-11-13
10780495,2024-11-14
10780606,2024-11-13
10780609,2024-11-13
10781327,2024-11-13
10781334,2024-11-14
10781395,2024-11-13
10781561,2024-11-13
10781779,2024-11-14
10782413,2024-11-13
10782785,2024-11-13
10783021,2024-11-13
10783023,2024-11-13
10783034,2024-11-13
10785584,2024-11-13
10785607,2024-11-13
10785633,2024-11-13
10785675,2024-11-13
10786139,2024-11-13
10786268,2024-11-13
10786401,2024-11-13
10786697,2024-11-13
10786920,2024-11-13
10787106,2024-11-13
10787123,2024-11-13
10788075,2024-11-13
10788207,2024-11-13
10788232,2024-11-13
10788421,2024-11-13
10788774,2024-11-13
10789136,2024-11-13
10789228,2024-11-13
10791113,2024-11-13
10792457,2024-11-13
10792865,2024-11-15
10792902,2024-11-15
10793036,2024-11-15
10793946,2024-11-14
10793984,2024-11-14
10794013,2024-11-15
10794288,2024-11-14
10794400,2024-11-14
10794990,2024-11-14
10795213,2024-11-14
10795220,2024-11-14
10795428,2024-11-14
10796073,2024-11-14
10796075,2024-11-14
10796559,2024-11-14
10796614,2024-11-14
10796716,2024-11-14
10796746,2024-11-14
10796777,2024-11-14
10796823,2024-11-14
10797047,2024-11-14
10797986,2024-11-14
10798041,2024-11-14
10798799,2024-11-14
10798823,2024-11-14
10799060,2024-11-14
10799067,2024-11-14
10799251,2024-11-14
10800274,2024-11-14
10801396,2024-11-14
10801436,2024-11-14
10801701,2024-11-14
10801866,2024-11-14
10802759,2024-11-14
10802764,2024-11-14
10803024,2024-11-14
10803257,2024-11-14
10803371,2024-11-14
10804434,2024-11-15
10804656,2024-11-15
10804670,2024-11-15
10804750,2024-11-15
10805789,2024-11-15
10806076,2024-11-15
10806202,2024-11-14
10806598,2024-11-15
10806710,2024-11-15
10806761,2024-11-15
10806889,2024-11-16
10806892,2024-11-16
10806967,2024-11-16
10806968,2024-11-16
10807040,2024-11-16
10807372,2024-11-16
10807442,2024-11-16
10807916,2024-11-16
10808108,2024-11-15
10808128,2024-11-15
10808132,2024-11-16
10808709,2024-11-16
10809277,2024-11-15
10809342,2024-11-15
10810052,2024-11-15
10810125,2024-11-15
10810408,2024-11-15
10810954,2024-11-15
10811019,2024-11-15
10811835,2024-11-15
10812101,2024-11-15
10812192,2024-11-15
10812371,2024-11-15
10812711,2024-11-15
10812841,2024-11-15
10812918,2024-11-15
10812985,2024-11-15
10813319,2024-11-15
10813788,2024-11-15
10814261,2024-11-15
10814444,2024-11-15
10814694,2024-11-15
10815022,2024-11-15
10815155,2024-11-15
10815160,2024-11-15
10815186,2024-11-15
10815188,2024-11-15
10816393,2024-11-15
10816849,2024-11-15
10817078,2024-11-15
10817171,2024-11-15
10817409,2024-11-15
10817413,2024-11-15
10818647,2024-11-15
10819600,2024-11-16
10819618,2024-11-16
10819803,2024-11-16
10820022,2024-11-16
10820417,2024-11-16
10820595,2024-11-16
10820664,2024-11-16
10821396,2024-11-16
10821480,2024-11-16
10821584,2024-11-16
10821882,2024-11-16
10821947,2024-11-16
10823190,2024-11-16
10823526,2024-11-17
10824002,2024-11-17
10824320,2024-11-16
10824901,2024-11-16
10825375,2024-11-16
10826366,2024-11-17
10826582,2024-11-17
10826856,2024-11-17
10826896,2024-11-17
10827004,2024-11-17
10827174,2024-11-17
10827798,2024-11-18
10827871,2024-11-18
10827941,2024-11-17
10828085,2024-11-17
10828657,2024-11-17
10828677,2024-11-17
10828698,2024-11-17
10829101,2024-11-18
10829169,2024-11-17
10829317,2024-11-18
10829366,2024-11-17
10829717,2024-11-18
10829763,2024-11-18
10830026,2024-11-18
10830191,2024-11-18
10830383,2024-11-18
10830741,2024-11-18
10831331,2024-11-18
10831783,2024-11-18
10832690,2024-11-17
10832813,2024-11-17
10833111,2024-11-17
10833450,2024-11-18
10834504,2024-11-18
10834577,2024-11-18
10835046,2024-11-18
10835367,2024-11-18
10835395,2024-11-18
10836305,2024-11-19
10837234,2024-11-19
10837588,2024-11-19
10837635,2024-11-19
10837981,2024-11-19
10838356,2024-11-19
10838443,2024-11-19
10838619,2024-11-19
10838682,2024-11-19
10838946,2024-11-19
10838962,2024-11-19
10838995,2024-11-19
10839175,2024-11-19
10839693,2024-11-19
10842085,2024-11-20
10842443,2024-11-19
10843093,2024-11-19
10843776,2024-11-19
10844203,2024-11-19
10844392,2024-11-19
10846302,2024-11-20
10846423,2024-11-19
10847017,2024-11-20
10847168,2024-11-19
10847307,2024-11-21
10847441,2024-11-20
10847804,2024-11-18
10848853,2024-11-20
10849506,2024-11-19
10850536,2024-11-21
10850590,2024-11-21
10852102,2024-11-20
10852286,2024-11-20
10852301,2024-11-20
10852483,2024-11-20
10852907,2024-11-20
10853155,2024-11-20
10853732,2024-11-20
10853799,2024-11-20
10854134,2024-11-19
10854344,2024-11-19
10854561,2024-11-19
10854719,2024-11-19
10855651,2024-11-20
10855746,2024-11-20
10856317,2024-11-20
10856405,2024-11-20
10856416,2024-11-20
10856422,2024-11-19
10856518,2024-11-20
10856645,2024-11-20
10856841,2024-11-19
10856951,2024-11-18
10857216,2024-11-21
10858149,2024-11-20
10858325,2024-11-20
10858439,2024-11-20
10858736,2024-11-20
10859657,2024-11-19
10860078,2024-11-20
10862945,2024-11-21
10863782,2024-11-20
10863851,2024-11-21
10863916,2024-11-20
10865856,2024-11-20
10866013,2024-11-21
10866944,2024-11-21
10867245,2024-11-21
10868197,2024-11-21
10868826,2024-11-20
10869126,2024-11-20
10869139,2024-11-20
10869178,2024-11-20
10869696,2024-11-19
10870677,2024-11-18
10871068,2024-11-18
10871070,2024-11-18
10871104,2024-11-18
10871163,2024-11-18
10871165,2024-11-18
10871208,2024-11-18
10871376,2024-11-18
10871400,2024-11-18
10871580,2024-11-20
10871605,2024-11-20
10872191,2024-11-18
10872320,2024-11-18
10872360,2024-11-18
10872382,2024-11-18
10872582,2024-11-18
10872627,2024-11-18
10872780,2024-11-18
10873107,2024-11-20
10873184,2024-11-18
10873221,2024-11-20
10873251,2024-11-18
10873762,2024-11-18
10873929,2024-11-18
10873943,2024-11-20
10874252,2024-11-18
10874905,2024-11-20
10874996,2024-11-20
10875214,2024-11-20
10875374,2024-11-20
10875849,2024-11-18
10875885,2024-11-18
10875904,2024-11-18
10876128,2024-11-20
10876510,2024-11-20
10877053,2024-11-20
10878827,2024-11-19
10879018,2024-11-19
10879105,2024-11-19
10879203,2024-11-19
10879861,2024-11-22
10879950,2024-11-21
10880400,2024-11-22
10880466,2024-11-21
10881212,2024-11-22
10881788,2024-11-22
10882500,2024-11-22
10883685,2024-11-22
10883849,2024-11-22
10884041,2024-11-22
10884068,2024-11-22
10884118,2024-11-22
10884473,2024-11-21
10884648,2024-11-21
10885054,2024-11-21
10885090,2024-11-21
10885100,2024-11-21
10885105,2024-11-21
10885409,2024-11-21
10885418,2024-11-21
10885711,2024-11-21
10885791,2024-11-21
10885852,2024-11-21
10885872,2024-11-21
10885886,2024-11-21
10885917,2024-11-21
10888206,2024-11-21
10889448,2024-11-21
10890669,2024-11-21
10890983,2024-11-21
10891364,2024-11-22
10891734,2024-11-21
10891905,2024-11-21
10892219,2024-11-21
10892402,2024-11-21
10892425,2024-11-21
10892592,2024-11-21
10892997,2024-11-23
10893886,2024-11-23
10894449,2024-11-23
10894506,2024-11-22
10894543,2024-11-22
10894621,2024-11-22
10894693,2024-11-22
10895085,2024-11-23
10895114,2024-11-23
10895313,2024-11-22
10895316,2024-11-22
10895338,2024-11-22
10895429,2024-11-23
10895482,2024-11-22
10895794,2024-11-22
10895925,2024-11-22
10896163,2024-11-22
10897220,2024-11-22
10897616,2024-11-22
10898079,2024-11-22
10898115,2024-11-22
10898204,2024-11-22
10898216,2024-11-22
10898361,2024-11-22
10898427,2024-11-22
10898475,2024-11-22
10898518,2024-11-22
10899313,2024-11-22
10899735,2024-11-22
10900631,2024-11-22
10901391,2024-11-22
10901805,2024-11-22
10902083,2024-11-22
10902188,2024-11-22
10903298,2024-11-22
10903482,2024-11-22
10903527,2024-11-22
10903892,2024-11-23
10904080,2024-11-23
10904172,2024-11-23
10904283,2024-11-23
10905481,2024-11-24
10905590,2024-11-24
10906608,2024-11-24
10906801,2024-11-24
10907269,2024-11-24
10907308,2024-11-24
10907348,2024-11-24
10907825,2024-11-24
10907893,2024-11-24
10907990,2024-11-24
10908447,2024-11-24
10909194,2024-11-24
10909573,2024-11-23
10909710,2024-11-23
10909894,2024-11-23
10910094,2024-11-23
10910367,2024-11-23
10910636,2024-11-23
10910670,2024-11-23
10911240,2024-11-23
10911320,2024-11-23
10911334,2024-11-23
10912318,2024-11-23
10912517,2024-11-23
10912852,2024-11-23
10912911,2024-11-23
10913026,2024-11-24
10913254,2024-11-25
10915046,2024-11-24
10915309,2024-11-24
10915397,2024-11-24
10915399,2024-11-24
10915623,2024-11-26
10915744,2024-11-26
10915768,2024-11-26
10915826,2024-11-25
10916106,2024-11-25
10916384,2024-11-25
10916461,2024-11-26
10916671,2024-11-26
10916677,2024-11-26
10916903,2024-11-26
10916919,2024-11-26
10916997,2024-11-25
10917203,2024-11-25
10917378,2024-11-25
10917717,2024-11-25
10917918,2024-11-25
10918125,2024-11-25
10919070,2024-11-26
10919482,2024-11-25
10919744,2024-11-25
10920031,2024-11-25
10920090,2024-11-25
10920190,2024-11-26
10920250,2024-11-25
10920271,2024-11-26
10921108,2024-11-25
10921268,2024-11-25
10921370,2024-11-25
10921412,2024-11-25
10921620,2024-11-25
10921666,2024-11-26
10921929,2024-11-26
10922375,2024-11-26
10922829,2024-11-25
10923228,2024-11-25
10923345,2024-11-25
10923382,2024-11-25
10923773,2024-11-25
10923801,2024-11-25
10924183,2024-11-25
10924279,2024-11-25
10924858,2024-11-25
10924875,2024-11-25
10925152,2024-11-26
10925471,2024-11-26
10925613,2024-11-26
10925881,2024-11-25
10926871,2024-11-25
10926910,2024-11-25
10927816,2024-11-25
10928455,2024-11-25
10928941,2024-11-25
10928970,2024-11-25
10929001,2024-11-25
10929583,2024-11-25
10930221,2024-11-24
10930230,2024-11-24
10930628,2024-11-25
10931121,2024-11-25
10932230,2024-11-26
10932499,2024-11-26
10932778,2024-11-26
10932795,2024-11-26
10932877,2024-11-26
10932898,2024-11-26
10933023,2024-11-26
10933216,2024-11-26
10933539,2024-11-26
10934121,2024-11-26
10934267,2024-11-26
10934561,2024-11-26
10934656,2024-11-26
10934777,2024-11-26
10935042,2024-11-26
10935080,2024-11-26
10935188,2024-11-26
10935346,2024-11-26
10935562,2024-11-26
10935883,2024-11-26
10936260,2024-11-26
10937956,2024-11-26
10938776,2024-11-26
10939837,2024-11-27
10940661,2024-11-26
10940967,2024-11-26
10941207,2024-11-26
10941797,2024-11-26
10942942,2024-11-26
10942944,2024-11-26
10943001,2024-11-26
10943038,2024-11-26
10943248,2024-11-27
10943263,2024-11-27
10944920,2024-11-28
10945304,2024-11-27
10945306,2024-11-27
10945312,2024-11-27
10945967,2024-11-27
10947171,2024-11-27
10947427,2024-11-27
10947681,2024-11-27
10947730,2024-11-27
10947765,2024-11-27
10948100,2024-11-27
10948160,2024-11-27
10949135,2024-11-27
10949299,2024-11-27
10949526,2024-11-27
10950024,2024-11-27
10950051,2024-11-27
10950319,2024-11-27
10950388,2024-11-27
10950458,2024-11-27
10950481,2024-11-27
10951204,2024-11-27
10951324,2024-11-27
10951925,2024-11-27
10952072,2024-11-27
10952535,2024-11-27
10953675,2024-11-27
10954432,2024-11-27
10954433,2024-11-27
10954656,2024-11-27
10955835,2024-11-28
10957224,2024-11-29
10957236,2024-11-29
10957411,2024-11-29
10957512,2024-11-29
10959878,2024-11-28
10960234,2024-11-27
10960509,2024-11-28
10960684,2024-11-28
10960700,2024-11-28
10961154,2024-11-27
10961443,2024-11-27
10961484,2024-11-27
10962307,2024-11-28
10962435,2024-11-27
10963186,2024-11-27
10963820,2024-11-28
10965130,2024-11-28
10965595,2024-11-28
10965955,2024-11-28
10966172,2024-11-28
10967301,2024-11-29
10967781,2024-11-29
10967879,2024-11-29
10968926,2024-11-29
10969771,2024-11-29
10970512,2024-11-29
10970703,2024-11-29
10972751,2024-11-29
10973094,2024-11-30
10973772,2024-11-30
10973785,2024-11-30
10973813,2024-11-29
10974535,2024-11-30
10974779,2024-11-29
10974817,2024-11-29
10975056,2024-11-30
10975656,2024-11-29
10975673,2024-11-29
10975854,2024-11-29
10975938,2024-11-29
10975959,2024-11-29
10977358,2024-11-29
10977410,2024-11-29
10978496,2024-11-30
10978781,2024-11-30
10978891,2024-11-30
10979000,2024-11-30
10979084,2024-11-30
10979278,2024-11-30
10979288,2024-11-30
10979391,2024-11-30
10979550,2024-11-29
10979962,2024-11-30
10980058,2024-11-30
10980137,2024-11-30
10980185,2024-11-30
10980187,2024-11-30
10980248,2024-11-30
10980283,2024-11-30
10980498,2024-11-30
10980608,2024-11-30
10980733,2024-11-30
10980845,2024-11-30
10981059,2024-11-30
10981102,2024-11-30
10981201,2024-11-30
10981248,2024-11-30
10982968,2024-11-30
10983585,2024-12-02
10983830,2024-12-01
10984243,2024-12-01
10986142,2024-12-02
10986912,2024-12-01
10987177,2024-12-01
10987202,2024-12-02
10987240,2024-12-01
10988208,2024-12-01
10988562,2024-12-01
10988623,2024-12-01
10988638,2024-12-02
10988661,2024-12-02
10988714,2024-12-02
10988783,2024-12-03
10989287,2024-12-03
10989330,2024-12-03
10989394,2024-12-02
10989525,2024-12-02
10989943,2024-12-03
10990091,2024-12-02
10990093,2024-12-02
10990138,2024-12-02
10990441,2024-12-02
10990493,2024-12-03
10991621,2024-12-02
10992010,2024-12-02
10992361,2024-12-02
10992539,2024-12-02
10993400,2024-12-02
10993979,2024-12-02
10994088,2024-12-02
10994888,2024-12-02
10994924,2024-12-02
10995176,2024-12-02
10995197,2024-12-02
10996668,2024-12-02
10997305,2024-12-03
10997579,2024-12-02
10997583,2024-12-03
10997753,2024-12-02
10999204,2024-12-02
10999318,2024-12-02
10999411,2024-12-02
11000286,2024-12-02
11000395,2024-12-02
11000840,2024-12-02
11000845,2024-12-02
11000882,2024-12-02
11001218,2024-12-02
11001245,2024-12-02
11001732,2024-12-02
11001743,2024-12-02
11003013,2024-12-02
11003114,2024-12-03
11003202,2024-12-03
11003338,2024-12-03
11003545,2024-12-02
11003608,2024-12-02
11003734,2024-12-03
11003970,2024-12-04
11004433,2024-12-04
11004457,2024-12-04
11004469,2024-12-04
11004727,2024-12-04
11004729,2024-12-04
11005034,2024-12-04
11005354,2024-12-03
11006338,2024-12-03
11007045,2024-12-03
11007229,2024-12-03
11007433,2024-12-03
11007435,2024-12-03
11007613,2024-12-03
11007706,2024-12-03
11008162,2024-12-03
11009220,2024-12-03
11010367,2024-12-03
11011237,2024-12-03
11011255,2024-12-03
11011445,2024-12-03
11011503,2024-12-03
11011758,2024-12-03
11011884,2024-12-03
11012014,2024-12-03
11012179,2024-12-03
11012618,2024-12-03
11012881,2024-12-03
11013394,2024-12-03
11013549,2024-12-03
11013724,2024-12-03
11013856,2024-12-03
11013917,2024-12-03
11014110,2024-12-03
11014177,2024-12-03
11015007,2024-12-03
11015094,2024-12-03
11015369,2024-12-03
11015439,2024-12-03
11016086,2024-12-03
11016127,2024-12-03
11016166,2024-12-03
11016293,2024-12-03
11016301,2024-12-03
11016402,2024-12-03
11016514,2024-12-03
11016686,2024-12-03
11016900,2024-12-03
11016939,2024-12-03
11016958,2024-12-03
11016987,2024-12-03
11017312,2024-12-04
11018002,2024-12-04
11018507,2024-12-04
11019160,2024-12-04
11020295,2024-12-04
11021239,2024-12-04
11021284,2024-12-04
11021429,2024-12-04
11021609,2024-12-04
11021762,2024-12-04
11021844,2024-12-04
11022589,2024-12-04
11022788,2024-12-04
11022857,2024-12-04
11022931,2024-12-04
11023327,2024-12-04
11024337,2024-12-04
11024721,2024-12-04
11024971,2024-12-04
11025374,2024-12-04
11025833,2024-12-04
11025945,2024-12-04
11026620,2024-12-05
11027021,2024-12-05
11027367,2024-12-05
11027546,2024-12-05
11027641,2024-12-05
11027824,2024-12-04
11027831,2024-12-05
11027982,2024-12-05
11028011,2024-12-04
11028183,2024-12-04
11028184,2024-12-05
11028198,2024-12-04
11028274,2024-12-04
11029145,2024-12-04
11029738,2024-12-04
11029776,2024-12-04
11030051,2024-12-04
11031116,2024-12-04
11031451,2024-12-04
11031773,2024-12-04
11031784,2024-12-04
11031799,2024-12-04
11031899,2024-12-04
11032788,2024-12-04
11033025,2024-12-04
11033109,2024-12-04
11033352,2024-12-04
11033375,2024-12-04
11033385,2024-12-04
11033411,2024-12-05
11033459,2024-12-05
11034038,2024-12-04
11034046,2024-12-04
11034076,2024-12-04
11034094,2024-12-04
11034137,2024-12-05
11034970,2024-12-05
11035421,2024-12-05
11036175,2024-12-06
11037264,2024-12-06
11037866,2024-12-05
11038208,2024-12-05
11038679,2024-12-05
11038695,2024-12-05
11039062,2024-12-05
11039240,2024-12-05
11040336,2024-12-05
11043354,2024-12-05
11043460,2024-12-05
11043951,2024-12-05
11044030,2024-12-05
11044055,2024-12-05
11044255,2024-12-05
11044505,2024-12-05
11044650,2024-12-05
11045050,2024-12-05
11045510,2024-12-04
11045555,2024-12-04
11045622,2024-11-30
11045813,2024-12-06
11045965,2024-12-06
11046144,2024-12-06
11046739,2024-12-06
11046765,2024-12-06
11047000,2024-12-05
11047538,2024-12-05
11047637,2024-12-05
11047776,2024-12-05
11048139,2024-12-05
11048285,2024-12-05
11048466,2024-12-05
11048746,2024-12-05
11048778,2024-12-05
11048846,2024-12-05
11049097,2024-12-05
11049427,2024-12-07
11049671,2024-12-07
11049698,2024-12-06
11049954,2024-12-07
11050340,2024-12-06
11050490,2024-12-06
11050869,2024-12-06
11051029,2024-12-06
11051070,2024-12-06
11052623,2024-12-07
11052841,2024-12-07
11052949,2024-12-07
11053284,2024-12-07
11053427,2024-12-06
11053780,2024-12-06
11053879,2024-12-06
11053884,2024-12-06
11053893,2024-12-06
11053917,2024-12-06
11054348,2024-12-07
11054364,2024-12-06
11055047,2024-12-06
11055055,2024-12-06
11055350,2024-12-06
11056267,2024-12-06
11056447,2024-12-06
11056586,2024-12-06
11056664,2024-12-06
11057922,2024-12-06
11058209,2024-12-06
11058317,2024-12-06
11058834,2024-12-06
11059071,2024-12-06
11059095,2024-12-06
11059205,2024-12-06
11059267,2024-12-06
11059520,2024-12-06
11059649,2024-12-06
11059767,2024-12-06
11060017,2024-12-06
11060355,2024-12-06
11060497,2024-12-06
11060916,2024-12-06
11061921,2024-12-06
11062211,2024-12-06
11062215,2024-12-06
11062981,2024-12-06
11063157,2024-12-06
11063240,2024-12-06
11063593,2024-12-06
11065507,2024-12-08
11065644,2024-12-08
11065670,2024-12-08
11065780,2024-12-08
11066118,2024-12-07
11066913,2024-12-07
11067026,2024-12-07
11067044,2024-12-07
11067074,2024-12-07
11067207,2024-12-07
11067228,2024-12-07
11067297,2024-12-07
11067612,2024-12-07
11067685,2024-12-07
11067954,2024-12-07
11068252,2024-12-07
11068406,2024-12-07
11068425,2024-12-07
11068457,2024-12-07
11068557,2024-12-07
11068716,2024-12-07
11068781,2024-12-07
11069150,2024-12-07
11069510,2024-12-07
11069729,2024-12-07
11069925,2024-12-07
11070416,2024-12-06
11070766,2024-12-07
11070853,2024-12-07
11071040,2024-12-08
11071379,2024-12-08
11071443,2024-12-08
11071520,2024-12-08
11071627,2024-12-08
11071874,2024-12-08
11072130,2024-12-08
11072371,2024-12-09
11072434,2024-12-09
11072639,2024-12-09
11072741,2024-12-08
11073012,2024-12-08
11073064,2024-12-08
11074023,2024-12-09
11074264,2024-12-08
11075031,2024-12-08
11076062,2024-12-09
11076396,2024-12-08
11076755,2024-12-08
11077222,2024-12-09
11077356,2024-12-09
11078292,2024-12-09
11078360,2024-12-09
11078402,2024-12-09
11078471,2024-12-09
11078576,2024-12-10
11079088,2024-12-09
11079297,2024-12-10
11079311,2024-12-10
11079611,2024-12-09
11079717,2024-12-10
11079814,2024-12-10
11079821,2024-12-10
11080061,2024-12-09
11080698,2024-12-10
11081049,2024-12-09
11082388,2024-12-10
11083857,2024-12-09
11084929,2024-12-09
11085064,2024-12-09
11085183,2024-12-09
11085494,2024-12-09
11086082,2024-12-09
11086506,2024-12-09
11086631,2024-12-09
11086687,2024-12-09
11086811,2024-12-09
11087132,2024-12-09
11087256,2024-12-09
11088046,2024-12-09
11088169,2024-12-09
11088354,2024-12-09
11089410,2024-12-09
11089615,2024-12-09
11089922,2024-12-09
11089936,2024-12-09
11090020,2024-12-09
11090322,2024-12-09
11090385,2024-12-09
11090434,2024-12-09
11090522,2024-12-09
11090590,2024-12-09
11090717,2024-12-09
11091547,2024-12-09
11091830,2024-12-09
11091837,2024-12-09
11092609,2024-12-10
11093262,2024-12-10
11093665,2024-12-10
11093901,2024-12-10
11093975,2024-12-10
11094079,2024-12-10
11094377,2024-12-11
11094380,2024-12-11
11094413,2024-12-11
11094423,2024-12-11
11094495,2024-12-10
11094669,2024-12-11
11094815,2024-12-11
11094858,2024-12-11
11094953,2024-12-11
11095080,2024-12-11
11095261,2024-12-10
11095324,2024-12-10
11095339,2024-12-10
11095397,2024-12-10
11095525,2024-12-10
11095616,2024-12-10
11095624,2024-12-10
11095639,2024-12-10
11095652,2024-12-10
11096197,2024-12-10
11096359,2024-12-10
11096882,2024-12-10
11097006,2024-12-11
11097168,2024-12-10
11097800,2024-12-10
11097809,2024-12-10
11097919,2024-12-10
11098708,2024-12-10
11098840,2024-12-10
11098911,2024-12-10
11098972,2024-12-10
11099206,2024-12-10
11099305,2024-12-11
11099546,2024-12-10
11099618,2024-12-10
11099699,2024-12-10
11100784,2024-12-10
11101272,2024-12-11
11101467,2024-12-10
11101849,2024-12-10
11102148,2024-12-10
11102228,2024-12-10
11102272,2024-12-10
11103508,2024-12-10
11103595,2024-12-10
11104337,2024-12-10
11104662,2024-12-10
11104703,2024-12-10
11104835,2024-12-10
11105761,2024-12-10
11106306,2024-12-11
11106974,2024-12-10
11107802,2024-12-11
11107811,2024-12-10
11107868,2024-12-11
11107897,2024-12-11
11108245,2024-12-11
11108636,2024-12-11
11108638,2024-12-11
11108844,2024-12-12
11109491,2024-12-12
11110116,2024-12-11
11110240,2024-12-11
11110245,2024-12-11
11110291,2024-12-11
11110378,2024-12-11
11111167,2024-12-12
11111327,2024-12-12
11111350,2024-12-12
11111510,2024-12-11
11111604,2024-12-12
11111715,2024-12-11
11111720,2024-12-12
11111835,2024-12-12
11111916,2024-12-12
11111967,2024-12-12
11113227,2024-12-12
11113710,2024-12-11
11113790,2024-12-11
11114351,2024-12-11
11114354,2024-12-11
11114829,2024-12-11
11116126,2024-12-11
11116646,2024-12-11
11116672,2024-12-11
11116722,2024-12-11
11117361,2024-12-11
11117826,2024-12-11
11118878,2024-12-11
11119203,2024-12-11
11119803,2024-12-11
11120266,2024-12-11
11120414,2024-12-11
11120842,2024-12-11
11120987,2024-12-11
11121463,2024-12-11
11121484,2024-12-11
11121652,2024-12-11
11122562,2024-12-11
11123107,2024-12-11
11123386,2024-12-11
11124036,2024-12-13
11124073,2024-12-13
11124250,2024-12-13
11124338,2024-12-13
11125313,2024-12-12
11125556,2024-12-12
11126005,2024-12-13
11127386,2024-12-12
11127830,2024-12-12
11127927,2024-12-13
11128255,2024-12-12
11128375,2024-12-13
11128379,2024-12-13
11128388,2024-12-13
11128409,2024-12-13
11128752,2024-12-13
11129655,2024-12-12
11130099,2024-12-13
11130237,2024-12-12
11130342,2024-12-12
11130353,2024-12-12
11130434,2024-12-12
11130486,2024-12-12
11130548,2024-12-12
11130826,2024-12-12
11130829,2024-12-12
11130839,2024-12-12
11131603,2024-12-12
11131897,2024-12-12
11131945,2024-12-12
11132889,2024-12-12
11133063,2024-12-12
11134011,2024-12-12
11134833,2024-12-12
11134880,2024-12-12
11135550,2024-12-12
11135875,2024-12-12
11135924,2024-12-12
11136379,2024-12-12
11136426,2024-12-12
11136603,2024-12-12
11136612,2024-12-12
11136901,2024-12-12
11137736,2024-12-12
11137739,2024-12-12
11137864,2024-12-12
11138198,2024-12-12
11138705,2024-12-12
11138970,2024-12-13
11138973,2024-12-13
11139716,2024-12-13
11139754,2024-12-13
11140365,2024-12-13
11140490,2024-12-13
11140598,2024-12-13
11140627,2024-12-13
11142642,2024-12-13
11142792,2024-12-13
11142948,2024-12-13
11143418,2024-12-11
11144507,2024-12-13
11145010,2024-12-13
11145336,2024-12-13
11145447,2024-12-13
11145520,2024-12-13
11145787,2024-12-13
11146317,2024-12-13
11146805,2024-12-13
11147027,2024-12-13
11147095,2024-12-13
11147566,2024-12-14
11147726,2024-12-13
11147728,2024-12-13
11148000,2024-12-13
11149080,2024-12-13
11149350,2024-12-13
11150098,2024-12-13
11150722,2024-12-13
11151618,2024-12-13
11151671,2024-12-13
11151799,2024-12-09
11152350,2024-12-13
11152364,2024-12-13
11152779,2024-12-15
11153230,2024-12-15
11153448,2024-12-14
11153844,2024-12-14
11154212,2024-12-15
11154348,2024-12-14
11154565,2024-12-14
11154748,2024-12-14
11154907,2024-12-14
11155050,2024-12-14
11155149,2024-12-14
11155160,2024-12-14
11155623,2024-12-15
11156045,2024-12-15
11156121,2024-12-15
11156591,2024-12-14
11156604,2024-12-14
11156617,2024-12-14
11156850,2024-12-14
11156866,2024-12-14
11156924,2024-12-14
11158287,2024-12-14
11158325,2024-12-14
11159029,2024-12-14
11159418,2024-12-14
11160349,2024-12-16
11160531,2024-12-16
11160644,2024-12-16
11160815,2024-12-15
11161065,2024-12-15
11161444,2024-12-15
11161608,2024-12-15
11161679,2024-12-15
11162058,2024-12-15
11162086,2024-12-16
11162161,2024-12-15
11162686,2024-12-15
11162837,2024-12-16
11163028,2024-12-16
11163049,2024-12-16
11163484,2024-12-15
11163537,2024-12-16
11163770,2024-12-15
11163855,2024-12-15
11164368,2024-12-16
11164701,2024-12-15
11164993,2024-12-15
11165019,2024-12-15
11165056,2024-12-15
11165167,2024-12-15
11165270,2024-12-16
11166485,2024-12-16
11166581,2024-12-16
11166715,2024-12-16
11167343,2024-12-16
11167734,2024-12-16
11167735,2024-12-16
11167742,2024-12-16
11167856,2024-12-16
11168826,2024-12-16
11169480,2024-12-16
11169519,2024-12-16
11169902,2024-12-16
11170671,2024-12-17
11171192,2024-12-17
11171385,2024-12-17
11172648,2024-12-17
11172652,2024-12-17
11173174,2024-12-16
11173183,2024-12-16
11173257,2024-12-16
11173385,2024-12-16
11173492,2024-12-16
11173511,2024-12-16
11173710,2024-12-16
11174229,2024-12-17
11174382,2024-12-17
11174449,2024-12-17
11174728,2024-12-17
11175097,2024-12-16
11175112,2024-12-16
11175265,2024-12-17
11175280,2024-12-17
11175404,2024-12-17
11175597,2024-12-17
11176276,2024-12-16
11176311,2024-12-16
11176430,2024-12-16
11176505,2024-12-16
11176604,2024-12-16
11176886,2024-12-16
11176915,2024-12-16
11177053,2024-12-16
11177358,2024-12-16
11177993,2024-12-16
11178029,2024-12-16
11178180,2024-12-16
11178213,2024-12-16
11178506,2024-12-16
11178507,2024-12-16
11179199,2024-12-16
11179854,2024-12-16
11179921,2024-12-16
11179969,2024-12-16
11180053,2024-12-16
11180210,2024-12-17
11180271,2024-12-17
11181010,2024-12-18
11181049,2024-12-18
11181500,2024-12-17
11181519,2024-12-17
11182215,2024-12-17
11182267,2024-12-17
11182399,2024-12-17
11182487,2024-12-17
11183059,2024-12-17
11183834,2024-12-17
11184255,2024-12-17
11184274,2024-12-17
11184286,2024-12-17
11184677,2024-12-17
11184706,2024-12-17
11184771,2024-12-17
11185734,2024-12-17
11185772,2024-12-17
11185897,2024-12-17
11185959,2024-12-17
11185967,2024-12-17
11186849,2024-12-17
11187034,2024-12-17
11187042,2024-12-17
11188536,2024-12-17
11189035,2024-12-17
11189371,2024-12-17
11190462,2024-12-17
11190567,2024-12-18
11190883,2024-12-18
11191194,2024-12-18
11191236,2024-12-18
11191276,2024-12-18
11191823,2024-12-18
11192644,2024-12-17
11192936,2024-12-17
11192998,2024-12-17
11193131,2024-12-17
11193164,2024-12-17
11193210,2024-12-17
11193900,2024-12-18
11193912,2024-12-18
11193977,2024-12-17
11194320,2024-12-18
11194457,2024-12-17
11194478,2024-12-17
11194874,2024-12-17
11194906,2024-12-17
11194942,2024-12-17
11195556,2024-12-18
11195692,2024-12-18
11195698,2024-12-18
11196356,2024-12-18
11197049,2024-12-18
11197122,2024-12-12
11197644,2024-12-19
11198010,2024-12-18
11199143,2024-12-18
11199234,2024-12-18
11199280,2024-12-18
11199530,2024-12-18
11199660,2024-12-17
11200167,2024-12-18
11201532,2024-12-19
11201832,2024-12-19
11202237,2024-12-18
11202418,2024-12-18
11202692,2024-12-18
11202706,2024-12-18
11202851,2024-12-17
11202885,2024-12-18
11203036,2024-12-18
11203187,2024-12-18
11203319,2024-12-18
11203498,2024-12-18
11203608,2024-12-18
11204699,2024-12-18
11204738,2024-12-18
11204769,2024-12-18
11204779,2024-12-18
11204879,2024-12-18
11205114,2024-12-18
11205638,2024-12-18
11205703,2024-12-18
11205724,2024-12-18
11205754,2024-12-18
11205761,2024-12-18
11205877,2024-12-18
11206291,2024-12-18
11206842,2024-12-18
11208487,2024-12-18
11208607,2024-12-18
11208633,2024-12-18
11208643,2024-12-18
11208825,2024-12-18
11208890,2024-12-18
11209460,2024-12-18
11210236,2024-12-19
11210353,2024-12-19
11210462,2024-12-19
11210576,2024-12-19
11210637,2024-12-19
11210703,2024-12-19
11210789,2024-12-19
11211052,2024-12-19
11211803,2024-12-19
11211856,2024-12-19
11211902,2024-12-19
11212015,2024-12-19
11212425,2024-12-19
11212557,2024-12-19
11213024,2024-12-19
11213087,2024-12-19
11213208,2024-12-19
11213422,2024-12-19
11214259,2024-12-19
11214343,2024-12-19
11215044,2024-12-19
11215367,2024-12-19
11216026,2024-12-19
11216754,2024-12-19
11216795,2024-12-20
11218539,2024-12-20
11218908,2024-12-20
11220468,2024-12-20
11220510,2024-12-20
11221085,2024-12-20
11221444,2024-12-20
11221677,2024-12-19
11221707,2024-12-19
11222141,2024-12-19
11222368,2024-12-19
11222414,2024-12-19
11222588,2024-12-19
11222754,2024-12-19
11222802,2024-12-19
11222939,2024-12-19
11223099,2024-12-19
11224357,2024-12-19
11224430,2024-12-19
11224471,2024-12-19
11226544,2024-12-20
11226740,2024-12-20
11226818,2024-12-20
11226845,2024-12-20
11227406,2024-12-20
11227557,2024-12-21
11227561,2024-12-20
11228428,2024-12-20
11228627,2024-12-20
11228785,2024-12-20
11228857,2024-12-20
11228999,2024-12-21
11229096,2024-12-21
11229256,2024-12-21
11229407,2024-12-21
11229412,2024-12-20
11229485,2024-12-20
11229518,2024-12-21
11229644,2024-12-21
11229651,2024-12-21
11229869,2024-12-21
11230063,2024-12-21
11230293,2024-12-20
11230308,2024-12-20
11230988,2024-12-20
11230995,2024-12-20
11231025,2024-12-20
11231397,2024-12-19
11231786,2024-12-21
11232012,2024-12-21
11232057,2024-12-20
11232095,2024-12-20
11232302,2024-12-20
11232303,2024-12-20
11232347,2024-12-20
11233163,2024-12-20
11233288,2024-12-20
11233323,2024-12-20
11233889,2024-12-20
11235175,2024-12-20
11235220,2024-12-20
11235506,2024-12-20
11236826,2024-12-20
11237095,2024-12-20
11237971,2024-12-21
11238078,2024-12-21
11238197,2024-12-21
11238210,2024-12-21
11238242,2024-12-21
11238322,2024-12-21
11238503,2024-12-21
11238975,2024-12-21
11239192,2024-12-21
11240039,2024-12-22
11240425,2024-12-21
11240426,2024-12-21
11241107,2024-12-22
11241366,2024-12-22
11241541,2024-12-22
11241608,2024-12-22
11241753,2024-12-21
11242964,2024-12-21
11242969,2024-12-21
11243135,2024-12-21
11243254,2024-12-21
11243399,2024-12-21
11243430,2024-12-21
11243476,2024-12-21
11243607,2024-12-21
11243610,2024-12-21
11243810,2024-12-21
11243857,2024-12-21
11244053,2024-12-21
11244115,2024-12-21
11244151,2024-12-21
11244242,2024-12-21
11244346,2024-12-21
11244567,2024-12-21
11244715,2024-12-21
11245100,2024-12-23
11245341,2024-12-23
11245365,2024-12-23
11245699,2024-12-23
11245961,2024-12-22
11245984,2024-12-21
11246190,2024-12-22
11246379,2024-12-22
11246380,2024-12-22
11246497,2024-12-22
11246702,2024-12-23
11247102,2024-12-22
11247330,2024-12-22
11247636,2024-12-23
11248570,2024-12-22
11248721,2024-12-22
11248825,2024-12-22
11249095,2024-12-23
11249576,2024-12-21
11249662,2024-12-21
11250094,2024-12-22
11250220,2024-12-22
11250427,2024-12-22
11251071,2024-12-24
11251984,2024-12-23
11252515,2024-12-23
11252691,2024-12-23
11252951,2024-12-23
11253251,2024-12-24
11253276,2024-12-24
11254439,2024-12-24
11254848,2024-12-24
11255169,2024-12-24
11255503,2024-12-23
11255587,2024-12-23
11256142,2024-12-24
11256282,2024-12-26
11256368,2024-12-26
11256980,2024-12-23
11257029,2024-12-23
11257098,2024-12-23
11257321,2024-12-25
11257364,2024-12-23
11257425,2024-12-23
11257493,2024-12-23
11257778,2024-12-23
11257782,2024-12-23
11258102,2024-12-23
11258176,2024-12-23
11258510,2024-12-23
11258978,2024-12-23
11259556,2024-12-26
11259927,2024-12-26
11259930,2024-12-26
11260988,2024-12-25
11261204,2024-12-23
11261402,2024-12-25
11261596,2024-12-25
11261627,2024-12-25
11261965,2024-12-25
11263185,2024-12-25
11263314,2024-12-25
11263561,2024-12-25
11263608,2024-12-25
11263729,2024-12-25
11263816,2024-12-25
11263931,2024-12-25
11264406,2024-12-25
11264759,2024-12-24
11264794,2024-12-25
11265608,2024-12-24
11266164,2024-12-24
11266624,2024-12-24
11266975,2024-12-24
11267015,2024-12-24
11267533,2024-12-24
11267613,2024-12-24
11267657,2024-12-23
11267822,2024-12-24
11267892,2024-12-24
11267909,2024-12-24
11268253,2024-12-24
11268260,2024-12-24
11268767,2024-12-24
11268951,2024-12-24
11269054,2024-12-24
11269984,2024-12-23
11270285,2024-12-23
11270903,2024-12-23
11270950,2024-12-24
11271358,2024-12-23
11271593,2024-12-23
11271634,2024-12-23
11272125,2024-12-25
11272357,2024-12-23
11272383,2024-12-23
11272708,2024-12-23
11273169,2024-12-23
11274041,2024-12-24
11274240,2024-12-23
11274241,2024-12-23
11274343,2024-12-23
11274474,2024-12-23
11274631,2024-12-23
11274750,2024-12-23
11275288,2024-12-24
11275316,2024-12-23
11275380,2024-12-23
11275458,2024-12-24
11275536,2024-12-23
11276051,2024-12-24
11276105,2024-12-23
11276400,2024-12-23
11276490,2024-12-23
11276642,2024-12-24
11276653,2024-12-24
11276666,2024-12-24
11276719,2024-12-23
11276882,2024-12-24
11276927,2024-12-24
11278495,2024-12-26
11278506,2024-12-26
11278633,2024-12-26
11278651,2024-12-26
11278665,2024-12-26
11278670,2024-12-26
11278697,2024-12-26
11279409,2024-12-26
11280771,2024-12-26
11281336,2024-12-26
11281488,2024-12-26
11281517,2024-12-26
11281552,2024-12-26
11281590,2024-12-26
11282704,2024-12-26
11282742,2024-12-26
11283036,2024-12-26
11283276,2024-12-26
11283551,2024-12-26
11283590,2024-12-26
11284432,2024-12-26
11284556,2024-12-26
11284836,2024-12-27
11285555,2024-12-27
11285693,2024-12-27
11287154,2024-12-26
11287200,2024-12-27
11288066,2024-12-26
11288877,2024-12-26
11288995,2024-12-26
11288997,2024-12-26
11289003,2024-12-26
11289120,2024-12-26
11289373,2024-12-26
11289405,2024-12-26
11290310,2024-12-26
11291668,2024-12-27
11291738,2024-12-27
11292688,2024-12-28
11293189,2024-12-28
11293368,2024-12-28
11293462,2024-12-28
11293711,2024-12-28
11293723,2024-12-28
11293758,2024-12-28
11294007,2024-12-28
11294008,2024-12-27
11294013,2024-12-28
11294035,2024-12-28
11294037,2024-12-28
11294046,2024-12-28
11294209,2024-12-27
11294301,2024-12-27
11294492,2024-12-27
11294629,2024-12-27
11294646,2024-12-27
11295289,2024-12-27
11296412,2024-12-27
11296520,2024-12-27
11296599,2024-12-27
11296702,2024-12-27
11296812,2024-12-27
11296817,2024-12-27
11297235,2024-12-27
11297446,2024-12-27
11297509,2024-12-27
11297560,2024-12-27
11297621,2024-12-27
11297630,2024-12-27
11297785,2024-12-27
11297836,2024-12-27
11297850,2024-12-27
11298176,2024-12-27
11298209,2024-12-27
11298684,2024-12-27
11299531,2024-12-27
11299764,2024-12-27
11300053,2024-12-27
11300295,2024-12-27
11300582,2024-12-27
11300600,2024-12-27
11300889,2024-12-27
11301316,2024-12-27
11301451,2024-12-27
11301482,2024-12-27
11301566,2024-12-27
11301904,2024-12-27
11301943,2024-12-27
11302032,2024-12-27
11302877,2024-12-27
11303314,2024-12-27
11304850,2024-12-28
11305065,2024-12-28
11305183,2024-12-28
11305325,2024-12-28
11305388,2024-12-28
11305754,2024-12-28
11305791,2024-12-28
11305839,2024-12-28
11306544,2024-12-28
11306943,2024-12-28
11307218,2024-12-28
11307680,2024-12-28
11308035,2024-12-28
11308087,2024-12-28
11308089,2024-12-28
11308331,2024-12-28
11308646,2024-12-28
11308744,2024-12-28
11310281,2024-12-29
11310351,2024-12-29
11310375,2024-12-29
11310450,2024-12-29
11310860,2024-12-29
11311934,2024-12-28
11312686,2024-12-29
11313977,2024-12-30
11314570,2024-12-30
11314640,2024-12-30
11314745,2024-12-30
11315369,2024-12-29
11315810,2024-12-29
11316080,2024-12-29
11316652,2024-12-29
11316743,2024-12-29
11317060,2024-12-29
11317111,2024-12-29
11317167,2024-12-29
11317219,2024-12-29
11317312,2024-12-29
11317554,2024-12-29
11317676,2024-12-29
11317895,2024-12-29
11317943,2024-12-29
11318498,2024-12-29
11319430,2024-12-31
11320601,2024-12-31
11321373,2024-12-31
11321380,2024-12-31
11321402,2024-12-31
11321416,2024-12-31
11321938,2024-12-30
11322155,2024-12-31
11322498,2024-12-31
11322715,2024-12-30
11322756,2024-12-30
11322772,2024-12-30
11322789,2024-12-30
11322794,2024-12-30
11322823,2024-12-30
11323611,2024-12-30
11323686,2024-12-30
11323900,2024-12-30
11323922,2024-12-30
11323941,2024-12-30
11323959,2024-12-30
11324261,2024-12-30
11324305,2024-12-30
11324322,2024-12-30
11324328,2024-12-30
11324562,2024-12-30
11324643,2024-12-30
11324728,2024-12-30
11325308,2024-12-30
11325319,2024-12-30
11325406,2024-12-30
11325766,2024-12-30
11325813,2024-12-30
11326519,2024-12-30
11326725,2024-12-30
11326787,2024-12-30
11326869,2024-12-30
11326929,2024-12-30
11326935,2024-12-30
11327193,2024-12-30
11327633,2024-12-30
11327663,2024-12-30
11327791,2024-12-30
11327981,2024-12-30
11328217,2024-12-30
11328847,2024-12-30
11328881,2024-12-30
11329034,2024-12-30
11329142,2024-12-30
11329916,2024-12-30
11330501,2024-12-30
11330504,2024-12-30
11330531,2024-12-30
11330838,2024-12-30
11331073,2024-12-30
11331106,2024-12-30
11331664,2024-12-30
11332043,2024-12-29
11332271,2024-12-31
11332398,2024-12-31
11332871,2024-12-31
11333144,2024-12-31
11334576,2025-01-01
11334713,2025-01-01
11334735,2025-01-01
11335747,2024-12-31
11336070,2024-12-31
11336110,2024-12-31
11336159,2024-12-31
11336171,2024-12-31
11336337,2024-12-31
11336488,2024-12-31
11336794,2024-12-31
11337172,2024-12-31
11337320,2024-12-31
11337397,2024-12-31
11337602,2024-12-31
11337642,2024-12-31
11338008,2024-12-31
11338090,2024-12-31
11338116,2024-12-31
11338421,2024-12-31
11338592,2024-12-31
11338637,2024-12-31
11338739,2024-12-31
11338761,2024-12-31
11338777,2024-12-31
11341456,2025-01-02
11341646,2025-01-01
11342201,2025-01-01
11342206,2025-01-01
11343193,2025-01-01
11343285,2025-01-01
11343507,2025-01-01
11343755,2025-01-01
11343818,2025-01-01
11343841,2025-01-01
11343899,2025-01-01
11344034,2025-01-01
11344047,2025-01-01
11344137,2025-01-01
11344150,2025-01-01
11344155,2025-01-01
11344349,2025-01-01
11344537,2025-01-01
11344690,2025-01-01
11344785,2025-01-01
11344910,2025-01-01
11345049,2025-01-01
11345086,2025-01-01
11345688,2025-01-01
11345803,2025-01-01
11345944,2025-01-01
11345967,2025-01-01
11346145,2024-12-31
11346567,2025-01-03
11346834,2025-01-02
11347025,2025-01-03
11347958,2025-01-02
11348423,2025-01-02
11348463,2025-01-02
11349721,2025-01-02
11350057,2025-01-02
11350135,2025-01-02
11350148,2025-01-02
11350888,2025-01-02
11351218,2025-01-02
11352130,2025-01-02
11352476,2025-01-02
11352925,2025-01-02
11352942,2025-01-02
11352966,2025-01-02
11353006,2025-01-02
11353088,2025-01-02
11353448,2025-01-02
11353679,2025-01-02
11353774,2025-01-02
11354249,2025-01-02
11354276,2025-01-02
11355042,2025-01-02
11355327,2025-01-02
11356052,2025-01-02
11356384,2025-01-02
11356451,2025-01-02
11356539,2025-01-02
11356667,2025-01-02
11356695,2025-01-02
11357090,2025-01-02
11357170,2025-01-02
11357202,2025-01-02
11358615,2025-01-02
11359623,2025-01-02
11359789,2025-01-02
11360798,2025-01-03
11360841,2025-01-03
11360942,2025-01-03
11361141,2025-01-03
11361152,2025-01-03
11361162,2025-01-03
11361569,2025-01-02
11361637,2025-01-03
11361645,2025-01-03
11362960,2025-01-04
11363056,2025-01-04
11363950,2025-01-04
11364358,2025-01-03
11364408,2025-01-04
11364600,2025-01-04
11364957,2025-01-04
11364958,2025-01-04
11365060,2025-01-04
11365372,2025-01-03
11365376,2025-01-03
11365422,2025-01-04
11366349,2025-01-03
11366448,2025-01-03
11366517,2025-01-03
11366646,2025-01-03
11367529,2025-01-03
11367685,2025-01-03
11367758,2025-01-03
11367779,2025-01-03
11368053,2025-01-03
11368623,2025-01-03
11368690,2025-01-03
11368729,2025-01-03
11368784,2025-01-03
11369766,2025-01-03
11370008,2025-01-03
11370034,2025-01-03
11370339,2025-01-03
11370744,2025-01-03
11370790,2025-01-03
11371263,2025-01-03
11371531,2025-01-03
11372584,2025-01-03
11372618,2025-01-03
11372658,2025-01-03
11372858,2025-01-03
11374012,2025-01-03
11375838,2025-01-03
11377118,2025-01-03
11377339,2025-01-03
11377706,2025-01-05
11378910,2025-01-05
11379432,2025-01-05
11379832,2025-01-05
11379934,2025-01-04
11380203,2025-01-05
11380328,2025-01-04
11380606,2025-01-04
11380977,2025-01-04
11380997,2025-01-04
11381081,2025-01-04
11381693,2025-01-04
11382023,2025-01-04
11382209,2025-01-04
11382237,2025-01-04
11382309,2025-01-04
11382360,2025-01-04
11382444,2025-01-04
11382474,2025-01-04
11382503,2025-01-04
11382812,2025-01-04
11382893,2025-01-04
11383015,2025-01-04
11383286,2025-01-04
11383615,2025-01-04
11383664,2025-01-04
11383840,2025-01-04
11384279,2025-01-04
11385274,2025-01-05
11385448,2025-01-05
11385626,2025-01-05
11386030,2025-01-05
11386103,2025-01-05
11386263,2025-01-05
11386853,2025-01-05
11387253,2025-01-05
11387291,2025-01-05
11387431,2025-01-05
11387494,2025-01-05
11387573,2025-01-05
11387621,2025-01-05
11387664,2025-01-05
11387763,2025-01-05
11388076,2025-01-06
11388823,2025-01-06
11389044,2025-01-06
11389446,2025-01-06
11389691,2025-01-06
11389703,2025-01-06
11389752,2025-01-05
11390593,2025-01-05
11390603,2025-01-05
11390914,2025-01-05
11391161,2025-01-05
11391225,2025-01-05
11391235,2025-01-05
11391290,2025-01-05
11391477,2025-01-05
11391498,2025-01-05
11391549,2025-01-05
11391624,2025-01-05
11392305,2025-01-05
11392346,2025-01-05
11392497,2025-01-07
11394106,2025-01-06
11394378,2025-01-07
11394806,2025-01-07
11394832,2025-01-07
11394937,2025-01-07
11395112,2025-01-07
11395318,2025-01-07
11395472,2025-01-07
11395509,2025-01-07
11395884,2025-01-07
11396007,2025-01-07
11396584,2025-01-06
11396893,2025-01-07
11397045,2025-01-06
11397786,2025-01-06
11398291,2025-01-06
11398832,2025-01-06
11399037,2025-01-06
11399049,2025-01-06
11399164,2025-01-06
11400069,2025-01-06
11400327,2025-01-06
11400345,2025-01-06
11400795,2025-01-06
11400833,2025-01-06
11400968,2025-01-06
11401669,2025-01-06
11401846,2025-01-06
11401934,2025-01-06
11402046,2025-01-06
11402181,2025-01-06
11402279,2025-01-06
11402399,2025-01-06
11403238,2025-01-06
11403532,2025-01-06
11403982,2025-01-06
11404732,2025-01-06
11404805,2025-01-06
11405160,2025-01-06
11405708,2025-01-06
11406539,2025-01-06
11406980,2025-01-06
11408363,2025-01-06
11409927,2025-01-08
11409967,2025-01-07
11410166,2025-01-07
11410179,2025-01-07
11410261,2025-01-07
11410297,2025-01-07
11410484,2025-01-07
11410490,2025-01-07
11410522,2025-01-07
11410865,2025-01-07
11411273,2025-01-07
11412353,2025-01-07
11412357,2025-01-07
11412564,2025-01-07
11412681,2025-01-07
11413332,2025-01-07
11413339,2025-01-07
11413350,2025-01-07
11413371,2025-01-07
11413584,2025-01-07
11413811,2025-01-07
11413876,2025-01-07
11413994,2025-01-07
11414099,2025-01-07
11414180,2025-01-07
11414275,2025-01-07
11415139,2025-01-07
11415644,2025-01-07
11415776,2025-01-07
11415782,2025-01-07
11415949,2024-12-28
11416622,2025-01-07
11417610,2025-01-07
11417723,2025-01-07
11417942,2025-01-07
11417987,2025-01-07
11418002,2025-01-07
11418812,2025-01-07
11419169,2025-01-07
11420160,2025-01-07
11420453,2025-01-07
11420506,2025-01-07
11420953,2025-01-08
11420965,2025-01-08
11421049,2025-01-08
11421113,2025-01-08
11421175,2025-01-07
11421366,2025-01-07
11421628,2025-01-08
11423015,2025-01-08
11423282,2025-01-08
11423434,2025-01-07
11423450,2025-01-08
11423536,2025-01-08
11424399,2025-01-08
11424564,2025-01-07
11424808,2025-01-07
11425674,2025-01-08
11425753,2025-01-07
11425969,2025-01-07
11425986,2025-01-07
11425992,2025-01-07
11426057,2025-01-07
11427178,2025-01-08
11427472,2025-01-08
11427810,2025-01-08
11427898,2025-01-08
11427908,2025-01-08
11427918,2025-01-08
11428066,2025-01-08
11428092,2025-01-08
11428176,2025-01-08
11428232,2025-01-08
11429039,2025-01-08
11429316,2025-01-08
11429342,2025-01-08
11429466,2025-01-08
11429481,2025-01-08
11429539,2025-01-08
11429986,2025-01-08
11430419,2025-01-08
11430446,2025-01-08
11430513,2025-01-08
11431160,2025-01-08
11431269,2025-01-08
11431320,2025-01-08
11431437,2025-01-08
11431457,2025-01-08
11431464,2025-01-08
11432289,2025-01-08
11432400,2025-01-08
11432418,2025-01-08
11432432,2025-01-08
11433044,2025-01-08
11433206,2025-01-08
11433255,2025-01-08
11433455,2025-01-08
11434153,2025-01-08
11434672,2025-01-08
11434679,2025-01-08
11434827,2025-01-08
11434872,2025-01-08
11435191,2025-01-08
11436158,2025-01-08
11437755,2025-01-09
11437973,2025-01-09
11438454,2025-01-08
11438602,2025-01-08
11439000,2025-01-09
11439676,2025-01-09
11439861,2025-01-09
11439916,2025-01-09
11439947,2025-01-09
11440046,2025-01-09
11440199,2025-01-09
11440382,2025-01-09
11440847,2025-01-09
11441089,2025-01-09
11441281,2025-01-08
11441316,2025-01-09
11441324,2025-01-08
11441479,2025-01-09
11441493,2025-01-09
11441783,2025-01-08
11442823,2025-01-08
11443586,2025-01-10
11443944,2025-01-09
11446423,2025-01-10
11446460,2025-01-10
11447015,2025-01-09
11447366,2025-01-10
11448081,2025-01-10
11448090,2025-01-10
11448181,2025-01-09
11448320,2025-01-10
11448873,2025-01-10
11448994,2025-01-09
11449153,2025-01-09
11449182,2025-01-09
11449344,2025-01-09
11449746,2025-01-10
11450455,2025-01-09
11450679,2025-01-09
11450829,2025-01-10
11450865,2025-01-10
11451651,2025-01-09
11451726,2025-01-09
11451970,2025-01-09
11451980,2025-01-09
11452156,2025-01-09
11452620,2025-01-09
11452636,2025-01-09
11453234,2025-01-09
11453336,2025-01-09
11453344,2025-01-09
11454058,2025-01-09
11454770,2025-01-09
11454986,2025-01-09
11455678,2025-01-09
11456278,2025-01-09
11456303,2025-01-09
11457052,2025-01-09
11457137,2025-01-09
11457509,2025-01-09
11457672,2025-01-09
11459555,2025-01-09
11459787,2025-01-09
11461468,2025-01-11
11461583,2025-01-11
11461761,2025-01-10
11462041,2025-01-11
11462045,2025-01-11
11462051,2025-01-11
11462058,2025-01-11
11462232,2025-01-10
11463153,2025-01-11
11463179,2025-01-11
11463190,2025-01-11
11463414,2025-01-10
11464030,2025-01-10
11464076,2025-01-10
11464105,2025-01-10
11464308,2025-01-10
11464465,2025-01-10
11464608,2025-01-10
11464932,2025-01-10
11465149,2025-01-10
11465631,2025-01-10
11465669,2025-01-10
11465800,2025-01-10
11465804,2025-01-10
11465835,2025-01-10
11465928,2025-01-10
11465934,2025-01-10
11465937,2025-01-10
11466463,2025-01-10
11466625,2025-01-10
11466633,2025-01-10
11466806,2025-01-10
11466927,2025-01-10
11468341,2025-01-10
11468347,2025-01-10
11468468,2025-01-10
11468602,2025-01-10
11468640,2025-01-10
11468660,2025-01-10
11468748,2025-01-10
11469229,2025-01-10
11469376,2025-01-10
11469696,2025-01-10
11469717,2025-01-10
11469777,2025-01-10
11470069,2025-01-10
11470125,2025-01-10
11470140,2025-01-10
11472049,2025-01-10
11472114,2025-01-10
11472162,2025-01-10
11472220,2025-01-10
11472280,2025-01-10
11472438,2025-01-10
11472440,2025-01-10
11473192,2025-01-10
11473200,2025-01-10
11474039,2025-01-10
11474328,2025-01-10
11474384,2025-01-10
11474457,2025-01-10
11474978,2025-01-10
11474983,2025-01-10
11475044,2025-01-10
11475393,2025-01-11
11475939,2025-01-11
11476147,2025-01-11
11476356,2025-01-11
11476689,2025-01-11
11476946,2025-01-11
11477011,2025-01-11
11477163,2025-01-11
11477172,2025-01-11
11477554,2025-01-11
11477698,2025-01-11
11477803,2025-01-11
11477852,2025-01-11
11477854,2025-01-11
11478009,2025-01-11
11478030,2025-01-11
11479037,2025-01-11
11479053,2025-01-11
11479390,2025-01-11
11479392,2025-01-11
11479611,2025-01-11
11479616,2025-01-11
11479728,2025-01-11
11479891,2025-01-11
11480050,2025-01-11
11480209,2025-01-11
11480873,2025-01-11
11481127,2025-01-11
11481312,2025-01-11
11482214,2025-01-11
11482688,2025-01-11
11483503,2025-01-12
11483739,2025-01-12
11484121,2025-01-12
11484254,2025-01-12
11484293,2025-01-12
11484852,2025-01-13
11484869,2025-01-13
11484931,2025-01-13
11485318,2025-01-13
11485386,2025-01-13
11485530,2025-01-13
11485787,2025-01-13
11486909,2025-01-13
11486977,2025-01-13
11487326,2025-01-13
11487579,2025-01-13
11487646,2025-01-13
11487693,2025-01-13
11488658,2025-01-12
11488897,2025-01-12
11489302,2025-01-12
11489582,2025-01-12
11490185,2025-01-12
11490645,2025-01-12
11490872,2025-01-12
11491076,2025-01-12
11491142,2025-01-12
11491354,2025-01-12
11491506,2025-01-12
11491565,2025-01-12
11491962,2025-01-12
11492305,2025-01-14
11492541,2025-01-14
11493287,2025-01-14
11494688,2025-01-14
11494988,2025-01-14
11495107,2025-01-14
11495216,2025-01-14
11495781,2025-01-14
11496144,2025-01-14
11496272,2025-01-14
11496693,2025-01-14
11496772,2025-01-13
11497443,2025-01-13
11497841,2025-01-14
11498642,2025-01-13
11498775,2025-01-13
11499132,2025-01-13
11499256,2025-01-13
11499411,2025-01-13
11499637,2025-01-13
11499694,2025-01-13
11499860,2025-01-13
11500054,2025-01-13
11500113,2025-01-13
11500126,2025-01-13
11500544,2025-01-13
11500889,2025-01-13
11501007,2025-01-13
11501067,2025-01-13
11501514,2025-01-13
11501590,2025-01-13
11501864,2025-01-13
11502488,2025-01-13
11502525,2025-01-13
11502670,2025-01-13
11502843,2025-01-13
11503430,2025-01-13
11504803,2025-01-13
11504913,2025-01-13
11505065,2025-01-13
11506239,2025-01-13
11506406,2025-01-13
11506556,2025-01-13
11506647,2025-01-13
11506675,2025-01-13
11509235,2025-01-13
11509554,2025-01-14
11509903,2025-01-14
11509951,2025-01-13
11510459,2025-01-14
11510499,2025-01-14
11511650,2025-01-15
11511757,2025-01-15
11511794,2025-01-15
11511795,2025-01-14
11512186,2025-01-15
11512232,2025-01-15
11512787,2025-01-14
11513031,2025-01-14
11513157,2025-01-14
11513160,2025-01-14
11513326,2025-01-15
11514067,2025-01-14
11514225,2025-01-14
11514320,2025-01-14
11514492,2025-01-15
11514947,2025-01-14
11517243,2025-01-15
11517244,2025-01-15
11517322,2025-01-15
11517485,2025-01-15
11517486,2025-01-15
11517539,2025-01-15
11517570,2025-01-15
11517594,2025-01-15
11517634,2025-01-15
11517725,2025-01-15
11517772,2025-01-15
11517832,2025-01-15
11517843,2025-01-15
11517881,2025-01-15
11517930,2025-01-15
11517939,2025-01-15
11518065,2025-01-15
11518121,2025-01-15
11518158,2025-01-15
11518178,2025-01-15
11518208,2025-01-15
11518334,2025-01-15
11518357,2025-01-15
11518452,2025-01-15
11518515,2025-01-15
11518620,2025-01-15
11518626,2025-01-15
11518711,2025-01-15
11518713,2025-01-15
11519020,2025-01-15
11519067,2025-01-15
11519104,2025-01-15
11519111,2025-01-15
11519121,2025-01-15
11519141,2025-01-14
11519170,2025-01-15
11519260,2025-01-15
11519272,2025-01-15
11519348,2025-01-15
11519386,2025-01-15
11519425,2025-01-15
11519454,2025-01-15
11519479,2025-01-15
11519494,2025-01-15
11519499,2025-01-15
11519540,2025-01-15
11519617,2025-01-15
11519804,2025-01-15
11519827,2025-01-15
11519902,2025-01-15
11519913,2025-01-15
11519943,2025-01-15
11520010,2025-01-15
11520105,2025-01-15
11520163,2025-01-15
11520210,2025-01-15
11520216,2025-01-15
11520225,2025-01-15
11520237,2025-01-15
11520339,2025-01-15
11520349,2025-01-15
11520403,2025-01-15
11520492,2025-01-15
11520541,2025-01-15
11520550,2025-01-15
11520633,2025-01-15
11520668,2025-01-15
11520792,2025-01-15
11520832,2025-01-15
11520904,2025-01-15
11521183,2025-01-15
11521184,2025-01-15
11521282,2025-01-15
11521407,2025-01-15
11521674,2025-01-14
11521750,2025-01-15
11521945,2025-01-15
11522087,2025-01-14
11522221,2025-01-14
11522287,2025-01-14
11522495,2025-01-14
11522596,2025-01-14
11522640,2025-01-15
11522710,2025-01-14
11522758,2025-01-14
11522842,2025-01-14
11522877,2025-01-14
11523063,2025-01-14
11523177,2025-01-14
11523319,2025-01-14
11523396,2025-01-14
11523412,2025-01-14
11523426,2025-01-14
11523494,2025-01-14
11523533,2025-01-14
11523617,2025-01-14
11523620,2025-01-14
11523687,2025-01-14
11523850,2025-01-14
11524530,2025-01-14
11524629,2025-01-14
11524702,2025-01-14
11524725,2025-01-14
11524790,2025-01-14
11525093,2025-01-14
11525426,2025-01-14
11525851,2025-01-14
11526292,2025-01-14
11526487,2025-01-14
11526640,2025-01-14
11526837,2025-01-14
11526984,2025-01-14
11527108,2025-01-14
11527109,2025-01-14
11527795,2025-01-14
11527809,2025-01-14
11527846,2025-01-14
11527894,2025-01-14
11527909,2025-01-14
11527910,2025-01-14
11527983,2025-01-13
11528133,2025-01-14
11528697,2025-01-14
11529445,2025-01-14
11529553,2025-01-14
11529623,2025-01-14
11529679,2025-01-14
11529734,2025-01-14
11529802,2025-01-14
11530054,2025-01-14
11530110,2025-01-14
11530971,2025-01-16
11531137,2025-01-16
11531412,2025-01-16
11531661,2025-01-16
11531701,2025-01-16
11531761,2025-01-16
11531945,2025-01-16
11532020,2025-01-16
11532091,2025-01-16
11532121,2025-01-16
11532392,2025-01-16
11532396,2025-01-16
11532458,2025-01-16
11532672,2025-01-16
11532698,2025-01-16
11532703,2025-01-16
11532981,2025-01-16
11533041,2025-01-16
11533278,2025-01-16
11533288,2025-01-16
11533303,2025-01-16
11533405,2025-01-16
11533555,2025-01-16
11533612,2025-01-16
11533804,2025-01-16
11533840,2025-01-16
11533843,2025-01-16
11533932,2025-01-16
11534068,2025-01-16
11534069,2025-01-16
11534114,2025-01-16
11534227,2025-01-16
11534252,2025-01-16
11534257,2025-01-16
11534453,2025-01-16
11534758,2025-01-16
11534779,2025-01-16
11534873,2025-01-16
11534963,2025-01-16
11535147,2025-01-16
11535194,2025-01-16
11535213,2025-01-16
11535483,2025-01-16
11535559,2025-01-16
11535674,2025-01-16
11535757,2025-01-16
11535766,2025-01-16
11536003,2025-01-16
11536013,2025-01-16
11536274,2025-01-16
11536340,2025-01-16
11536679,2025-01-16
11538254,2025-01-15
11538891,2025-01-15
11539413,2025-01-15
11539700,2025-01-15
11540224,2025-01-15
11540329,2025-01-15
11540814,2025-01-15
11540962,2025-01-02
11541193,2025-01-16
11541265,2025-01-16
11541268,2025-01-16
11541338,2025-01-16
11541376,2025-01-16
11541394,2025-01-16
11541396,2025-01-16
11541416,2025-01-16
11541452,2025-01-16
11541587,2025-01-16
11541595,2025-01-16
11541650,2025-01-16
11541655,2025-01-16
11541731,2025-01-16
11541821,2025-01-16
11541891,2025-01-16
11542336,2025-01-16
11542378,2025-01-16
11542497,2025-01-16
11542573,2025-01-16
11542591,2025-01-16
11542629,2025-01-16
11542670,2025-01-16
11542695,2025-01-16
11542754,2025-01-16
11542791,2025-01-16
11542807,2025-01-16
11542842,2025-01-16
11542896,2025-01-16
11542915,2025-01-16
11542920,2025-01-16
11542943,2025-01-16
11543045,2025-01-16
11543088,2025-01-16
11543170,2025-01-16
11543201,2025-01-16
11543210,2025-01-16
11543307,2025-01-16
11543427,2025-01-16
11543687,2025-01-15
11543701,2025-01-15
11543761,2025-01-16
11543862,2025-01-16
11543920,2025-01-16
11543925,2025-01-16
11543948,2025-01-16
11544049,2025-01-16
11544108,2025-01-15
11544120,2025-01-16
11544123,2025-01-16
11544159,2025-01-15
11544209,2025-01-16
11544239,2025-01-15
11544258,2025-01-16
11544277,2025-01-16
11544594,2025-01-15
11544770,2025-01-16
11544895,2025-01-15
11544911,2025-01-15
11545099,2025-01-15
11545129,2025-01-16
11545604,2025-01-15
11545768,2025-01-15
11545806,2025-01-15
11545896,2025-01-15
11545947,2025-01-15
11546026,2025-01-15
11546089,2025-01-15
11546189,2025-01-15
11546192,2025-01-15
11546238,2025-01-15
11546647,2025-01-15
11546700,2025-01-15
11546953,2025-01-15
11547407,2025-01-15
11547648,2025-01-15
11547693,2025-01-15
11547756,2025-01-15
11547834,2025-01-15
11548014,2025-01-15
11548195,2025-01-15
11548225,2025-01-15
11548245,2025-01-15
11548387,2025-01-15
11548601,2025-01-15
11548631,2025-01-15
11548666,2025-01-15
11548973,2025-01-15
11548974,2025-01-15
11549019,2025-01-15
11549032,2025-01-15
11549199,2025-01-15
11549233,2025-01-15
11549387,2025-01-15
11549507,2025-01-15
11549578,2025-01-15
11549607,2025-01-15
11549873,2025-01-15
11549972,2025-01-15
11549981,2025-01-15
11549994,2025-01-15
11550098,2025-01-15
11550177,2025-01-15
11550216,2025-01-15
11550259,2025-01-15
11550318,2025-01-15
11550538,2025-01-15
11550658,2025-01-15
11550659,2025-01-15
11550708,2025-01-15
11550733,2025-01-15
11550749,2025-01-15
11550895,2025-01-15
11550997,2025-01-15
11551165,2025-01-15
11551237,2025-01-15
11551393,2025-01-15
11551582,2025-01-15
11551704,2025-01-15
11551846,2025-01-15
11551861,2025-01-15
11551892,2025-01-15
11551962,2025-01-15
11551991,2025-01-15
11552156,2025-01-15
11552221,2025-01-15
11552287,2025-01-15
11552300,2025-01-15
11552489,2025-01-15
11552538,2025-01-15
11552876,2025-01-15
11552909,2025-01-15
11552910,2025-01-15
11552924,2025-01-15
11553004,2025-01-15
11553264,2025-01-15
11553307,2025-01-15
11553322,2025-01-15
11553397,2025-01-15
11553713,2025-01-15
11553766,2025-01-15
11554047,2025-01-15
11554075,2025-01-15
11554091,2025-01-15
11554300,2025-01-15
11554409,2025-01-15
11554458,2025-01-15
11554515,2025-01-15
11554731,2025-01-15
11555077,2025-01-15
11555081,2025-01-15
11555287,2025-01-15
11555437,2025-01-15
11555524,2025-01-15
11555539,2025-01-15
11555576,2025-01-15
11555656,2025-01-15
11555787,2025-01-15
11555797,2025-01-15
11556031,2025-01-15
11556103,2025-01-15
11556243,2025-01-15
11556381,2025-01-15
11556397,2025-01-15
11556411,2025-01-15
11556471,2025-01-15
11556660,2025-01-15
11556687,2025-01-15
11556696,2025-01-15
11556982,2025-01-15
11557020,2025-01-15
11557022,2025-01-15
11557223,2025-01-15
11557232,2025-01-15
11557278,2025-01-15
11557292,2025-01-15
11557307,2025-01-15
11557335,2025-01-15
11557357,2025-01-15
11557437,2025-01-15
11557475,2025-01-03
11557749,2025-01-17
11557797,2025-01-17
11557805,2025-01-17
11557874,2025-01-17
11557981,2025-01-17
11558081,2025-01-17
11558339,2025-01-17
11558355,2025-01-17
11558375,2025-01-17
11558499,2025-01-17
11558567,2025-01-17
11558688,2025-01-17
11558749,2025-01-17
11559061,2025-01-17
11559136,2025-01-17
11559190,2025-01-17
11559485,2025-01-17
11559491,2025-01-17
11559514,2025-01-17
11559800,2025-01-17
11559909,2025-01-17
11559985,2025-01-17
11560218,2025-01-17
11560340,2025-01-17
11560353,2025-01-17
11560381,2025-01-17
11560474,2025-01-17
11560507,2025-01-17
11560548,2025-01-17
11560590,2025-01-17
11560698,2025-01-17
11560722,2025-01-17
11560730,2025-01-17
11560927,2025-01-17
11561021,2025-01-17
11561160,2025-01-17
11561164,2025-01-17
11561196,2025-01-17
11561274,2025-01-17
11561349,2025-01-17
11561458,2025-01-17
11561625,2025-01-17
11561823,2025-01-17
11561856,2025-01-17
11561971,2025-01-17
11562152,2025-01-17
11562371,2025-01-17
11562408,2025-01-17
11562426,2025-01-17
11562572,2025-01-17
11562672,2025-01-17
11562823,2025-01-17
11562858,2025-01-17
11563075,2025-01-17
11563414,2025-01-17
11563442,2025-01-17
11563526,2025-01-17
11563540,2025-01-17
11563854,2025-01-16
11563945,2025-01-16
11563973,2025-01-16
11563994,2025-01-16
11564311,2025-01-17
11564706,2025-01-16
11564898,2025-01-16
11565155,2025-01-16
11565174,2025-01-16
11565242,2025-01-16
11565252,2025-01-16
11565510,2025-01-16
11565541,2025-01-16
11565745,2025-01-16
11565947,2025-01-16
11566706,2025-01-16
11566882,2025-01-16
11567177,2025-01-15
11567402,2025-01-17
11567460,2025-01-17
11567804,2025-01-15
11567914,2025-01-15
11568493,2025-01-15
11568563,2025-01-16
11569058,2025-01-17
11569119,2025-01-17
11569191,2025-01-17
11569194,2025-01-17
11569223,2025-01-17
11569250,2025-01-17
11569272,2025-01-17
11569325,2025-01-17
11569378,2025-01-17
11569440,2025-01-17
11569456,2025-01-17
11569574,2025-01-17
11569591,2025-01-17
11569685,2025-01-17
11569742,2025-01-17
11569809,2025-01-17
11569819,2025-01-17
11570005,2025-01-17
11570136,2025-01-17
11570207,2025-01-17
11570266,2025-01-17
11570326,2025-01-17
11570411,2025-01-17
11570596,2025-01-17
11570678,2025-01-17
11570734,2025-01-16
11570741,2025-01-17
11570742,2025-01-17
11570807,2025-01-17
11570919,2025-01-17
11571084,2025-01-17
11571205,2025-01-17
11571446,2025-01-17
11571585,2025-01-17
11571626,2025-01-17
11571671,2025-01-17
11571705,2025-01-17
11571710,2025-01-17
11571713,2025-01-17
11571760,2025-01-17
11571811,2025-01-17
11571815,2025-01-17
11571861,2025-01-17
11571915,2025-01-17
11572061,2025-01-17
11572117,2025-01-17
11572121,2025-01-17
11572143,2025-01-17
11572216,2025-01-17
11572391,2025-01-17
11572416,2025-01-17
11572520,2025-01-17
11572732,2025-01-17
11572882,2025-01-17
11572911,2025-01-17
11572924,2025-01-17
11572925,2025-01-17
11572946,2025-01-17
11573203,2025-01-17
11573325,2025-01-16
11573430,2025-01-16
11573444,2025-01-17
11573472,2025-01-17
11573479,2025-01-16
11573501,2025-01-17
11573608,2025-01-16
11573617,2025-01-16
11573700,2025-01-16
11573715,2025-01-16
11573782,2025-01-16
11573787,2025-01-16
11573856,2025-01-17
11573903,2025-01-16
11573904,2025-01-16
11573951,2025-01-16
11574122,2025-01-16
11574135,2025-01-16
11574200,2025-01-16
11574215,2025-01-16
11574456,2025-01-16
11574539,2025-01-16
11574565,2025-01-16
11574678,2025-01-16
11574737,2025-01-16
11574789,2025-01-16
11574831,2025-01-16
11574888,2025-01-16
11574965,2025-01-16
11574981,2025-01-16
11575117,2025-01-16
11575172,2025-01-16
11575179,2025-01-16
11575197,2025-01-16
11575198,2025-01-16
11575210,2025-01-16
11575215,2025-01-16
11575262,2025-01-16
11575394,2025-01-16
11575486,2025-01-16
11575536,2025-01-16
11575618,2025-01-16
11575749,2025-01-16
11575905,2025-01-16
11575945,2025-01-16
11575970,2025-01-16
11576096,2025-01-16
11576317,2025-01-16
11576392,2025-01-16
11576452,2025-01-16
11576462,2025-01-16
11576609,2025-01-16
11576631,2025-01-16
11576656,2025-01-16
11576700,2025-01-16
11576723,2025-01-16
11576804,2025-01-16
11576840,2025-01-16
11576928,2025-01-16
11576992,2025-01-16
11577000,2025-01-16
11577065,2025-01-16
11577228,2025-01-16
11577283,2025-01-16
11577393,2025-01-16
11577409,2025-01-16
11577596,2025-01-16
11577604,2025-01-15
11577649,2025-01-15
11577679,2025-01-15
11577692,2025-01-15
11577714,2025-01-15
11577731,2025-01-15
11577755,2025-01-16
11577822,2025-01-16
11577932,2025-01-16
11578024,2025-01-16
11578083,2025-01-16
11578221,2025-01-16
11578295,2025-01-16
11578481,2025-01-16
11578553,2025-01-16
11578635,2025-01-16
11578656,2025-01-16
11578676,2025-01-16
11578751,2025-01-16
11578792,2025-01-16
11579607,2025-01-16
11579650,2025-01-16
11579665,2025-01-16
11579723,2025-01-16
11579846,2025-01-16
11579988,2025-01-16
11579990,2025-01-16
11580522,2025-01-16
11580573,2025-01-16
11580658,2025-01-16
11580826,2025-01-16
11580889,2025-01-16
11580990,2025-01-16
11581045,2025-01-16
11581071,2025-01-16
11581147,2025-01-16
11581222,2025-01-16
11581275,2025-01-16
11581459,2025-01-16
11581599,2025-01-16
11581774,2025-01-16
11581829,2025-01-16
11582024,2025-01-16
11582129,2025-01-16
11582299,2025-01-16
11582407,2025-01-16
11582549,2025-01-16
11582567,2025-01-16
11582657,2025-01-16
11582711,2025-01-16
11582752,2025-01-16
11583149,2025-01-16
11583178,2025-01-16
11583265,2025-01-16
11583384,2025-01-16
11583438,2025-01-16
11583892,2025-01-16
11584062,2025-01-16
11584121,2025-01-16
11584252,2025-01-16
11584300,2025-01-16
11584390,2025-01-16
11584616,2025-01-16
11584633,2025-01-16
11584695,2025-01-16
11584866,2025-01-16
11585081,2025-01-16
11585107,2025-01-16
11585229,2025-01-16
11585333,2025-01-16
11585454,2025-01-16
11585556,2025-01-20
11585631,2025-01-20
11585637,2025-01-20
11585684,2025-01-18
11585721,2025-01-18
11585857,2025-01-20
11585878,2025-01-20
11585921,2025-01-20
11586097,2025-01-17
11586125,2025-01-20
11586155,2025-01-20
11586232,2025-01-20
11586833,2025-01-20
11586842,2025-01-20
11586891,2025-01-20
11586982,2025-01-21
11587205,2025-01-20
11587698,2025-01-20
11587942,2025-01-20
11588030,2025-01-17
11588419,2025-01-20
11588561,2025-01-20
11588829,2025-01-20
11588832,2025-01-20
11589173,2025-01-20
11589178,2025-01-19
11589343,2025-01-20
11589433,2025-01-20
11589455,2025-01-20
11589858,2025-01-20
11590038,2025-01-20
11590199,2025-01-20
11590231,2025-01-20
11590232,2025-01-20
11590404,2025-01-20
11590622,2025-01-20
11590734,2025-01-20
11590781,2025-01-21
11590861,2025-01-17
11591175,2025-01-17
11591248,2025-01-20
11591276,2025-01-20
11591612,2025-01-20
11591665,2025-01-20
11591704,2025-01-20
11591844,2025-01-20
11591989,2025-01-21
11592441,2025-01-20
11592459,2025-01-21
11592539,2025-01-20
11592615,2025-01-20
11592793,2025-01-18
11592846,2025-01-20
11592898,2025-01-20
11593098,2025-01-20
11593100,2025-01-20
11593115,2025-01-20
11593191,2025-01-20
11593375,2025-01-20
11593474,2025-01-17
11593713,2025-01-21
11593792,2025-01-17
11593804,2025-01-20
11593822,2025-01-20
11593982,2025-01-20
11594008,2025-01-20
11594079,2025-01-20
11594138,2025-01-17
11594162,2025-01-20
11594170,2025-01-21
11594658,2025-01-18
11594754,2025-01-20
11594793,2025-01-20
11594963,2025-01-07
11595224,2025-01-21
11595258,2025-01-19
11595294,2025-01-20
11595509,2025-01-17
11595942,2025-01-20
11596036,2025-01-21
11596070,2025-01-21
11596330,2025-01-21
11596404,2025-01-20
11596540,2025-01-17
11596572,2025-01-20
11596594,2025-01-20
11596772,2025-01-21
11596869,2025-01-20
11596937,2025-01-17
11596980,2025-01-20
11597004,2025-01-20
11597025,2025-01-20
11597163,2025-01-17
11597264,2025-01-18
11597660,2025-01-21
11597821,2025-01-19
11598054,2025-01-21
11598075,2025-01-19
11598254,2025-01-21
11598466,2025-01-21
11598571,2025-01-21
11598642,2025-01-21
11598684,2025-01-21
11598868,2025-01-21
11599308,2025-01-21
11599732,2025-01-21
11599840,2025-01-21
11600018,2025-01-21
11600029,2025-01-21
11600140,2025-01-21
11600171,2025-01-21
11600177,2025-01-21
11600444,2025-01-21
11600544,2025-01-21
11600598,2025-01-21
11600656,2025-01-21
11600881,2025-01-21
11601047,2025-01-21
11601067,2025-01-21
11601216,2025-01-21
11601449,2025-01-21
11601515,2025-01-21
11601847,2025-01-21
11601878,2025-01-21
11602007,2025-01-21
11602027,2025-01-21
11602100,2025-01-21
11602332,2025-01-21
11602395,2025-01-21
11602648,2025-01-21
11602854,2025-01-21
11602892,2025-01-21
11603205,2025-01-21
11603420,2025-01-21
11604974,2025-01-21
11605246,2025-01-21
11605372,2025-01-21
11605780,2025-01-21
11605804,2025-01-21
11605811,2025-01-21
11605844,2025-01-21
11605856,2025-01-21
11606473,2025-01-21
11606639,2025-01-21
11606755,2025-01-21
11606913,2025-01-21
11606919,2025-01-21
11607042,2025-01-21
11607327,2025-01-21
11607399,2025-01-21
11607417,2025-01-21
11607489,2025-01-21
11607507,2025-01-21
11607637,2025-01-21
11607704,2025-01-21
11607811,2025-01-21
11607868,2025-01-21
11608022,2025-01-21
11608110,2025-01-21
11608332,2025-01-21
11608373,2025-01-21
11608405,2025-01-21
11608458,2025-01-21
11608488,2025-01-21
11608786,2025-01-21
11608874,2025-01-21
11609211,2025-01-21
11609286,2025-01-21
11609493,2025-01-21
11609566,2025-01-21
11610725,2025-01-20
11610867,2025-01-20
11610872,2025-01-21
11610933,2025-01-20
11611337,2025-01-20
11611480,2025-01-20
11611666,2025-01-21
11611827,2025-01-21
11612043,2025-01-20
11612500,2025-01-20
11612594,2025-01-20
11612702,2025-01-20
11612719,2025-01-20
11612898,2025-01-20
11613014,2025-01-20
11613231,2025-01-20
11613306,2025-01-20
11613420,2025-01-20
11613711,2025-01-20
11613883,2025-01-20
11614119,2025-01-20
11614167,2025-01-20
11614268,2025-01-20
11614273,2025-01-20
11614337,2025-01-20
11614464,2025-01-20
11614518,2025-01-20
11614645,2025-01-20
11614785,2025-01-20
11615091,2025-01-20
11615247,2025-01-20
11616435,2025-01-20
11616484,2025-01-20
11616557,2025-01-20
11616647,2025-01-20
11616705,2025-01-20
11616929,2025-01-20
11616978,2025-01-20
11616995,2025-01-20
11617017,2025-01-20
11617066,2025-01-20
11617598,2025-01-20
11617635,2025-01-20
11617787,2025-01-20
11617870,2025-01-20
11617953,2025-01-20
11618024,2025-01-20
11618039,2025-01-20
11618043,2025-01-20
11618047,2025-01-20
11618161,2025-01-20
11618175,2025-01-20
11618332,2025-01-20
11618389,2025-01-20
11618730,2025-01-20
11618834,2025-01-20
11618885,2025-01-20
11618921,2025-01-20
11619000,2025-01-20
11619276,2025-01-20
11619327,2025-01-20
11619745,2025-01-20
11619854,2025-01-20
11619924,2025-01-20
11619978,2025-01-20
11620236,2025-01-20
11620310,2025-01-20
11620386,2025-01-20
11620460,2025-01-20
11620737,2025-01-19
11620851,2025-01-20
11620953,2025-01-19
11621006,2025-01-20
11621033,2025-01-20
11621118,2025-01-20
11621336,2025-01-20
11621344,2025-01-19
11621353,2025-01-20
11621389,2025-01-19
11621549,2025-01-19
11621626,2025-01-19
11621678,2025-01-19
11621772,2025-01-19
11621812,2025-01-19
11621818,2025-01-19
11621822,2025-01-19
11622158,2025-01-20
11622655,2025-01-19
11622833,2025-01-19
11622922,2025-01-19
11622947,2025-01-19
11622966,2025-01-19
11623046,2025-01-19
11623108,2025-01-19
11623230,2025-01-19
11623347,2025-01-19
11623465,2025-01-19
11623629,2025-01-19
11623785,2025-01-19
11623788,2025-01-19
11623818,2025-01-19
11624110,2025-01-19
11624186,2025-01-19
11624233,2025-01-19
11624371,2025-01-19
11624424,2025-01-19
11624435,2025-01-19
11624452,2025-01-19
11624709,2025-01-19
11624878,2025-01-19
11625132,2025-01-19
11625202,2025-01-19
11625261,2025-01-19
11625267,2025-01-19
11625294,2025-01-19
11625626,2025-01-19
11625787,2025-01-19
11625932,2025-01-19
11626085,2025-01-19
11626117,2025-01-19
11626138,2025-01-19
11626217,2025-01-19
11626264,2025-01-19
11626507,2025-01-19
11626895,2025-01-19
11626970,2025-01-19
11627259,2025-01-19
11627439,2025-01-19
11627525,2025-01-19
11627909,2025-01-19
11628208,2025-01-17
11628255,2025-01-19
11628364,2025-01-19
11628440,2025-01-19
11628515,2025-01-19
11628530,2025-01-19
11628612,2025-01-19
11628728,2025-01-19
11628743,2025-01-19
11628868,2025-01-19
11628896,2025-01-19
11628916,2025-01-19
11628975,2025-01-19
11628981,2025-01-20
11628994,2025-01-19
11629161,2025-01-19
11629336,2025-01-19
11629478,2025-01-19
11629503,2025-01-19
11629593,2025-01-19
11629695,2025-01-19
11629755,2025-01-19
11629942,2025-01-19
11630042,2025-01-19
11630131,2025-01-19
11630137,2025-01-19
11630227,2025-01-19
11630261,2025-01-19
11630332,2025-01-19
11630354,2025-01-19
11630667,2025-01-19
11630672,2025-01-19
11630770,2025-01-19
11630894,2025-01-19
11630967,2025-01-19
11631134,2025-01-19
11631365,2025-01-19
11631382,2025-01-19
11631387,2025-01-19
11631433,2025-01-19
11631594,2025-01-19
11631598,2025-01-19
11631614,2025-01-19
11631652,2025-01-19
11631691,2025-01-19
11631823,2025-01-19
11631911,2025-01-18
11631948,2025-01-19
11632074,2025-01-18
11632160,2025-01-18
11632205,2025-01-18
11632237,2025-01-19
11632257,2025-01-18
11632403,2025-01-19
11632565,2025-01-18
11632647,2025-01-19
11632666,2025-01-19
11632805,2025-01-18
11633072,2025-01-18
11633133,2025-01-18
11633231,2025-01-18
11633240,2025-01-18
11633364,2025-01-18
11633372,2025-01-19
11633391,2025-01-19
11633468,2025-01-18
11633485,2025-01-18
11633591,2025-01-18
11633995,2025-01-18
11634002,2025-01-18
11634035,2025-01-18
11634078,2025-01-18
11634108,2025-01-18
11634144,2025-01-18
11634180,2025-01-18
11634198,2025-01-18
11634241,2025-01-18
11634425,2025-01-18
11634450,2025-01-18
11634513,2025-01-18
11634603,2025-01-18
11634656,2025-01-18
11634683,2025-01-18
11634687,2025-01-18
11634723,2025-01-18
11634742,2025-01-18
11634761,2025-01-18
11635192,2025-01-18
11635264,2025-01-18
11635286,2025-01-18
11635473,2025-01-18
11635566,2025-01-18
11635596,2025-01-18
11635600,2025-01-18
11635732,2025-01-18
11635735,2025-01-18
11635987,2025-01-18
11635995,2025-01-18
11636026,2025-01-18
11636027,2025-01-18
11636119,2025-01-18
11636381,2025-01-18
11636435,2025-01-18
11636455,2025-01-18
11636470,2025-01-18
11636471,2025-01-18
11636547,2025-01-18
11636551,2025-01-18
11636578,2025-01-18
11636660,2025-01-18
11636768,2025-01-18
11636794,2025-01-18
11636842,2025-01-18
11637073,2025-01-18
11637102,2025-01-18
11637149,2025-01-18
11637253,2025-01-18
11637268,2025-01-18
11637300,2025-01-18
11637355,2025-01-18
11637410,2025-01-18
11637567,2025-01-18
11637572,2025-01-18
11637665,2025-01-18
11637806,2025-01-17
11637835,2025-01-17
11637856,2025-01-17
11637866,2025-01-18
11637945,2025-01-18
11637991,2025-01-17
11638034,2025-01-18
11638041,2025-01-18
11638050,2025-01-18
11638105,2025-01-18
11638106,2025-01-18
11638115,2025-01-18
11638340,2025-01-18
11638345,2025-01-18
11638348,2025-01-18
11638355,2025-01-17
11638556,2025-01-18
11638703,2025-01-18
11638708,2025-01-18
11638714,2025-01-17
11638751,2025-01-18
11638803,2025-01-18
11638864,2025-01-18
11638919,2025-01-18
11638946,2025-01-18
11639020,2025-01-18
11639457,2025-01-18
11639487,2025-01-18
11639633,2025-01-18
11639635,2025-01-18
11639669,2025-01-18
11639697,2025-01-18
11639757,2025-01-18
11639761,2025-01-18
11639864,2025-01-18
11639907,2025-01-18
11639958,2025-01-18
11639990,2025-01-18
11640089,2025-01-18
11640126,2025-01-18
11640243,2025-01-18
11640353,2025-01-18
11640374,2025-01-18
11640381,2025-01-18
11640386,2025-01-18
11640462,2025-01-18
11640475,2025-01-18
11640558,2025-01-18
11640607,2025-01-18
11640623,2025-01-18
11640627,2025-01-18
11640694,2025-01-18
11640759,2025-01-18
11640765,2025-01-18
11640802,2025-01-18
11640839,2025-01-18
11640844,2025-01-18
11640845,2025-01-18
11640855,2025-01-18
11641043,2025-01-18
11641247,2025-01-18
11641277,2025-01-18
11641279,2025-01-18
11641379,2025-01-18
11641401,2025-01-18
11641528,2025-01-18
11641599,2025-01-18
11641925,2025-01-18
11641926,2025-01-18
11641946,2025-01-18
11642078,2025-01-18
11642092,2025-01-18
11642096,2025-01-18
11642111,2025-01-18
11642201,2025-01-18
11642233,2025-01-18
11642293,2025-01-18
11642329,2025-01-18
11642373,2025-01-18
11642460,2025-01-18
11642470,2025-01-18
11642479,2025-01-18
11642596,2025-01-18
11642688,2025-01-18
11642873,2025-01-18
11642940,2025-01-18
11643022,2025-01-18
11643212,2025-01-18
11643506,2025-01-18
11643555,2025-01-18
11643673,2025-01-18
11643704,2025-01-18
11643760,2025-01-18
11643778,2025-01-18
11643833,2025-01-18
11643848,2025-01-18
11644130,2025-01-18
11644297,2025-01-18
11644364,2025-01-18
11644550,2025-01-18
11644729,2025-01-18
11644738,2025-01-18
11644742,2025-01-18
11644748,2025-01-18
11644854,2025-01-18
11644904,2025-01-18
11645109,2025-01-18
11645140,2025-01-18
11645289,2025-01-18
11645308,2025-01-18
11645335,2025-01-18
11645356,2025-01-18
11645403,2025-01-18
11645463,2025-01-18
11645699,2025-01-18
11645709,2025-01-18
11645738,2025-01-18
11645757,2025-01-18
11645808,2025-01-18
11645867,2025-01-18
11645892,2025-01-18
11645904,2025-01-18
11646090,2025-01-18
11646100,2025-01-18
11646113,2025-01-18
11646204,2025-01-18
11646279,2025-01-18
11646287,2025-01-18
11646323,2025-01-18
11646346,2025-01-18
11646361,2025-01-18
11646493,2025-01-18
11646576,2025-01-18
11646661,2025-01-18
11646749,2025-01-18
11646821,2025-01-18
11646938,2025-01-18
11646942,2025-01-18
11646975,2025-01-18
11647095,2025-01-18
11647170,2025-01-18
11647187,2025-01-18
11647335,2025-01-18
11647396,2025-01-18
11647417,2025-01-18
11647492,2025-01-18
11647560,2025-01-18
11647570,2025-01-18
11647621,2025-01-18
11647722,2025-01-18
11647726,2025-01-18
11647738,2025-01-18
11647765,2025-01-18
11647766,2025-01-18
11647769,2025-01-18
11648082,2025-01-18
11648090,2025-01-18
11648202,2025-01-18
11648249,2025-01-18
11648440,2025-01-18
11648496,2025-01-18
11648497,2025-01-18
11648602,2025-01-18
11648641,2025-01-18
11648676,2025-01-18
11648679,2025-01-18
11648745,2025-01-18
11648787,2025-01-18
11648985,2025-01-18
11649232,2025-01-18
11649289,2025-01-18
11649339,2025-01-18
11649352,2025-01-18
11649378,2025-01-18
11649394,2025-01-18
11649424,2025-01-18
11649647,2025-01-18
11649717,2025-01-18
11649780,2025-01-18
11649839,2025-01-18
11649900,2025-01-18
11649964,2025-01-18
11650014,2025-01-18
11650018,2025-01-18
11650095,2025-01-18
11650160,2025-01-18
11650189,2025-01-18
11650325,2025-01-18
11650474,2025-01-18
11650513,2025-01-18
11650556,2025-01-18
11650588,2025-01-18
11650809,2025-01-18
11650977,2025-01-18
11651008,2025-01-18
11651064,2025-01-18
11651068,2025-01-18
11651108,2025-01-18
11651119,2025-01-18
11651136,2025-01-18
11651271,2025-01-18
11651315,2025-01-18
11651335,2025-01-18
11651389,2025-01-18
11651407,2025-01-18
11651417,2025-01-18
11651458,2025-01-18
11651466,2025-01-17
11651496,2025-01-18
11651674,2025-01-18
11651713,2025-01-18
11651805,2025-01-17
11651857,2025-01-18
11651858,2025-01-18
11652021,2025-01-18
11652045,2025-01-18
11652087,2025-01-18
11652145,2025-01-18
11652170,2025-01-18
11652322,2025-01-18
11652450,2025-01-18
11652514,2025-01-18
11652535,2025-01-18
11652569,2025-01-18
11652591,2025-01-18
11652675,2025-01-17
11652677,2025-01-18
11652678,2025-01-18
11652740,2025-01-18
11652798,2025-01-18
11652827,2025-01-18
11652831,2025-01-18
11653020,2025-01-18
11653042,2025-01-18
11653155,2025-01-18
11653185,2025-01-18
11653346,2025-01-18
11653379,2025-01-17
11653780,2025-01-18
11653781,2025-01-18
11653918,2025-01-17
11653945,2025-01-17
11654015,2025-01-17
11654029,2025-01-17
11654031,2025-01-17
11654117,2025-01-17
11654159,2025-01-17
11654311,2025-01-17
11654336,2025-01-17
11654447,2025-01-17
11654466,2025-01-17
11654974,2025-01-17
11654976,2025-01-17
11655060,2025-01-17
11655354,2025-01-17
11655408,2025-01-17
11655519,2025-01-17
11655598,2025-01-17
11655609,2025-01-17
11655618,2025-01-17
11655703,2025-01-17
11655765,2025-01-17
11655798,2025-01-17
11655823,2025-01-17
11655838,2025-01-17
11655924,2025-01-17
11655937,2025-01-17
11655960,2025-01-17
11656087,2025-01-17
11656408,2025-01-17
11656546,2025-01-17
11656575,2025-01-17
11656653,2025-01-17
11656657,2025-01-17
11656716,2025-01-17
11656774,2025-01-17
11656796,2025-01-17
11656821,2025-01-17
11656867,2025-01-17
11657061,2025-01-17
11657098,2025-01-17
11657243,2025-01-17
11657412,2025-01-17
11657425,2025-01-17
11657479,2025-01-17
11657629,2025-01-17
11657803,2025-01-17
11657807,2025-01-17
11657814,2025-01-17
11658213,2025-01-17
11658246,2025-01-17
11658340,2025-01-17
11658571,2025-01-17
11658654,2025-01-17
11658677,2025-01-17
11658733,2025-01-17
11658908,2025-01-17
11658920,2025-01-17
11658935,2025-01-17
11658972,2025-01-17
11659070,2025-01-17
11659124,2025-01-17
11659131,2025-01-17
11659193,2025-01-17
11659409,2025-01-17
11659447,2025-01-17
11659464,2025-01-17
11659606,2025-01-17
11659636,2025-01-17
11659671,2025-01-17
11659692,2025-01-17
11659746,2025-01-17
11659861,2025-01-17
11659933,2025-01-17
11660057,2025-01-17
11660086,2025-01-17
11660109,2025-01-17
11660118,2025-01-17
11660392,2025-01-17
11660565,2025-01-17
11660624,2025-01-17
11660902,2025-01-17
11660906,2025-01-17
11660954,2025-01-17
11660969,2025-01-17
11661014,2025-01-17
11661078,2025-01-17
11661111,2025-01-17
11661225,2025-01-17
11661325,2025-01-17
11661342,2025-01-17
11661420,2025-01-17
11661527,2025-01-17
11661569,2025-01-17
11661575,2025-01-17
11661605,2025-01-17
11661643,2025-01-17
11661850,2025-01-17
11661864,2025-01-17
11661867,2025-01-17
11661891,2025-01-17
11661926,2025-01-17
11661937,2025-01-17
11661947,2025-01-17
11662012,2025-01-17
11662198,2025-01-17
11662743,2025-01-17
11662839,2025-01-17
11662962,2025-01-17
11663128,2025-01-17
11663154,2025-01-17
11663167,2025-01-17
11663168,2025-01-17
11663176,2025-01-17
11663533,2025-01-17
11663545,2025-01-17
11663623,2025-01-17
11663634,2025-01-17
11663636,2025-01-17
11663673,2025-01-17
11663771,2025-01-17
11663788,2025-01-17
11663812,2025-01-17
11663970,2025-01-17
11664084,2025-01-17
11664139,2025-01-17
11664163,2025-01-17
11664486,2025-01-17
11664696,2025-01-17
11664726,2025-01-17
11664758,2025-01-17
11664778,2025-01-17
11664781,2025-01-17
11664902,2025-01-17
11665038,2025-01-17
11665049,2025-01-17
11665118,2025-01-17
11665194,2025-01-17
11665276,2025-01-17
11665293,2025-01-17
11665335,2025-01-17
11665377,2025-01-17
11665381,2025-01-17
11665654,2025-01-17
11665665,2025-01-17
11665712,2025-01-17
11665747,2025-01-17
11665803,2025-01-17
11665830,2025-01-17
11665987,2025-01-17
11666071,2025-01-17
11666119,2025-01-17
11666152,2025-01-17
11666163,2025-01-17
11666234,2025-01-17
11666382,2025-01-17
11666496,2025-01-17
11666565,2025-01-17
11666631,2025-01-17
11666671,2025-01-17
11666746,2025-01-17
11666771,2025-01-17
11666804,2025-01-17
11666831,2025-01-17
11666914,2025-01-17
11666945,2025-01-17
11666977,2025-01-17
11667039,2025-01-17
11667045,2025-01-17
11667050,2025-01-17
11667061,2025-01-17
11667065,2025-01-17
11667109,2025-01-17
11667202,2025-01-17
11667298,2025-01-17
11667328,2025-01-17
11667374,2025-01-17
11667399,2025-01-17
11667447,2025-01-17
11667870,2025-01-17
11667917,2025-01-17
11668082,2025-01-17
11668162,2025-01-17
11668493,2025-01-17
11668539,2025-01-17
11668571,2025-01-17
11668592,2025-01-17
11668643,2025-01-17
11668789,2025-01-17
11668791,2025-01-17
11668797,2025-01-17
11668874,2025-01-17
11668929,2025-01-17
11668974,2025-01-17
11669097,2025-01-17
11669123,2025-01-17
11669157,2025-01-17
11669187,2025-01-17
11669309,2025-01-17
11669376,2025-01-17
11669424,2025-01-17
11669500,2025-01-17
11669530,2025-01-17
11669540,2025-01-17
11669545,2025-01-17
11669596,2025-01-17
11669615,2025-01-17
11669675,2025-01-17
11669857,2025-01-17
11669862,2025-01-17
11669874,2025-01-17
11669904,2025-01-17
11669984,2025-01-17
11670027,2025-01-17
11670301,2025-01-17
11670330,2025-01-17
11670444,2025-01-17
11670453,2025-01-17
11670479,2025-01-17
11670506,2025-01-17
11670517,2025-01-17
11670551,2025-01-17
11670726,2025-01-17
11670768,2025-01-17
11670856,2025-01-17
11670867,2025-01-17
11670928,2025-01-17
11670968,2025-01-17
11671090,2025-01-17
11671108,2025-01-17
11671127,2025-01-17
11671146,2025-01-17
11671286,2025-01-17
11671301,2025-01-17
11671311,2025-01-17
11671347,2025-01-17
11671397,2025-01-17
11671456,2025-01-17
11671549,2025-01-17
11671550,2025-01-17
11671558,2025-01-17
11671562,2025-01-17
11671604,2025-01-17
11671649,2025-01-17
11671699,2025-01-17
11671743,2025-01-17
11671798,2025-01-17
11671980,2025-01-17
11671994,2025-01-17
11672023,2025-01-17
11672024,2025-01-17
11672028,2025-01-17
11672174,2025-01-17
11672384,2025-01-17
11672429,2025-01-17
11672435,2025-01-17
11672492,2025-01-17
11672511,2025-01-17
11672545,2025-01-17
11672578,2025-01-17
11672624,2025-01-17
11672718,2025-01-17
11672719,2025-01-17
11672722,2025-01-17
11672723,2025-01-17
11672772,2025-01-17
11672789,2025-01-17
11672901,2025-01-17
11673091,2025-01-17
11673278,2025-01-17
11673341,2025-01-17
11673375,2025-01-17
11673517,2025-01-17
11673522,2025-01-17
11673565,2025-01-17
11673573,2025-01-17
11673594,2025-01-17
11673661,2025-01-17
11673702,2025-01-17
11673838,2025-01-17
11673873,2025-01-17
11673926,2025-01-17
11673934,2025-01-17
11673971,2025-01-17
11673989,2025-01-17
11674155,2025-01-17
11674292,2025-01-17
11674358,2025-01-17
11674366,2025-01-17
11674460,2025-01-17
11674479,2025-01-17
11674660,2025-01-17
11674770,2025-01-17
11674775,2025-01-17
11674777,2025-01-17
11674865,2025-01-17
11674866,2025-01-17
11674871,2025-01-17
11674886,2025-01-17
11674917,2025-01-17
11675024,2025-01-17
11675056,2025-01-17
11675132,2025-01-17
11675184,2025-01-17
11675206,2025-01-17
11675220,2025-01-17
11675233,2025-01-17
11675319,2025-01-17
11675377,2025-01-17
11675421,2025-01-17
11675469,2025-01-17
11675551,2025-01-17
11675600,2025-01-17
11675638,2025-01-17
11675949,2025-01-17
11675956,2025-01-17
11676002,2025-01-17
11676029,2025-01-17
11676063,2025-01-17
11676072,2025-01-17
11676092,2025-01-17
11676108,2025-01-17
11676134,2025-01-17
11676206,2025-01-17
11676241,2025-01-17
11676289,2025-01-17
11676292,2025-01-17
11676300,2025-01-17
11676301,2025-01-17
11676308,2025-01-17
11676335,2025-01-17
11676339,2025-01-17
11676402,2025-01-17
11676463,2025-01-17
11676464,2025-01-17
11676473,2025-01-17
11676493,2025-01-17
11676592,2025-01-17
11676607,2025-01-17
11676742,2025-01-17
11676767,2025-01-17
11676800,2025-01-17
11676803,2025-01-17
11676831,2025-01-17
11676951,2025-01-17
11676956,2025-01-17
11676982,2025-01-17
11677205,2025-01-17
11677224,2025-01-17
11677242,2025-01-17
11677259,2025-01-16
11677274,2025-01-17
11677337,2025-01-17
11677445,2025-01-16
11677543,2025-01-16
11677566,2025-01-16
11677576,2025-01-16
11677614,2025-01-16
11677644,2025-01-16
11677736,2025-01-16
11677754,2025-01-17
11677823,2025-01-17
11677930,2025-01-17
11677951,2025-01-17
11678016,2025-01-21
11678024,2025-01-20
11678054,2025-01-20
11678116,2025-01-17
11678189,2025-01-17
11678198,2025-01-17
11678288,2025-01-17
11678509,2025-01-22
11678588,2025-01-22
11678676,2025-01-22
11678836,2025-01-22
11678880,2025-01-22
11679026,2025-01-22
11679032,2025-01-22
11679069,2025-01-22
11679076,2025-01-22
11679082,2025-01-22
11679302,2025-01-22
11679584,2025-01-22
11679667,2025-01-20
11679735,2025-01-20
11679878,2025-01-20
11680059,2025-01-20
11680366,2025-01-20
11680379,2025-01-20
11680424,2025-01-20
11680532,2025-01-20
11680569,2025-01-20
11680615,2025-01-20
11680660,2025-01-20
11680719,2025-01-20
11680736,2025-01-20
11680902,2025-01-20
11680986,2025-01-20
11681070,2025-01-20
11681114,2025-01-20
11681134,2025-01-20
11681162,2025-01-20
11681229,2025-01-20
11681237,2025-01-20
11681243,2025-01-20
11681367,2025-01-20
11681372,2025-01-20
11681465,2025-01-20
11681925,2025-01-20
11681940,2025-01-20
11682114,2025-01-20
11682364,2025-01-19
11682481,2025-01-22
11682492,2025-01-22
11682513,2025-01-22
11682570,2025-01-22
11682577,2025-01-22
11682619,2025-01-22
11682629,2025-01-22
11682811,2025-01-22
11683195,2025-01-22
11683201,2025-01-22
11683397,2025-01-22
11683525,2025-01-22
11683556,2025-01-22
11684099,2025-01-22
11684208,2025-01-22
11684221,2025-01-22
11684356,2025-01-22
11684417,2025-01-22
11684557,2025-01-22
11684628,2025-01-22
11684804,2025-01-23
11685020,2025-01-23
11685533,2025-01-22
11685939,2025-01-23
11686260,2025-01-22
11686363,2025-01-21
11686604,2025-01-23
11686610,2025-01-23
11687223,2025-01-23
11687269,2025-01-23
11687473,2025-01-23
11688040,2025-01-23
11688414,2025-01-22
11688719,2025-01-22
11688937,2025-01-23
11689193,2025-01-23
11689238,2025-01-23
11689283,2025-01-23
11689398,2025-01-23
11689438,2025-01-23
11689455,2025-01-23
11689899,2025-01-23
11689910,2025-01-23
11689954,2025-01-23
11690248,2025-01-23
11690358,2025-01-23
11690798,2025-01-23
11690868,2025-01-23
11690925,2025-01-22
11690932,2025-01-23
11691227,2025-01-23
11691555,2025-01-23
11691571,2025-01-22
11692152,2025-01-17
11692227,2025-01-22
11692453,2025-01-22
11692564,2025-01-22
11692596,2025-01-17
11692641,2025-01-22
11693012,2025-01-23
11693047,2025-01-23
11693136,2025-01-23
11693337,2025-01-23
11693406,2025-01-23
11693409,2025-01-23
11693495,2025-01-23
11693564,2025-01-23
11693646,2025-01-23
11693794,2025-01-23
11693866,2025-01-22
11694194,2025-01-22
11694221,2025-01-23
11694242,2025-01-22
11694318,2025-01-22
11694339,2025-01-23
11694469,2025-01-22
11695078,2025-01-21
11695331,2025-01-22
11695481,2025-01-22
11695861,2025-01-23
11696345,2025-01-23
11696353,2025-01-23
11696641,2025-01-23
11696689,2025-01-23
11696829,2025-01-22
11696893,2025-01-22
11697327,2025-01-22
11697370,2025-01-22
11697549,2025-01-23
11697575,2025-01-23
11698178,2025-01-23
11698248,2025-01-23
11698345,2025-01-23
11698377,2025-01-23
11698557,2025-01-23
11698768,2025-01-23
11698888,2025-01-23
11699177,2025-01-23
11699320,2025-01-23
11699383,2025-01-23
11699433,2025-01-23
11699495,2025-01-23
11699654,2025-01-23
11699813,2025-01-22
11699822,2025-01-22
11700483,2025-01-22
11700832,2025-01-22
11700885,2025-01-22
11700909,2025-01-22
11700968,2025-01-22
11701260,2025-01-22
11701353,2025-01-22
11701667,2025-01-22
11701801,2025-01-23
11702009,2025-01-22
11702027,2025-01-22
11702265,2025-01-23
11702356,2025-01-22
11702497,2025-01-23
11702634,2025-01-23
11702644,2025-01-22
11703073,2025-01-24
11703634,2025-01-24
11703746,2025-01-24
11703991,2025-01-24
11704733,2025-01-23
11705616,2025-01-23
11705721,2025-01-23
11705930,2025-01-22
11706074,2025-01-22
11706523,2025-01-22
11706863,2025-01-24
11706902,2025-01-24
11707826,2025-01-22
11708156,2025-01-22
11708369,2025-01-21
11708642,2025-01-24
11708647,2025-01-24
11708868,2025-01-23
11709381,2025-01-24
11709562,2025-01-24
11709751,2025-01-24
11709897,2025-01-24
11710012,2025-01-22
11710237,2025-01-22
11710300,2025-01-22
11710538,2025-01-17
11710844,2025-01-24
11710967,2025-01-24
11711269,2025-01-24
11711599,2025-01-24
11713031,2025-01-23
11713113,2025-01-24
11713420,2025-01-24
11713798,2025-01-24
11714159,2025-01-24
11714619,2025-01-22
11715101,2025-01-22
11715151,2025-01-22
11715641,2025-01-23
11715735,2025-01-23
11716195,2025-01-23
11716235,2025-01-23
11716284,2025-01-23
11716331,2025-01-23
11716455,2025-01-24
11717195,2025-01-23
11717276,2025-01-23
11717318,2025-01-23
11717320,2025-01-23
11717555,2025-01-22
11717562,2025-01-21
11717570,2025-01-22
11717844,2025-01-22
11718468,2025-01-23
11718670,2025-01-23
11719056,2025-01-23
11719118,2025-01-23
11719768,2025-01-23
11719775,2025-01-23
11719843,2025-01-23
11719861,2025-01-23
11719921,2025-01-23
11720074,2025-01-23
11720125,2025-01-23
11720324,2025-01-23
11720348,2025-01-23
11720926,2025-01-23
11721568,2025-01-22
11721813,2025-01-21
11721876,2025-01-21
11722208,2025-01-21
11723066,2025-01-21
11723122,2025-01-21
11723295,2025-01-21
11723499,2025-01-21
11723683,2025-01-21
11723974,2025-01-26
11724256,2025-01-26
11724767,2025-01-21
11725375,2025-01-21
11726071,2025-01-21
11726201,2025-01-25
11726275,2025-01-21
11726324,2025-01-25
11726867,2025-01-22
11726962,2025-01-22
11727322,2025-01-23
11727403,2025-01-21
11727853,2025-01-24
11727951,2025-01-24
11728316,2025-01-22
11728582,2025-01-22
11728672,2025-01-22
11728836,2025-01-24
11729869,2025-01-26
11729999,2025-01-26
11730053,2025-01-23
11731195,2025-01-26
11731348,2025-01-26
11732595,2025-01-25
11733255,2025-01-25
11734537,2025-01-25
11734589,2025-01-25
11735495,2025-01-25
11735841,2025-01-24
11736024,2025-01-25
11736340,2025-01-25
11736364,2025-01-25
11736457,2025-01-25
11736555,2025-01-25
11736571,2025-01-25
11736707,2025-01-25
11736809,2025-01-25
11736837,2025-01-25
11736901,2025-01-25
11737124,2025-01-25
11737365,2025-01-22
11737369,2025-01-22
11737391,2025-01-22
11737405,2025-01-22
11737417,2025-01-22
11737547,2025-01-22
11737893,2025-01-25
11737993,2025-01-25
11738488,2025-01-25
11738638,2025-01-25
11738695,2025-01-25
11738716,2025-01-25
11738872,2025-01-25
11738940,2025-01-25
11738956,2025-01-23
11739130,2025-01-23
11739263,2025-01-23
11739268,2025-01-23
11739303,2025-01-23
11739713,2025-01-22
11740040,2025-01-25
11740069,2025-01-25
11740138,2025-01-25
11740344,2025-01-25
11740534,2025-01-25
11740605,2025-01-25
11740782,2025-01-25
11740876,2025-01-25
11740906,2025-01-25
11741029,2025-01-25
11741051,2025-01-25
11741300,2025-01-25
11741343,2025-01-25
11741726,2025-01-25
11741799,2025-01-25
11741809,2025-01-25
11741903,2025-01-25
11742031,2025-01-25
11742581,2025-01-25
11742748,2025-01-25
11742761,2025-01-25
11742978,2025-01-25
11743570,2025-01-24
11743589,2025-01-24
11743591,2025-01-24
11744184,2025-01-22
11744335,2025-01-23
11744409,2025-01-23
11744553,2025-01-21
11744578,2025-01-21
11744812,2025-01-21
11744878,2025-01-21
11745005,2025-01-21
11745412,2025-01-25
11745526,2025-01-24
11745532,2025-01-25
11745685,2025-01-23
11745721,2025-01-24
11745746,2025-01-25
11745767,2025-01-23
11746230,2025-01-24
11746513,2025-01-24
11746546,2025-01-22
11746789,2025-01-22
11747180,2025-01-24
11747408,2025-01-25
11747614,2025-01-25
11748060,2025-01-25
11748127,2025-01-25
11748195,2025-01-24
11748500,2025-01-25
11748652,2025-01-24
11748658,2025-01-24
11748716,2025-01-24
11749141,2025-01-24
11749478,2025-01-24
11749623,2025-01-24
11749689,2025-01-24
11749874,2025-01-22
11749980,2025-01-21
11750042,2025-01-22
11750045,2025-01-22
11750169,2025-01-22
11750242,2025-01-22
11750319,2025-01-22
11750442,2025-01-22
11750850,2025-01-21
11750930,2025-01-21
11751088,2025-01-21
11751216,2025-01-25
11751290,2025-01-25
11751293,2025-01-23
11751533,2025-01-25
11751674,2025-01-24
11751700,2025-01-24
11751889,2025-01-24
11752013,2025-01-24
11752565,2025-01-24
11752617,2025-01-24
11752720,2025-01-24
11753600,2025-01-22
11754131,2025-01-23
11754576,2025-01-24
11754753,2025-01-21
11754859,2025-01-21
11754962,2025-01-21
11755174,2025-01-21
11755326,2025-01-25
11755387,2025-01-25
11755390,2025-01-25
11755506,2025-01-25
11755538,2025-01-21
11755544,2025-01-25
11755622,2025-01-24
11755648,2025-01-24
11756339,2025-01-24
11756404,2025-01-24
11756501,2025-01-24
11756807,2025-01-24
11757035,2025-01-23
11757050,2025-01-24
11757377,2025-01-23
11757587,2025-01-24
11757703,2025-01-24
11757758,2025-01-23
11758053,2025-01-25
11758086,2025-01-25
11758111,2025-01-25
11758513,2025-01-24
11758899,2025-01-24
11759085,2025-01-24
11759147,2025-01-24
11759154,2025-01-24
11759189,2025-01-24
11759190,2025-01-24
11759592,2025-01-24
11759608,2025-01-24
11759859,2025-01-24
11759864,2025-01-24
11760102,2025-01-25
11761041,2025-01-24
11761216,2025-01-24
11761605,2025-01-24
11761708,2025-01-24
11761719,2025-01-24
11761991,2025-01-24
11762056,2025-01-24
11762311,2025-01-24
11762545,2025-01-24
11762606,2025-01-24
11762885,2025-01-24
11763143,2025-01-24
11763372,2025-01-24
11763559,2025-01-24
11763617,2025-01-24
11763717,2025-01-24
11763784,2025-01-24
11763799,2025-01-24
11764205,2025-01-24
11764214,2025-01-24
11764328,2025-01-24
11764534,2025-01-24
11764786,2025-01-24
11765110,2025-01-24
11766683,2025-01-22
11767034,2025-01-21
11767224,2025-01-21
11767409,2025-01-21
11767583,2025-01-22
11767977,2025-01-21
11768065,2025-01-21
11768296,2025-01-25
11768338,2025-01-21
11768381,2025-01-21
11768782,2025-01-22
11769527,2025-01-22
11769659,2025-01-23
11770007,2025-01-23
11770177,2025-01-24
11770922,2025-01-24
11771129,2025-01-24
11771336,2025-01-23
11771598,2025-01-23
11771893,2025-01-24
11771985,2025-01-24
11772009,2025-01-24
11772735,2025-01-22
11773055,2025-01-24
11773122,2025-01-26
11773222,2025-01-26
11773234,2025-01-26
11774102,2025-01-27
11774377,2025-01-27
11774447,2025-01-27
11774539,2025-01-27
11774684,2025-01-27
11775211,2025-01-27
11775348,2025-01-27
11775619,2025-01-27
11775706,2025-01-27
11775721,2025-01-27
11776099,2025-01-26
11776146,2025-01-26
11776368,2025-01-26
11776648,2025-01-26
11776772,2025-01-26
11777629,2025-01-26
11777684,2025-01-26
11777777,2025-01-26
11777961,2025-01-26
11778121,2025-01-26
11778145,2025-01-26
11778285,2025-01-26
11778590,2025-01-26
11778690,2025-01-26
11778802,2025-01-26
11778888,2025-01-26
11779036,2025-01-26
11779667,2025-01-26
11779682,2025-01-26
11779923,2025-01-26
11780038,2025-01-26
11780160,2025-01-26
11780670,2025-01-26
11780680,2025-01-26
11780796,2025-01-26
11780945,2025-01-26
11780971,2025-01-26
11781047,2025-01-26
11781783,2025-01-26
11781786,2025-01-26
11782147,2025-01-26
11783240,2025-01-27
11783287,2025-01-27
11783490,2025-01-27
11783845,2025-01-27
11784289,2025-01-27
11784314,2025-01-27
11784336,2025-01-27
11784598,2025-01-27
11784771,2025-01-27
11784821,2025-01-27
11785077,2025-01-27
11785191,2025-01-27
11785826,2025-01-27
11785856,2025-01-27
11785907,2025-01-27
11786063,2025-01-27
11786238,2025-01-27
11786655,2025-01-27
11786788,2025-01-27
11787209,2025-01-27
11787294,2025-01-27
11788642,2025-01-27
11788816,2025-01-27
11788826,2025-01-27
11788928,2025-01-27
11789027,2025-01-27
11789321,2025-01-27
11789985,2025-01-27
11790733,2025-01-27
11791189,2025-01-27
11791436,2025-01-27
11791535,2025-01-27
11791726,2025-01-27
11791738,2025-01-27
11791821,2025-01-27
11791882,2025-01-27
11792065,2025-01-27
11792142,2025-01-27
11792357,2025-01-27
11792440,2025-01-27
11792486,2025-01-27
11792565,2025-01-27
11792743,2025-01-28
11793221,2025-01-28
11793622,2025-01-28
11793902,2025-01-28
11794023,2025-01-28
11794191,2025-01-28
11794428,2025-01-28
11795279,2025-01-28
11795282,2025-01-28
11795285,2025-01-28
11795556,2025-01-28
11795610,2025-01-28
11795655,2025-01-28
11795728,2025-01-28
11795871,2025-01-28
11795986,2025-01-28
11796192,2025-01-28
11796340,2025-01-28
11796428,2025-01-28
11796565,2025-01-28
11796595,2025-01-28
11796674,2025-01-28
11796793,2025-01-28
11797328,2025-01-27
11797455,2025-01-27
11797589,2025-01-27
11797755,2025-01-27
11797772,2025-01-27
11798301,2025-01-27
11798347,2025-01-27
11799226,2025-01-27
11799931,2025-01-27
11799958,2025-01-27
11800048,2025-01-27
11800836,2025-01-27
11800905,2025-01-27
11802556,2025-01-27
11802752,2025-01-27
11802770,2025-01-27
11802778,2025-01-28
11803969,2025-01-28
11804289,2025-01-28
11804579,2025-01-28
11805218,2025-01-28
11805310,2025-01-28
11805807,2025-01-28
11805920,2025-01-28
11806528,2025-01-28
11807022,2025-01-28
11807153,2025-01-28
11807573,2025-01-28
11807621,2025-01-28
11807697,2025-01-28
11807835,2025-01-28
11807914,2025-01-28
11808058,2025-01-28
11808175,2025-01-29
11808739,2025-01-29
11808818,2025-01-28
11808900,2025-01-28
11809112,2025-01-28
11809167,2025-01-28
11809526,2025-01-28
11809784,2025-01-28
11810277,2025-01-28
11811144,2025-01-28
11811236,2025-01-28
11811337,2025-01-28
11811466,2025-01-28
11811571,2025-01-28
11811603,2025-01-28
11811615,2025-01-28
11811694,2025-01-28
11812561,2025-01-28
11813148,2025-01-28
11813308,2025-01-28
11813590,2025-01-27
11813692,2025-01-29
11814182,2025-01-28
11814211,2025-01-28
11814374,2025-01-28
11814765,2025-01-28
11815324,2025-01-28
11815420,2025-01-28
11815690,2025-01-28
11815707,2025-01-28
11815938,2025-01-28
11816147,2025-01-28
11816424,2025-01-28
11816676,2025-01-28
11816699,2025-01-28
11816906,2025-01-28
11817175,2025-01-28
11817393,2025-01-29
11817858,2025-01-29
11817996,2025-01-29
11818106,2025-01-29
11818321,2025-01-28
11818640,2025-01-29
11818981,2025-01-28
11821114,2025-01-29
11821285,2025-01-29
11821570,2025-01-29
11821763,2025-01-29
11822134,2025-01-29
11822195,2025-01-29
11822512,2025-01-28
11822686,2025-01-28
11823513,2025-01-29
11824134,2025-01-29
11824353,2025-01-29
11824452,2025-01-29
11824640,2025-01-29
11824662,2025-01-29
11824877,2025-01-29
11824930,2025-01-29
11825100,2025-01-29
11825255,2025-01-29
11825614,2025-01-29
11825640,2025-01-29
11825678,2025-01-29
11825739,2025-01-29
11825948,2025-01-29
11826147,2025-01-29
11826880,2025-01-29
11826962,2025-01-29
11827127,2025-01-29
11827249,2025-01-29
11827873,2025-01-29
11827916,2025-01-29
11828066,2025-01-29
11828413,2025-01-29
11828454,2025-01-29
11829124,2025-01-29
11829420,2025-01-29
11830400,2025-01-29
11830642,2025-01-29
11830686,2025-01-29
11831860,2025-01-29
11832267,2025-01-29
11832565,2025-01-29
11832684,2025-01-29
11832802,2025-01-29
11832848,2025-01-29
11833145,2025-01-29
11833255,2025-01-29
11833455,2025-01-29
11833632,2025-01-29
11833706,2025-01-29
11833725,2025-01-29
11833763,2025-01-29
11833805,2025-01-29
11834387,2025-01-29
11834609,2025-01-29
11834730,2025-01-29
11834796,2025-01-29
11834932,2025-01-29
11834986,2025-01-29
11834995,2025-01-29
11835126,2025-01-29
11835195,2025-01-29
11835481,2025-01-29
11835524,2025-01-29
11835623,2025-01-29
11836269,2025-01-29
11837190,2025-01-29
11837506,2025-01-30
11837574,2025-01-30
11837993,2025-01-30
11838022,2025-01-30
11838110,2025-01-30
11838243,2025-01-30
11838437,2025-01-30
11838457,2025-01-30
11838536,2025-01-30
11839425,2025-01-30
11839804,2025-01-29
11841130,2025-01-29
11841140,2025-01-29
11841436,2025-01-30
11841668,2025-01-30
11841693,2025-01-30
11841724,2025-01-30
11842321,2025-01-30
11842458,2025-01-30
11842658,2025-01-30
11842937,2025-01-30
11843035,2025-01-30
11843195,2025-01-30
11843511,2025-01-31
11843521,2025-01-31
11843906,2025-01-30
11844099,2025-01-31
11844493,2025-01-31
11845219,2025-01-30
11845279,2025-01-31
11845312,2025-01-31
11845514,2025-01-31
11845563,2025-01-31
11845613,2025-01-30
11845642,2025-01-30
11845701,2025-01-31
11845708,2025-01-31
11845709,2025-01-31
11845741,2025-01-31
11846413,2025-01-30
11846893,2025-01-30
11847080,2025-01-31
11847094,2025-01-31
11847184,2025-01-31
11847337,2025-01-31
11848199,2025-01-30
11848613,2025-01-30
11848955,2025-01-30
11849353,2025-01-30
11849395,2025-01-30
11849412,2025-01-30
11849433,2025-01-30
11849462,2025-01-30
11849468,2025-01-30
11849596,2025-01-30
11849873,2025-01-30
11849931,2025-01-30
11849970,2025-01-30
11850111,2025-01-30
11850263,2025-01-30
11850546,2025-01-30
11850555,2025-01-30
11850592,2025-01-30
11850660,2025-01-30
11850693,2025-01-30
11851080,2025-01-30
11851262,2025-01-30
11851349,2025-01-30
11851435,2025-01-30
11851521,2025-01-30
11851526,2025-01-30
11851579,2025-01-30
11851591,2025-01-30
11852398,2025-01-30
11852504,2025-01-30
11852554,2025-01-30
11852574,2025-01-30
11852741,2025-01-30
11853260,2025-01-30
11853352,2025-01-30
11853544,2025-01-30
11853631,2025-01-30
11853700,2025-01-30
11854949,2025-01-31
11854971,2025-01-30
11855400,2025-01-30
11855719,2025-01-30
11855863,2025-01-30
11856063,2025-01-30
11856132,2025-01-30
11856455,2025-01-30
11856890,2025-01-30
11857898,2025-01-31
11857960,2025-01-31
11858104,2025-01-31
11858206,2025-01-31
11858395,2025-01-31
11858608,2025-01-31
11860591,2025-01-30
11861342,2025-01-30
11861428,2025-01-30
11862266,2025-01-30
11863185,2025-01-30
11863427,2025-01-30
11863474,2025-01-30
11865124,2025-02-01
11865431,2025-02-01
11865450,2025-02-01
11865684,2025-02-01
11866044,2025-01-31
11866048,2025-01-31
11866405,2025-01-31
11866739,2025-02-01
11867516,2025-02-01
11867771,2025-02-01
11868122,2025-02-01
11868207,2025-02-01
11868297,2025-02-01
11868683,2025-02-01
11868911,2025-02-01
11869164,2025-01-31
11869361,2025-01-31
11870227,2025-01-31
11870571,2025-01-31
11870572,2025-01-31
11870659,2025-01-31
11870673,2025-01-31
11870798,2025-01-31
11871000,2025-01-31
11871084,2025-01-31
11871145,2025-01-31
11871313,2025-01-29
11871904,2025-01-31
11871926,2025-01-31
11872337,2025-01-31
11872916,2025-01-31
11872960,2025-01-31
11873991,2025-01-31
11874229,2025-01-31
11874484,2025-01-31
11874649,2025-01-31
11874747,2025-01-31
11875018,2025-01-31
11875487,2025-01-31
11875609,2025-01-31
11875623,2025-01-31
11876021,2025-01-31
11876095,2025-01-31
11876390,2025-01-31
11876799,2025-01-31
11877722,2025-01-31
11877850,2025-01-31
11878001,2025-01-31
11878046,2025-01-31
11878157,2025-01-31
11878188,2025-01-31
11878249,2025-01-31
11878292,2025-01-31
11878536,2025-01-31
11878635,2025-01-31
11878967,2025-01-31
11879387,2025-01-31
11879974,2025-01-31
11880740,2025-01-31
11881065,2025-01-31
11881349,2025-01-31
11881431,2025-01-31
11882476,2025-02-02
11883524,2025-02-01
11883684,2025-02-02
11883808,2025-02-02
11884545,2025-02-02
11884576,2025-02-02
11884606,2025-02-02
11884768,2025-02-02
11885269,2025-02-01
11885354,2025-02-01
11885439,2025-02-01
11885854,2025-02-01
11886389,2025-02-01
11886461,2025-02-01
11886569,2025-02-01
11886897,2025-02-01
11886930,2025-02-01
11887242,2025-02-01
11887574,2025-02-01
11887936,2025-02-01
11887994,2025-01-31
11888001,2025-01-31
11888005,2025-01-31
11888056,2025-02-01
11888248,2025-02-01
11888438,2025-02-01
11888494,2025-02-01
11888567,2025-02-01
11888957,2025-02-01
11889062,2025-02-01
11889092,2025-02-01
11889129,2025-02-01
11889210,2025-02-01
11889229,2025-02-01
11889525,2025-02-01
11889571,2025-02-01
11889782,2025-02-01
11890206,2025-02-01
11890402,2025-02-01
11890407,2025-02-01
11890441,2025-02-01
11890527,2025-02-01
11891148,2025-02-01
11891273,2025-02-03
11891506,2025-02-03
11892213,2025-02-01
11892396,2025-02-02
11892595,2025-02-02
11893005,2025-02-03
11893056,2025-02-03
11893151,2025-02-03
11893330,2025-02-03
11893757,2025-02-03
11893840,2025-02-03
11894264,2025-02-03
11894311,2025-02-03
11894638,2025-02-02
11894686,2025-02-02
11894832,2025-02-02
11894886,2025-02-02
11895384,2025-02-02
11895581,2025-02-02
11896108,2025-02-02
11896348,2025-02-02
11896485,2025-02-02
11896509,2025-02-02
11896679,2025-02-02
11897112,2025-02-02
11897176,2025-02-02
11898313,2025-02-02
11898478,2025-02-02
11898656,2025-02-02
11898735,2025-02-02
11898746,2025-02-02
11899060,2025-02-02
11899098,2025-02-02
11899165,2025-02-02
11899309,2025-02-02
11899379,2025-02-02
11900602,2025-02-04
11900830,2025-02-04
11902592,2025-02-03
11903223,2025-02-04
11903509,2025-02-04
11904510,2025-02-04
11905207,2025-02-04
11905477,2025-02-04
11905663,2025-02-04
11905986,2025-02-03
11906195,2025-02-04
11907015,2025-02-04
11907053,2025-02-04
11907942,2025-02-03
11908268,2025-02-03
11908461,2025-02-03
11909064,2025-02-03
11909235,2025-02-03
11909426,2025-02-03
11909578,2025-02-03
11909884,2025-02-03
11910100,2025-02-03
11910253,2025-02-03
11910448,2025-02-03
11910690,2025-02-03
11910692,2025-02-03
11910965,2025-02-03
11911474,2025-02-03
11911726,2025-02-03
11911782,2025-02-03
11911797,2025-02-03
11911802,2025-02-03
11911956,2025-02-03
11912039,2025-02-03
11912789,2025-02-03
11913068,2025-02-03
11913232,2025-02-03
11913356,2025-02-03
11913855,2025-02-03
11914519,2025-02-03
11914719,2025-02-03
11915402,2025-02-03
11915665,2025-02-03
11916081,2025-02-03
11916380,2025-02-03
11916579,2025-02-03
11916734,2025-02-03
11917018,2025-02-03
11917731,2025-02-03
11917868,2025-02-05
11918110,2025-02-05
11918444,2025-02-05
11918575,2025-02-05
11918914,2025-02-04
11919751,2025-02-05
11919809,2025-02-05
11919886,2025-02-05
11919911,2025-02-05
11920385,2025-02-05
11920586,2025-02-05
11921312,2025-02-05
11921471,2025-02-04
11922968,2025-02-05
11922991,2025-02-05
11923161,2025-02-05
11924048,2025-02-04
11924536,2025-02-04
11924691,2025-02-04
11925009,2025-02-04
11925106,2025-02-04
11925782,2025-02-04
11925911,2025-02-04
11926150,2025-02-04
11926163,2025-02-04
11926218,2025-02-04
11926699,2025-02-04
11926927,2025-02-04
11927468,2025-02-04
11927623,2025-02-04
11928012,2025-02-04
11928585,2025-02-04
11928607,2025-02-04
11928709,2025-02-04
11929002,2025-02-04
11929541,2025-02-04
11929724,2025-02-04
11929968,2025-02-04
11930394,2025-02-04
11930606,2025-02-04
11930670,2025-02-04
11931271,2025-02-04
11931830,2025-02-04
11932435,2025-02-04
11933124,2025-02-04
11933227,2025-02-04
11933707,2025-02-04
11933709,2025-02-04
11934109,2025-02-04
11934218,2025-02-04
11935370,2025-02-04
11935828,2025-02-04
11936006,2025-02-04
11936189,2025-02-04
11936222,2025-02-04
11936302,2025-02-04
11936499,2025-02-04
11936785,2025-02-04
11937266,2025-02-04
11937325,2025-02-04
11937570,2025-02-04
11937715,2025-02-04
11937726,2025-02-04
11937793,2025-02-04
11937873,2025-02-03
11937882,2025-02-03
11938231,2025-02-06
11938482,2025-02-06
11938928,2025-02-06
11940257,2025-02-06
11940756,2025-02-06
11941145,2025-02-06
11941700,2025-02-06
11941796,2025-01-26
11942171,2025-02-06
11942284,2025-02-06
11942355,2025-02-06
11942468,2025-02-06
11943015,2025-02-06
11943023,2025-02-06
11943089,2025-02-06
11943163,2025-02-06
11943824,2025-02-05
11944010,2025-02-05
11944061,2025-02-05
11944490,2025-02-05
11944492,2025-02-05
11944693,2025-02-05
11945217,2025-02-05
11945375,2025-02-05
11946247,2025-02-05
11946323,2025-02-05
11946526,2025-02-05
11947222,2025-02-05
11947372,2025-02-05
11947630,2025-02-05
11948096,2025-02-05
11948157,2025-02-05
11948163,2025-02-05
11948310,2025-02-05
11948339,2025-02-05
11950370,2025-02-05
11950571,2025-02-05
11950717,2025-02-05
11951808,2025-02-05
11951899,2025-02-05
11952518,2025-02-05
11952623,2025-02-05
11952759,2025-02-05
11952823,2025-02-05
11953067,2025-02-05
11953147,2025-02-05
11953419,2025-02-05
11953758,2025-02-05
11954105,2025-02-05
11954750,2025-02-05
11954920,2025-02-05
11955925,2025-02-05
11955970,2025-02-05
11956128,2025-02-05
11956245,2025-02-05
11956481,2025-02-05
11956504,2025-02-05
11956570,2025-02-05
11956687,2025-02-05
11956784,2025-02-05
11956881,2025-02-05
11956910,2025-02-05
11957335,2025-02-05
11957419,2025-02-05
11958772,2025-02-06
11958904,2025-02-07
11959691,2025-02-07
11961909,2025-02-05
11962103,2025-02-07
11962329,2025-02-07
11963257,2025-02-07
11963830,2025-02-07
11964027,2025-02-07
11964038,2025-02-07
11964263,2025-02-07
11964312,2025-02-06
11964383,2025-02-06
11965015,2025-02-06
11965035,2025-02-06
11965430,2025-02-06
11965506,2025-02-06
11966209,2025-02-06
11966665,2025-02-06
11966668,2025-02-06
11966705,2025-02-06
11966887,2025-02-06
11966940,2025-02-06
11966951,2025-02-06
11967137,2025-02-06
11967980,2025-02-06
11968349,2025-02-06
11968998,2025-02-06
11969075,2025-02-06
11969098,2025-02-06
11969297,2025-02-06
11969364,2025-02-06
11969466,2025-02-06
11969774,2025-02-06
11970076,2025-02-06
11971151,2025-02-06
11972389,2025-02-06
11972543,2025-02-06
11972610,2025-02-06
11972763,2025-02-06
11972786,2025-02-06
11972860,2025-02-06
11973066,2025-02-06
11973362,2025-02-06
11973917,2025-02-06
11974258,2025-02-06
11974605,2025-02-06
11975167,2025-02-06
11975448,2025-02-06
11975767,2025-02-06
11976012,2025-02-06
11976464,2025-02-06
11977096,2025-02-06
11977604,2025-02-06
11978014,2025-02-07
11978576,2025-02-07
11979893,2025-02-08
11980034,2025-02-07
11980786,2025-02-07
11980953,2025-02-07
11981376,2025-02-07
11981916,2025-02-07
11982029,2025-02-07
11982043,2025-02-07
11982205,2025-02-07
11983029,2025-02-08
11983422,2025-02-08
11983492,2025-02-08
11983997,2025-02-08
11984176,2025-02-08
11984258,2025-02-08
11984318,2025-02-08
11985088,2025-02-08
11985221,2025-02-08
11985364,2025-02-07
11985608,2025-02-07
11985766,2025-02-07
11985908,2025-02-07
11986069,2025-02-07
11986220,2025-02-07
11986642,2025-02-07
11986904,2025-02-07
11986906,2025-02-07
11987266,2025-02-07
11987273,2025-02-07
11987514,2025-02-07
11987685,2025-02-07
11987732,2025-02-07
11987763,2025-02-07
11987972,2025-02-07
11988038,2025-02-07
11988454,2025-02-07
11988547,2025-02-07
11988607,2025-02-07
11989304,2025-02-07
11989381,2025-02-07
11989412,2025-02-07
11989564,2025-02-07
11990364,2025-02-07
11990629,2025-02-07
11990875,2025-02-07
11991585,2025-02-07
11991665,2025-02-07
11991833,2025-02-07
11991990,2025-02-07
11992444,2025-02-07
11992737,2025-02-07
11993658,2025-02-07
11993744,2025-02-07
11994083,2025-02-07
11994136,2025-02-07
11994263,2025-02-07
11994495,2025-02-07
11994610,2025-02-07
11994823,2025-02-07
11995891,2025-02-08
11995957,2025-02-08
11996010,2025-02-08
11996037,2025-02-08
11996150,2025-02-08
11996166,2025-02-08
11996457,2025-02-08
11996460,2025-02-08
11997196,2025-02-08
11997339,2025-02-08
11997954,2025-02-08
11998538,2025-02-08
11999073,2025-02-08
12000037,2025-02-08
12000232,2025-02-08
12000659,2025-02-09
12000683,2025-02-09
12001503,2025-02-09
12001753,2025-02-09
12001873,2025-02-09
12002151,2025-02-09
12002154,2025-02-09
12002259,2025-02-09
12002590,2025-02-08
12002869,2025-02-08
12003058,2025-02-08
12003118,2025-02-08
12003284,2025-02-08
12003474,2025-02-08
12003480,2025-02-08
12003565,2025-02-08
12004147,2025-02-10
12004168,2025-02-10
12004222,2025-02-10
12004337,2025-02-10
12004355,2025-02-10
12004702,2025-02-10
12004864,2025-02-10
12005131,2025-02-10
12005345,2025-02-10
12005870,2025-02-09
12005883,2025-02-09
12005954,2025-02-09
12005971,2025-02-09
12006046,2025-02-09
12006220,2025-02-09
12006439,2025-02-09
12006535,2025-02-09
12006584,2025-02-09
12006642,2025-02-09
12006901,2025-02-09
12007122,2025-02-09
12007135,2025-02-09
12007200,2025-02-09
12007255,2025-02-09
12007352,2025-02-09
12007399,2025-02-09
12008021,2025-02-09
12008233,2025-02-09
12008529,2025-02-09
12008624,2025-02-09
12008662,2025-02-09
12009041,2025-02-09
12009385,2025-02-09
12009421,2025-02-09
12009550,2025-02-09
12009561,2025-02-09
12009583,2025-02-09
12009616,2025-02-09
12009680,2025-02-09
12009684,2025-02-09
12009852,2025-02-09
12010108,2025-02-09
12010527,2025-02-09
12011098,2025-02-10
12011752,2025-02-11
12012075,2025-02-11
12012292,2025-02-11
12012556,2025-02-11
12012726,2025-02-11
12012988,2025-02-11
12013235,2025-02-11
12013338,2025-02-10
12013385,2025-02-11
12013706,2025-02-11
12014033,2025-02-11
12014098,2025-02-11
12014137,2025-02-11
12014246,2025-02-11
12014420,2025-02-11
12014486,2025-02-11
12014487,2025-02-11
12014871,2025-02-11
12014950,2025-02-11
12015260,2025-02-10
12015266,2025-02-10
12015399,2025-02-10
12015659,2025-02-10
12015919,2025-02-10
12015967,2025-02-10
12016658,2025-02-10
12016790,2025-02-10
12017346,2025-02-10
12018208,2025-02-10
12018340,2025-02-10
12018374,2025-02-10
12018750,2025-02-10
12018830,2025-02-10
12019291,2025-02-10
12019603,2025-02-10
12019757,2025-02-10
12019795,2025-02-10
12020118,2025-02-10
12020119,2025-02-10
12020276,2025-02-10
12020484,2025-02-10
12020726,2025-02-10
12021170,2025-02-10
12021259,2025-02-10
12021325,2025-02-10
12021353,2025-02-10
12021355,2025-02-10
12021362,2025-02-10
12021857,2025-02-10
12022014,2025-02-10
12022463,2025-02-10
12022526,2025-02-10
12022626,2025-02-10
12023626,2025-02-10
12023828,2025-02-10
12023953,2025-02-10
12024524,2025-02-10
12025207,2025-02-10
12025457,2025-02-10
12025825,2025-02-10
12026590,2025-02-13
12026606,2025-02-13
12026609,2025-02-12
12026858,2025-02-13
12026882,2025-02-13
12028168,2025-02-12
12028390,2025-02-12
12028439,2025-02-12
12028482,2025-02-12
12028578,2025-02-12
12029160,2025-02-12
12030931,2025-02-12
12032224,2025-02-12
12032453,2025-02-12
12032895,2025-02-11
12032967,2025-02-12
12033118,2025-02-12
12033179,2025-02-12
12034755,2025-02-12
12034836,2025-02-12
12034873,2025-02-12
12034874,2025-02-12
12035193,2025-02-12
12035314,2025-02-12
12036313,2025-02-12
12036384,2025-02-12
12036725,2025-02-12
12037227,2025-02-11
12037364,2025-02-11
12037434,2025-02-11
12037640,2025-02-11
12037766,2025-02-12
12037942,2025-02-11
12038039,2025-02-11
12038136,2025-02-11
12038217,2025-02-11
12038412,2025-02-11
12038700,2025-02-11
12039134,2025-02-11
12040157,2025-02-11
12040249,2025-02-11
12040363,2025-02-11
12040464,2025-02-11
12040479,2025-02-11
12041029,2025-02-11
12041099,2025-02-11
12041156,2025-02-11
12041175,2025-02-11
12041574,2025-02-12
12041687,2025-02-11
12041732,2025-02-11
12041800,2025-02-11
12041840,2025-02-11
12043016,2025-02-11
12043337,2025-02-11
12043364,2025-02-11
12043437,2025-02-11
12043808,2025-02-11
12043861,2025-02-11
12044128,2025-02-11
12044976,2025-02-11
12045253,2025-02-13
12046139,2025-02-14
12046151,2025-02-14
12046223,2025-02-14
12046353,2025-02-14
12046359,2025-02-14
12046891,2025-02-14
12046942,2025-02-14
12047102,2025-02-14
12047340,2025-02-14
12047343,2025-02-14
12047520,2025-02-14
12047735,2025-02-14
12047760,2025-02-13
12048592,2025-02-13
12048942,2025-02-13
12049519,2025-02-13
12050109,2025-02-13
12050886,2025-02-13
12051086,2025-02-13
12051335,2025-02-12
12051412,2025-02-12
12051590,2025-02-13
12051684,2025-02-13
12052173,2025-02-13
12052467,2025-02-13
12053450,2025-02-12
12053716,2025-02-11
12054432,2025-02-13
12054679,2025-02-13
12054681,2025-02-13
12054921,2025-02-13
12054984,2025-02-13
12055907,2025-02-13
12056039,2025-02-13
12056098,2025-02-12
12056279,2025-02-13
12056355,2025-02-13
12056500,2025-02-13
12056628,2025-02-13
12056655,2025-02-12
12056661,2025-02-13
12056678,2025-02-12
12056805,2025-02-11
12057207,2025-02-11
12057227,2025-02-13
12057389,2025-02-13
12057423,2025-02-13
12057656,2025-02-13
12057728,2025-02-12
12057745,2025-02-13
12058369,2025-02-13
12058424,2025-02-11
12058460,2025-02-11
12059313,2025-02-13
12059423,2025-02-13
12059472,2025-02-13
12059711,2025-02-13
12059908,2025-02-12
12059954,2025-02-13
12060069,2025-02-13
12060110,2025-02-13
12060268,2025-02-13
12060318,2025-02-12
12060792,2025-02-11
12061765,2025-02-13
12061901,2025-02-12
12062292,2025-02-12
12062858,2025-02-12
12063047,2025-02-11
12063059,2025-02-11
12063096,2025-02-11
12063154,2025-02-11
12063182,2025-02-11
12063307,2025-02-11
12063466,2025-02-13
12064025,2025-02-13
12064309,2025-02-13
12064351,2025-02-13
12064568,2025-02-12
12065009,2025-02-12
12065028,2025-02-12
12065066,2025-02-12
12065640,2025-02-12
12065644,2025-02-12
12065763,2025-02-12
12066327,2025-02-13
12066852,2025-02-13
12067164,2025-02-12
12067326,2025-02-12
12067386,2025-02-12
12067484,2025-02-12
12067828,2025-02-12
12068809,2025-02-11
12069017,2025-02-13
12070322,2025-02-13
12070894,2025-02-12
12070906,2025-02-12
12071390,2025-02-12
12071717,2025-02-12
12072415,2025-02-12
12072586,2025-02-12
12072618,2025-02-12
12072655,2025-02-11
12072684,2025-02-12
12073073,2025-02-11
12073140,2025-02-12
12073145,2025-02-12
12073317,2025-02-12
12073423,2025-02-12
12073586,2025-02-12
12073769,2025-02-12
12073963,2025-02-12
12074222,2025-02-12
12074229,2025-02-12
12074713,2025-02-10
12075345,2025-02-11
12075457,2025-02-11
12075810,2025-02-13
12076226,2025-02-13
12076409,2025-02-13
12077102,2025-02-15
12077303,2025-02-15
12077371,2025-02-15
12077452,2025-02-15
12077901,2025-02-15
12078042,2025-02-15
12078417,2025-02-14
12079640,2025-02-14
12079800,2025-02-14
12080015,2025-02-14
12080742,2025-02-14
12081043,2025-02-14
12081308,2025-02-14
12081323,2025-02-14
12081807,2025-02-14
12082217,2025-02-14
12082678,2025-02-14
12082855,2025-02-14
12083087,2025-02-14
12083733,2025-02-14
12084409,2025-02-14
12084595,2025-02-14
12084669,2025-02-14
12085896,2025-02-14
12086773,2025-02-14
12086776,2025-02-14
12087659,2025-02-14
12088148,2025-02-14
12088669,2025-02-14
12089480,2025-02-15
12090113,2025-02-16
12090148,2025-02-16
12090389,2025-02-16
12090493,2025-02-16
12090556,2025-02-15
12091090,2025-02-15
12091602,2025-02-15
12092395,2025-02-15
12092711,2025-02-15
12092801,2025-02-15
12093040,2025-02-15
12093798,2025-02-15
12093902,2025-02-15
12094398,2025-02-15
12094464,2025-02-15
12094633,2025-02-15
12095215,2025-02-17
12095871,2025-02-17
12096138,2025-02-17
12096195,2025-02-17
12096249,2025-02-17
12096276,2025-02-17
12096298,2025-02-17
12096939,2025-02-16
12096953,2025-02-16
12097325,2025-02-16
12097412,2025-02-16
12097421,2025-02-16
12097560,2025-02-16
12097670,2025-02-16
12098174,2025-02-16
12098385,2025-02-16
12098423,2025-02-16
12098813,2025-02-16
12098890,2025-02-16
12099024,2025-02-16
12099170,2025-02-16
12099380,2025-02-16
12099434,2025-02-16
12099882,2025-02-16
12100426,2025-02-16
12100798,2025-02-17
12100939,2025-02-18
12101329,2025-02-18
12101381,2025-02-18
12101404,2025-02-18
12101553,2025-02-18
12102185,2025-02-18
12102329,2025-02-18
12102504,2025-02-18
12103033,2025-02-17
12103049,2025-02-18
12103083,2025-02-18
12103234,2025-02-17
12103287,2025-02-17
12104062,2025-02-17
12104195,2025-02-17
12104744,2025-02-17
12104771,2025-02-17
12104844,2025-02-17
12104888,2025-02-17
12104936,2025-02-17
12105173,2025-02-17
12105432,2025-02-17
12106411,2025-02-17
12106473,2025-02-17
12106590,2025-02-17
12106728,2025-02-17
12106790,2025-02-17
12107032,2025-02-17
12107894,2025-02-17
12108248,2025-02-17
12108399,2025-02-17
12110296,2025-02-17
12110471,2025-02-17
12110759,2025-02-17
12110862,2025-02-17
12112520,2025-02-17
12112636,2025-02-17
12112723,2025-02-17
12112980,2025-02-17
12113943,2025-02-18
12114004,2025-02-18
12114169,2025-02-18
12114308,2025-02-18
12114421,2025-02-18
12114618,2025-02-18
12114924,2025-02-18
12115570,2025-02-18
12115687,2025-02-18
12115703,2025-02-18
12115897,2025-02-18
12116067,2025-02-18
12116252,2025-02-18
12116529,2025-02-18
12116922,2025-02-18
12117009,2025-02-18
12117982,2025-02-18
12118100,2025-02-18
12118435,2025-02-18
12118833,2025-02-18
12119492,2025-02-18
12119536,2025-02-18
12119608,2025-02-18
12119965,2025-02-18
12119987,2025-02-18
12120230,2025-02-18
12120821,2025-02-18
12121008,2025-02-18
12121569,2025-02-18
12123215,2025-02-18
12123352,2025-02-18
12124198,2025-02-18
12124583,2025-02-18
12124699,2025-02-19
12124739,2025-02-19
12125236,2025-02-19
12125455,2025-02-19
12125812,2025-02-19
12125925,2025-02-19
12126076,2025-02-19
12126086,2025-02-19
12126201,2025-02-19
12126622,2025-02-19
12126808,2025-02-19
12126964,2025-02-19
12127133,2025-02-19
12127389,2025-02-18
12127661,2025-02-18
12128220,2025-02-18
12128581,2025-02-19
12128595,2025-02-20
12128990,2025-02-20
12129065,2025-02-19
12129342,2025-02-20
12130088,2025-02-20
12130325,2025-02-20
12130344,2025-02-20
12130599,2025-02-20
12131209,2025-02-19
12131422,2025-02-20
12131497,2025-02-19
12131503,2025-02-19
12131606,2025-02-19
12131774,2025-02-19
12132024,2025-02-19
12132062,2025-02-19
12132511,2025-02-19
12132614,2025-02-19
12132816,2025-02-19
12132829,2025-02-19
12133112,2025-02-19
12133504,2025-02-19
12133700,2025-02-19
12133763,2025-02-19
12133825,2025-02-19
12134030,2025-02-19
12134593,2025-02-19
12134613,2025-02-19
12134738,2025-02-19
12135456,2025-02-19
12135464,2025-02-19
12135500,2025-02-19
12135791,2025-02-19
12136318,2025-02-19
12136526,2025-02-19
12136706,2025-02-19
12136973,2025-02-19
12137306,2025-02-19
12137493,2025-02-19
12137512,2025-02-19
12137566,2025-02-19
12138153,2025-02-19
12138171,2025-02-19
12138196,2025-02-19
12138257,2025-02-19
12138343,2025-02-19
12139099,2025-02-19
12139197,2025-02-19
12139593,2025-02-19
12140552,2025-02-19
12140792,2025-02-19
12140929,2025-02-19
12141347,2025-02-19
12141657,2025-02-19
12141722,2025-02-19
12142008,2025-02-19
12142338,2025-02-19
12142729,2025-02-19
12142806,2025-02-19
12142807,2025-02-19
12142920,2025-02-21
12143164,2025-02-21
12143936,2025-02-21
12144463,2025-02-21
12144705,2025-02-21
12144794,2025-02-21
12145425,2025-02-21
12145799,2025-02-21
12146434,2025-02-20
12146852,2025-02-20
12147002,2025-02-20
12147427,2025-02-20
12147513,2025-02-20
12147519,2025-02-20
12147770,2025-02-20
12148317,2025-02-20
12148573,2025-02-20
12148625,2025-02-20
12148734,2025-02-20
12148771,2025-02-20
12149231,2025-02-20
12149648,2025-02-20
12149712,2025-02-20
12149830,2025-02-20
12150024,2025-02-20
12150030,2025-02-20
12150404,2025-02-20
12150739,2025-02-20
12150874,2025-02-20
12151290,2025-02-20
12151919,2025-02-20
12152027,2025-02-20
12152082,2025-02-20
12152368,2025-02-20
12152907,2025-02-20
12153608,2025-02-20
12154463,2025-02-20
12154470,2025-02-20
12155101,2025-02-20
12155907,2025-02-20
12156517,2025-02-20
12157992,2025-02-20
12158169,2025-02-20
12158362,2025-02-21
12159186,2025-02-21
12159539,2025-02-21
12160018,2025-02-21
12160419,2025-02-22
12160640,2025-02-22
12161348,2025-02-22
12161572,2025-02-22
12161948,2025-02-21
12161984,2025-02-22
12162139,2025-02-22
12162490,2025-02-22
12162518,2025-02-22
12162644,2025-02-15
12162653,2025-02-15
12162776,2025-02-21
12162941,2025-02-21
12163030,2025-02-21
12163094,2025-02-21
12163438,2025-02-21
12163993,2025-02-21
12164159,2025-02-21
12164288,2025-02-21
12164373,2025-02-14
12165030,2025-02-21
12165175,2025-02-21
12165235,2025-02-21
12165453,2025-02-21
12165986,2025-02-21
12166293,2025-02-21
12166342,2025-02-13
12167238,2025-02-21
12167280,2025-02-21
12167298,2025-02-21
12167425,2025-02-21
12168071,2025-02-21
12168523,2025-02-21
12168906,2025-02-21
12170022,2025-02-21
12170046,2025-02-21
12170428,2025-02-21
12170672,2025-02-21
12170730,2025-02-21
12170772,2025-02-21
12171494,2025-02-21
12171506,2025-02-21
12171866,2025-02-21
12172470,2025-02-21
12172718,2025-02-21
12173153,2025-02-22
12173368,2025-02-22
12173419,2025-02-22
12173515,2025-02-22
12173669,2025-02-22
12174394,2025-02-22
12174533,2025-02-22
12174712,2025-02-22
12175200,2025-02-23
12175295,2025-02-23
12175393,2025-02-23
12175427,2025-02-22
12175503,2025-02-22
12175669,2025-02-22
12175705,2025-02-22
12176483,2025-02-22
12176956,2025-02-23
12177909,2025-02-22
12177957,2025-02-22
12178641,2025-02-22
12178865,2025-02-22
12179020,2025-02-22
12179299,2025-02-22
12179326,2025-02-22
12179378,2025-02-22
12179542,2025-02-22
12179617,2025-02-22
12180345,2025-02-23
12180704,2025-02-23
12180972,2025-02-23
12181697,2025-02-24
12181932,2025-02-24
12181936,2025-02-24
12181975,2025-02-24
12182066,2025-02-24
12182245,2025-02-24
12182315,2025-02-24
12182403,2025-02-23
12182473,2025-02-23
12182597,2025-02-23
12182693,2025-02-23
12182952,2025-02-23
12183018,2025-02-23
12183331,2025-02-23
12183606,2025-02-23
12183649,2025-02-23
12184180,2025-02-23
12184314,2025-02-23
12184383,2025-02-23
12184427,2025-02-23
12184712,2025-02-23
12184751,2025-02-23
12184756,2025-02-23
12184901,2025-02-23
12185054,2025-02-23
12185169,2025-02-23
12185993,2025-02-23
12186121,2025-02-24
12186177,2025-02-24
12186190,2025-02-24
12186207,2025-02-24
12186372,2025-02-24
12186414,2025-02-24
12186457,2025-02-24
12187035,2025-02-24
12187087,2025-02-18
12187102,2025-02-18
12187552,2025-02-24
12187556,2025-02-24
12187676,2025-02-24
12187743,2025-02-24
12187820,2025-02-24
12188073,2025-02-24
12188238,2025-02-24
12188927,2025-02-24
12188956,2025-02-24
12189096,2025-02-24
12189233,2025-02-24
12189236,2025-02-24
12189299,2025-02-24
12189596,2025-02-24
12190066,2025-02-24
12190242,2025-02-24
12190256,2025-02-24
12190470,2025-02-24
12190635,2025-02-24
12191135,2025-02-24
12191136,2025-02-24
12191268,2025-02-24
12191286,2025-02-24
12191350,2025-02-24
12191367,2025-02-24
12191435,2025-02-24
12191970,2025-02-24
12192304,2025-02-24
12192754,2025-02-24
12192775,2025-02-24
12193017,2025-02-24
12193226,2025-02-24
12193505,2025-02-24
12193559,2025-02-24
12193583,2025-02-24
12193803,2025-02-24
12194227,2025-02-24
12194344,2025-02-24
12194932,2025-02-24
12194980,2025-02-24
12195303,2025-02-24
12195386,2025-02-24
12199100,2025-02-25
12199193,2025-02-25
12199486,2025-02-25
12199578,2025-02-25
12199613,2025-02-25
12199882,2025-02-24
12200041,2025-02-25
12200348,2025-02-24
12200358,2025-02-24
12200913,2025-02-24
12201112,2025-02-24
12201589,2025-02-26
12202037,2025-02-26
12202215,2025-02-26
12202307,2025-02-26
12202813,2025-02-26
12202921,2025-02-26
12203190,2025-02-26
12203283,2025-02-26
12203335,2025-02-26
12203513,2025-02-26
12204317,2025-02-26
12204358,2025-02-26
12204450,2025-02-26
12204722,2025-02-25
12205090,2025-02-25
12206403,2025-02-25
12206750,2025-02-25
12207028,2025-02-25
12207065,2025-02-25
12207220,2025-02-25
12207683,2025-02-25
12207694,2025-02-25
12207878,2025-02-25
12208571,2025-02-25
12208893,2025-02-25
12209085,2025-02-25
12209162,2025-02-25
12210471,2025-02-25
12210744,2025-02-25
12210908,2025-02-25
12210943,2025-02-25
12211136,2025-02-25
12211361,2025-02-25
12211446,2025-02-25
12211508,2025-02-25
12211594,2025-02-25
12211606,2025-02-25
12211660,2025-02-25
12213153,2025-02-25
12213412,2025-02-25
12213431,2025-02-25
12213441,2025-02-25
12213506,2025-02-25
12213560,2025-02-25
12214522,2025-02-25
12214568,2025-02-25
12214803,2025-02-25
12215211,2025-02-25
12215416,2025-02-25
12215524,2025-02-25
12216272,2025-02-25
12217959,2025-02-25
12218535,2025-02-25
12219413,2025-02-27
12219642,2025-02-27
12219788,2025-02-27
12220403,2025-02-27
12220672,2025-02-27
12220737,2025-02-27
12221058,2025-02-27
12221198,2025-02-27
12221475,2025-02-27
12221483,2025-02-27
12221542,2025-02-27
12222738,2025-02-26
12223067,2025-02-26
12223086,2025-02-26
12223103,2025-02-26
12223382,2025-02-26
12223465,2025-02-26
12223606,2025-02-26
12223863,2025-02-26
12223977,2025-02-26
12224656,2025-02-26
12225195,2025-02-26
12225209,2025-02-26
12225218,2025-02-26
12225224,2025-02-26
12225757,2025-02-26
12225952,2025-02-26
12226127,2025-02-26
12226212,2025-02-26
12227212,2025-02-26
12227700,2025-02-26
12227923,2025-02-26
12228881,2025-02-26
12228914,2025-02-26
12229436,2025-02-26
12229455,2025-02-26
12229596,2025-02-26
12229986,2025-02-26
12230193,2025-02-26
12230200,2025-02-26
12230390,2025-02-26
12230985,2025-02-26
12231424,2025-02-26
12231492,2025-02-26
12231624,2025-02-26
12231875,2025-02-26
12232605,2025-02-26
12232642,2025-02-26
12232675,2025-02-26
12234416,2025-02-26
12234632,2025-02-26
12234648,2025-02-26
12234655,2025-02-26
12234674,2025-02-26
12234886,2025-02-26
12234941,2025-02-26
12235066,2025-02-26
12235914,2025-02-26
12236693,2025-02-26
12237598,2025-02-27
12238031,2025-02-27
12239229,2025-03-01
12239298,2025-03-01
12239410,2025-03-01
12239532,2025-03-01
12239707,2025-03-01
12240119,2025-03-01
12240138,2025-03-01
12240156,2025-03-01
12240589,2025-03-01
12240636,2025-02-28
12240666,2025-03-01
12240919,2025-02-28
12241582,2025-02-28
12242893,2025-02-28
12242966,2025-02-28
12242976,2025-02-28
12243082,2025-02-28
12243279,2025-02-28
12243602,2025-02-28
12243619,2025-02-28
12243868,2025-02-28
12244044,2025-02-28
12244213,2025-02-28
12244601,2025-02-28
12244665,2025-02-28
12245448,2025-02-28
12245615,2025-02-28
12246591,2025-02-28
12246671,2025-02-28
12247281,2025-02-28
12247337,2025-02-28
12247753,2025-02-28
12247942,2025-02-28
12248029,2025-02-28
12248474,2025-02-28
12248475,2025-02-28
12249344,2025-02-28
12249584,2025-02-28
12250210,2025-02-28
12250512,2025-02-28
12250528,2025-02-28
12250569,2025-02-28
12250586,2025-02-28
12250587,2025-02-28
12250785,2025-02-28
12250914,2025-02-28
12250947,2025-02-28
12251116,2025-02-28
12251350,2025-02-28
12251425,2025-02-27
12251822,2025-02-27
12252225,2025-02-28
12252465,2025-02-28
12252628,2025-02-28
12252651,2025-02-28
12252901,2025-02-28
12252921,2025-02-27
12253923,2025-02-27
12254046,2025-02-27
12255134,2025-02-28
12255229,2025-02-27
12256254,2025-02-27
12256355,2025-02-27
12256420,2025-02-27
12256791,2025-02-28
12256960,2025-02-28
12257037,2025-02-28
12257051,2025-02-28
12257178,2025-02-28
12257994,2025-02-27
12258825,2025-02-27
12258939,2025-02-27
12259265,2025-02-28
12259914,2025-02-27
12259979,2025-02-27
12260001,2025-02-27
12260184,2025-02-27
12260606,2025-02-27
12260947,2025-02-27
12261235,2025-02-27
12262208,2025-02-28
12262254,2025-02-28
12262435,2025-02-27
12262449,2025-02-27
12263234,2025-02-27
12263375,2025-02-27
12263826,2025-02-28
12265219,2025-02-28
12265714,2025-02-27
12265752,2025-02-27
12266562,2025-02-27
12266723,2025-02-27
12267078,2025-02-27
12267330,2025-02-27
12268525,2025-02-28
12268662,2025-02-26
12269229,2025-02-27
12269947,2025-02-27
12270093,2025-02-27
12270204,2025-02-27
12270256,2025-02-27
12270323,2025-02-27
12270365,2025-02-27
12270469,2025-02-27
12270615,2025-02-27
12270801,2025-03-01
12270876,2025-03-01
12270944,2025-03-01
12271093,2025-03-01
12271445,2025-03-01
12272163,2025-03-01
12272262,2025-03-01
12272744,2025-03-01
12272814,2025-03-01
12273422,2025-03-02
12273431,2025-03-02
12273645,2025-03-02
12273739,2025-03-02
12273845,2025-03-02
12274165,2025-03-02
12274196,2025-03-02
12274895,2025-03-01
12275476,2025-03-01
12275619,2025-03-01
12275869,2025-03-01
12276072,2025-03-01
12276196,2025-03-01
12276594,2025-03-01
12276755,2025-03-01
12276791,2025-03-01
12276912,2025-03-01
12277172,2025-03-01
12277654,2025-03-01
12277751,2025-03-01
12278162,2025-03-01
12278268,2025-03-01
12278656,2025-03-01
12278857,2025-03-01
12279323,2025-03-03
12280073,2025-03-03
12280484,2025-03-03
12280543,2025-03-03
12280774,2025-03-03
12280904,2025-03-03
12281211,2025-03-02
12281769,2025-03-02
12281864,2025-03-02
12282027,2025-03-02
12282314,2025-03-02
12282390,2025-03-02
12283649,2025-03-02
12283793,2025-03-02
12283993,2025-03-02
12284022,2025-03-02
12284043,2025-03-02
12284509,2025-03-02
12284700,2025-03-02
12284800,2025-03-02
12284894,2025-03-02
12285486,2025-03-02
12285551,2025-03-02
12285756,2025-03-02
12286399,2025-03-02
12286962,2025-03-03
12287156,2025-03-03
12288110,2025-03-03
12288260,2025-03-03
12288486,2025-03-03
12288696,2025-03-03
12288780,2025-03-03
12288815,2025-03-03
12289254,2025-03-03
12289971,2025-03-03
12290215,2025-03-03
12290227,2025-03-03
12290735,2025-03-03
12290973,2025-03-03
12291006,2025-03-03
12291336,2025-03-03
12291741,2025-03-03
12295207,2025-03-04
12295436,2025-03-04
12297352,2025-03-04
12297861,2025-03-04
12298842,2025-03-03
12299750,2025-03-03
12299918,2025-03-03
12299973,2025-03-03
12300108,2025-03-03
12300191,2025-03-03
12300236,2025-03-03
12300444,2025-03-03
12300744,2025-03-03
12300867,2025-03-03
12301193,2025-03-03
12301215,2025-03-03
12301218,2025-03-03
12301390,2025-03-03
12302473,2025-03-03
12302530,2025-03-03
12302565,2025-03-03
12302657,2025-03-03
12302724,2025-03-03
12303413,2025-03-03
12303469,2025-03-03
12303685,2025-03-03
12303730,2025-03-03
12303872,2025-03-05
12304141,2025-03-05
12305210,2025-03-05
12305288,2025-03-05
12306210,2025-03-04
12307583,2025-03-05
12307923,2025-03-05
12307990,2025-03-04
12307991,2025-03-05
12308782,2025-03-04
12309017,2025-03-04
12309052,2025-03-04
12309315,2025-03-04
12309600,2025-03-04
12310168,2025-03-04
12310630,2025-03-04
12311319,2025-03-04
12311377,2025-03-04
12311620,2025-03-04
12311887,2025-03-04
12312563,2025-03-04
12312656,2025-03-04
12312882,2025-03-04
12312953,2025-03-04
12313003,2025-03-04
12313856,2025-03-04
12314084,2025-03-04
12314275,2025-03-04
12314301,2025-03-04
12314308,2025-03-04
12314327,2025-03-04
12314337,2025-03-04
12314468,2025-03-04
12314688,2025-03-04
12314749,2025-03-04
12315019,2025-03-04
12315024,2025-03-04
12315075,2025-03-04
12315327,2025-03-04
12315438,2025-03-04
12315538,2025-03-04
12315960,2025-03-04
12316338,2025-03-04
12316343,2025-03-04
12317507,2025-03-04
12317664,2025-03-04
12317731,2025-03-04
12317816,2025-03-04
12317853,2025-03-04
12318691,2025-03-04
12318737,2025-03-04
12318841,2025-03-04
12319008,2025-03-04
12319401,2025-03-04
12320085,2025-03-04
12320462,2025-03-04
12320499,2025-03-04
12320596,2025-03-04
12320711,2025-03-04
12321573,2025-03-04
12321961,2025-03-04
12322403,2025-03-04
12322679,2025-03-05
12323018,2025-03-05
12323232,2025-03-05
12323537,2025-03-05
12324072,2025-03-05
12325072,2025-03-05
12325131,2025-03-05
12325295,2025-03-05
12325298,2025-03-05
12325951,2025-03-05
12325962,2025-03-05
12327110,2025-03-05
12328740,2025-03-05
12329165,2025-03-05
12329234,2025-03-05
12329261,2025-03-05
12329847,2025-03-05
12329962,2025-03-05
12331757,2025-03-05
12331806,2025-03-05
12331946,2025-03-05
12332251,2025-03-05
12332300,2025-03-05
12332341,2025-03-05
12332613,2025-03-05
12333105,2025-03-05
12333791,2025-03-05
12334719,2025-03-05
12335463,2025-03-05
12336920,2025-03-06
12337213,2025-03-06
12337348,2025-03-06
12337849,2025-03-06
12338772,2025-03-06
12339006,2025-03-06
12339863,2025-03-06
12340032,2025-03-06
12341374,2025-03-05
12341494,2025-03-05
12341529,2025-03-05
12343623,2025-03-07
12343895,2025-03-07
12343939,2025-03-07
12343956,2025-03-07
12343966,2025-03-07
12345403,2025-03-07
12345466,2025-03-06
12345567,2025-03-07
12346326,2025-03-07
12346448,2025-03-07
12346536,2025-03-06
12346557,2025-03-06
12346782,2025-03-06
12347155,2025-03-06
12348290,2025-03-06
12349160,2025-03-06
12349865,2025-03-06
12349984,2025-03-06
12350030,2025-03-06
12350044,2025-03-06
12350278,2025-03-06
12350536,2025-03-06
12350865,2025-03-06
12351017,2025-03-06
12351325,2025-03-06
12351663,2025-03-06
12352006,2025-03-06
12352885,2025-03-06
12352954,2025-03-06
12353588,2025-03-06
12353823,2025-03-06
12354514,2025-03-06
12355320,2025-03-06
12355657,2025-03-06
12356650,2025-03-06
12356669,2025-03-06
12357460,2025-03-06
12357690,2025-03-06
12358388,2025-03-06
12358849,2025-03-06
12361036,2025-03-08
12361139,2025-03-08
12361464,2025-03-08
12361812,2025-03-08
12362320,2025-03-07
12363268,2025-03-07
12363808,2025-03-07
12363915,2025-03-07
12364219,2025-03-07
12364469,2025-03-07
12364731,2025-03-07
12364999,2025-03-07
12365195,2025-03-07
12365360,2025-03-07
12365590,2025-03-07
12365969,2025-03-07
12365977,2025-03-07
12366189,2025-03-07
12366394,2025-03-07
12366429,2025-03-07
12366458,2025-03-06
12366482,2025-03-07
12366669,2025-03-07
12367364,2025-03-07
12367375,2025-03-07
12367439,2025-03-07
12367511,2025-03-07
12367623,2025-03-07
12367653,2025-03-07
12367776,2025-03-07
12368240,2025-03-07
12368310,2025-03-07
12368607,2025-03-07
12368670,2025-03-07
12368967,2025-03-07
12369598,2025-03-07
12369731,2025-03-07
12369787,2025-03-07
12369864,2025-03-07
12369893,2025-03-07
12369991,2025-03-07
12370575,2025-03-07
12370617,2025-03-07
12370957,2025-03-07
12370992,2025-03-07
12371057,2025-03-07
12371588,2025-03-07
12372160,2025-03-07
12372228,2025-03-07
12373095,2025-03-07
12373582,2025-03-07
12374238,2025-03-07
12374469,2025-03-07
12374833,2025-03-07
12374955,2025-03-07
12375280,2025-03-07
12375614,2025-03-08
12375864,2025-03-07
12376604,2025-03-08
12376705,2025-03-08
12377164,2025-03-08
12378164,2025-03-09
12379806,2025-03-08
12379910,2025-03-08
12379936,2025-03-08
12380656,2025-03-08
12380950,2025-03-08
12381184,2025-03-08
12382175,2025-03-08
12382820,2025-03-08
12383275,2025-03-08
12383308,2025-03-08
12383486,2025-03-08
12383536,2025-03-08
12384171,2025-03-08
12384217,2025-03-08
12384331,2025-03-08
12384412,2025-03-08
12385998,2025-03-10
12386295,2025-03-10
12386540,2025-03-10
12386874,2025-03-09
12387301,2025-03-09
12387362,2025-03-09
12387823,2025-03-09
12387906,2025-03-09
12388744,2025-03-09
12388962,2025-03-09
12389955,2025-03-09
12390030,2025-03-09
12390065,2025-03-09
12390252,2025-03-09
12390954,2025-03-09
12391065,2025-03-09
12391627,2025-03-09
12392461,2025-03-10
12393530,2025-03-10
12393581,2025-03-10
12394389,2025-03-10
12394725,2025-03-09
12394884,2025-03-10
12394923,2025-03-10
12395469,2025-03-10
12395784,2025-03-10
12396063,2025-03-10
12396574,2025-03-10
12396578,2025-03-10
12397240,2025-03-10
12398681,2025-03-10
12399419,2025-03-10
12399873,2025-03-09
12400614,2025-03-11
12401074,2025-03-10
12401077,2025-03-10
12401994,2025-03-11
12402271,2025-03-11
12402752,2025-03-11
12403259,2025-03-11
12403268,2025-03-11
12403416,2025-03-11
12403821,2025-03-11
12404035,2025-03-11
12404385,2025-03-11
12404543,2025-03-11
12404846,2025-03-10
12404923,2025-03-10
12405240,2025-03-10
12405255,2025-03-10
12405373,2025-03-10
12405687,2025-03-10
12405711,2025-03-10
12406492,2025-03-10
12406546,2025-03-10
12406614,2025-03-10
12406805,2025-03-10
12407578,2025-03-10
12407592,2025-03-10
12407781,2025-03-10
12408030,2025-03-10
12408282,2025-03-10
12408545,2025-03-10
12408674,2025-03-10
12408703,2025-03-10
12408795,2025-03-10
12409284,2025-03-10
12409566,2025-03-10
12409733,2025-03-10
12410095,2025-03-10
12410418,2025-03-10
12410810,2025-03-10
12411002,2025-03-10
12411173,2025-03-10
12411459,2025-03-10
12411579,2025-03-10
12412544,2025-03-12
12412569,2025-03-12
12412962,2025-03-12
12413663,2025-03-12
12413835,2025-03-12
12413905,2025-03-12
12414118,2025-03-12
12414181,2025-03-12
12414738,2025-03-12
12415993,2025-03-11
12416207,2025-03-11
12416482,2025-03-11
12416629,2025-03-11
12416636,2025-03-11
12416879,2025-03-11
12417093,2025-03-11
12417347,2025-03-11
12417627,2025-03-11
12417999,2025-03-11
12418217,2025-03-11
12418254,2025-03-11
12418306,2025-03-11
12418648,2025-03-11
12418907,2025-03-11
12418908,2025-03-11
12418909,2025-03-11
12419327,2025-03-11
12419354,2025-03-11
12420415,2025-03-11
12420634,2025-03-11
12420923,2025-03-11
12421385,2025-03-11
12421851,2025-03-11
12422279,2025-03-11
12422339,2025-03-11
12422503,2025-03-11
12422727,2025-03-11
12422924,2025-03-11
12423861,2025-03-11
12424274,2025-03-11
12424587,2025-03-11
12424667,2025-03-11
12425074,2025-03-11
12425279,2025-03-11
12427038,2025-03-11
12427044,2025-03-11
12427434,2025-03-11
12427457,2025-03-11
12427675,2025-03-11
12428263,2025-03-11
12428382,2025-03-11
12429012,2025-03-11
12429224,2025-03-11
12429601,2025-03-11
12429664,2025-03-11
12429707,2025-03-11
12430205,2025-03-11
12430347,2025-03-11
12431097,2025-03-11
12431253,2025-03-11
12431414,2025-03-11
12432016,2025-03-12
12433960,2025-03-13
12433992,2025-03-13
12434102,2025-03-13
12434621,2025-03-13
12436007,2025-03-13
12436131,2025-03-13
12436648,2025-03-13
12437000,2025-03-13
12437409,2025-03-13
12437479,2025-03-13
12437747,2025-03-13
12437822,2025-03-13
12438151,2025-03-12
12438348,2025-03-12
12438375,2025-03-12
12438515,2025-03-12
12439010,2025-03-12
12439012,2025-03-12
12439922,2025-03-12
12440113,2025-03-12
12440119,2025-03-12
12440423,2025-03-12
12441331,2025-03-12
12441431,2025-03-12
12441996,2025-03-12
12442560,2025-03-12
12443002,2025-03-12
12443398,2025-03-12
12443537,2025-03-12
12443885,2025-03-12
12444162,2025-03-12
12444783,2025-03-12
12445444,2025-03-12
12445470,2025-03-12
12445549,2025-03-12
12445788,2025-03-12
12446324,2025-03-12
12446415,2025-03-12
12446618,2025-03-12
12446719,2025-03-12
12447468,2025-03-12
12447537,2025-03-12
12447565,2025-03-12
12447618,2025-03-12
12447628,2025-03-12
12448145,2025-03-11
12448532,2025-03-12
12449041,2025-03-12
12449406,2025-03-11
12449852,2025-03-12
12450015,2025-03-12
12450172,2025-03-12
12451023,2025-03-12
12451124,2025-03-12
12451372,2025-03-12
12451436,2025-03-12
12451506,2025-03-12
12451639,2025-03-12
12451834,2025-03-12
12452072,2025-03-12
12452345,2025-03-13
12452558,2025-03-13
12452818,2025-03-13
12452856,2025-03-13
12453097,2025-03-13
12453248,2025-03-13
12453269,2025-03-13
12453280,2025-03-13
12453428,2025-03-13
12453570,2025-03-13
12453707,2025-03-13
12453899,2025-03-13
12454328,2025-03-13
12454344,2025-03-13
12454556,2025-03-13
12454622,2025-03-13
12454654,2025-03-13
12455231,2025-03-13
12455423,2025-03-13
12455475,2025-03-13
12455505,2025-03-13
12455580,2025-03-13
12455592,2025-03-13
12455696,2025-03-13
12455777,2025-03-13
12455805,2025-03-13
12455830,2025-03-13
12456103,2025-03-13
12456105,2025-03-13
12456183,2025-03-13
12456266,2025-03-13
12456360,2025-03-13
12457119,2025-03-13
12457261,2025-03-13
12458091,2025-03-13
12458181,2025-03-13
12458262,2025-03-13
12458270,2025-03-13
12458466,2025-03-13
12458691,2025-03-13
12458849,2025-03-13
12458977,2025-03-13
12459079,2025-03-13
12459456,2025-03-13
12459504,2025-03-13
12459674,2025-03-13
12460056,2025-03-13
12460404,2025-03-13
12461366,2025-03-13
12462147,2025-03-13
12462434,2025-03-13
12462895,2025-03-14
12463369,2025-03-14
12463650,2025-03-14
12463782,2025-03-14
12463980,2025-03-14
12464074,2025-03-14
12464122,2025-03-14
12464620,2025-03-14
12465445,2025-03-14
12465570,2025-03-14
12465634,2025-03-14
12465803,2025-03-14
12465864,2025-03-13
12468964,2025-03-13
12472097,2025-03-13
12472122,2025-03-13
12472254,2025-03-13
12472409,2025-03-13
12472679,2025-03-13
12472706,2025-03-13
12472929,2025-03-13
12472970,2025-03-13
12473094,2025-03-13
12473128,2025-03-13
12473163,2025-03-13
12473219,2025-03-13
12473284,2025-03-13
12473458,2025-03-13
12473532,2025-03-13
12473583,2025-03-13
12473607,2025-03-13
12473626,2025-03-13
12473664,2025-03-13
12473991,2025-03-13
12474437,2025-03-13
12474476,2025-03-13
12474507,2025-03-13
12474556,2025-03-13
12474582,2025-03-13
12474598,2025-03-13
12474941,2025-03-13
12474996,2025-03-13
12475013,2025-03-13
12475140,2025-03-13
12475542,2025-03-15
12475681,2025-03-15
12475825,2025-03-15
12475919,2025-03-14
12476082,2025-03-15
12476477,2025-03-15
12476546,2025-03-15
12477061,2025-03-15
12477125,2025-03-15
12477337,2025-03-15
12477484,2025-03-15
12477528,2025-03-15
12477877,2025-03-15
12477906,2025-03-15
12477947,2025-03-15
12478014,2025-03-15
12478028,2025-03-15
12478153,2025-03-15
12478190,2025-03-15
12478858,2025-03-15
12478902,2025-03-15
12479508,2025-03-14
12479648,2025-03-14
12479722,2025-03-14
12479822,2025-03-14
12479987,2025-03-14
12479992,2025-03-14
12479993,2025-03-14
12479994,2025-03-14
12480365,2025-03-14
12480378,2025-03-14
12480411,2025-03-14
12480560,2025-03-14
12480561,2025-03-14
12480725,2025-03-14
12480765,2025-03-14
12480929,2025-03-14
12480998,2025-03-14
12481265,2025-03-14
12481293,2025-03-14
12481294,2025-03-14
12481326,2025-03-14
12481410,2025-03-14
12481416,2025-03-14
12481565,2025-03-14
12481916,2025-03-14
12482269,2025-03-14
12482358,2025-03-14
12482414,2025-03-14
12482995,2025-03-14
12483149,2025-03-14
12483216,2025-03-14
12483361,2025-03-14
12483398,2025-03-14
12483537,2025-03-14
12483641,2025-03-14
12484035,2025-03-14
12484041,2025-03-14
12484255,2025-03-14
12484320,2025-03-14
12484510,2025-03-14
12484591,2025-03-14
12484744,2025-03-14
12484916,2025-03-14
12484919,2025-03-14
12485170,2025-03-14
12485387,2025-03-14
12485408,2025-03-14
12485840,2025-03-14
12485865,2025-03-14
12486166,2025-03-14
12486292,2025-03-14
12486365,2025-03-14
12486425,2025-03-14
12486568,2025-03-14
12486715,2025-03-14
12486847,2025-03-14
12486895,2025-03-14
12487082,2025-03-14
12487364,2025-03-14
12488625,2025-03-14
12488836,2025-03-14
12489255,2025-03-14
12489727,2025-03-14
12490160,2025-03-14
12490305,2025-03-14
12490734,2025-03-13
12490755,2025-03-13
12491277,2025-03-14
12491431,2025-03-14
12491468,2025-03-14
12492655,2025-03-14
12493199,2025-03-14
12493482,2025-03-15
12493604,2025-03-15
12493606,2025-03-15
12493654,2025-03-15
12493818,2025-03-15
12493875,2025-03-15
12493972,2025-03-15
12494051,2025-03-15
12494419,2025-03-15
12495684,2025-03-15
12496055,2025-03-15
12496190,2025-03-15
12496325,2025-03-15
12496343,2025-03-15
12496348,2025-03-15
12496379,2025-03-15
12496687,2025-03-16
12496731,2025-03-15
12496824,2025-03-15
12497158,2025-03-16
12497183,2025-03-15
12497198,2025-03-16
12497282,2025-03-16
12497586,2025-03-15
12497619,2025-03-15
12497696,2025-03-15
12497776,2025-03-15
12497926,2025-03-15
12498077,2025-03-15
12498091,2025-03-15
12498109,2025-03-15
12498280,2025-03-15
12498718,2025-03-15
12499039,2025-03-15
12499194,2025-03-15
12499205,2025-03-15
12499675,2025-03-15
12499690,2025-03-15
12499859,2025-03-15
12499874,2025-03-15
12500173,2025-03-15
12500341,2025-03-15
12500677,2025-03-15
12500774,2025-03-15
12500869,2025-03-15
12501006,2025-03-15
12501094,2025-03-15
12501137,2025-03-15
12501151,2025-03-15
12501265,2025-03-15
12501334,2025-03-15
12501575,2025-03-17
12501902,2025-03-16
12502000,2025-03-17
12502004,2025-03-17
12502416,2025-03-17
12502504,2025-03-17
12502820,2025-03-17
12503088,2025-03-16
12503094,2025-03-17
12503252,2025-03-17
12503450,2025-03-16
12503629,2025-03-16
12503809,2025-03-16
12503817,2025-03-16
12503926,2025-03-16
12503936,2025-03-16
12503982,2025-03-16
12504197,2025-03-16
12504302,2025-03-16
12504383,2025-03-16
12504540,2025-03-16
12504706,2025-03-16
12504760,2025-03-16
12505643,2025-03-16
12505773,2025-03-16
12505876,2025-03-16
12506212,2025-03-16
12506367,2025-03-16
12506538,2025-03-16
12506634,2025-03-16
12506956,2025-03-16
12507308,2025-03-16
12507320,2025-03-16
12507605,2025-03-16
12507724,2025-03-16
12507948,2025-03-16
12508167,2025-03-16
12508176,2025-03-16
12509029,2025-03-17
12509475,2025-03-17
12509598,2025-03-17
12509975,2025-03-17
12510031,2025-03-17
12510208,2025-03-17
12510325,2025-03-17
12511456,2025-03-17
12511486,2025-03-17
12511668,2025-03-17
12512005,2025-03-17
12512337,2025-03-17
12512447,2025-03-17
12512512,2025-03-17
12512860,2025-03-17
12513190,2025-03-17
12513232,2025-03-17
12514183,2025-03-17
12514187,2025-03-17
12514425,2025-03-17
12514880,2025-03-17
12514973,2025-03-17
12515242,2025-03-17
12515275,2025-03-17
12515538,2025-03-17
12515551,2025-03-17
12515909,2025-03-17
12516659,2025-03-17
12516720,2025-03-17
12517049,2025-03-17
12517235,2025-03-17
12517462,2025-03-17
12517587,2025-02-08
12517935,2025-03-17
12518054,2025-03-17
12518092,2025-03-17
12518934,2025-03-17
12519243,2025-03-17
12519989,2025-03-15
12519991,2025-03-15
12519999,2025-03-15
12520009,2025-03-15
12521216,2025-03-17
12521438,2025-03-18
12521854,2025-03-18
12522089,2025-03-18
12522742,2025-03-18
12522828,2025-03-18
12522853,2025-03-18
12523038,2025-03-18
12523040,2025-03-18
12523477,2025-03-18
12523760,2025-03-18
12524955,2025-03-17
12525067,2025-03-18
12525601,2025-03-17
12525757,2025-03-17
12525758,2025-03-17
12525893,2025-03-17
12525981,2025-03-17
12526099,2025-03-17
12526122,2025-03-17
12526137,2025-03-17
12526380,2025-03-17
12526620,2025-03-17
12527277,2025-03-17
12527285,2025-03-17
12530900,2025-03-19
12531123,2025-03-19
12531178,2025-03-19
12531349,2025-03-19
12531716,2025-03-19
12531739,2025-03-18
12532091,2025-03-19
12532167,2025-03-18
12532176,2025-03-19
12532278,2025-03-19
12533402,2025-03-18
12534161,2025-03-18
12534306,2025-03-18
12534601,2025-03-18
12535259,2025-03-18
12535345,2025-03-18
12535830,2025-03-18
12536147,2025-03-18
12536158,2025-03-18
12537206,2025-03-18
12537251,2025-03-18
12537261,2025-03-18
12537281,2025-03-18
12538239,2025-03-18
12538314,2025-03-18
12538323,2025-03-18
12538480,2025-03-18
12538966,2025-03-18
12538983,2025-03-18
12539047,2025-03-18
12539099,2025-03-18
12539745,2025-03-18
12540331,2025-03-18
12540418,2025-03-18
12540540,2025-03-18
12540592,2025-03-18
12540632,2025-03-18
12542011,2025-03-18
12542843,2025-03-18
12543633,2025-03-18
12543711,2025-03-18
12544170,2025-03-18
12544428,2025-03-18
12545178,2025-03-18
12545293,2025-03-18
12546072,2025-03-18
12546211,2025-03-18
12547446,2025-03-18
12548268,2025-03-19
12548720,2025-03-19
12549474,2025-03-19
12551097,2025-03-19
12551349,2025-03-19
12551474,2025-03-19
12551573,2025-03-19
12552342,2025-03-20
12554134,2025-03-20
12554210,2025-03-20
12554357,2025-03-20
12554518,2025-03-20
12554731,2025-03-20
12554865,2025-03-20
12554943,2025-03-20
12555211,2025-03-19
12555644,2025-03-19
12555666,2025-03-19
12556716,2025-03-19
12556730,2025-03-19
12557303,2025-03-19
12557420,2025-03-19
12557634,2025-03-19
12557728,2025-03-19
12558210,2025-03-19
12559215,2025-03-19
12559638,2025-03-19
12559648,2025-03-19
12559660,2025-03-19
12559721,2025-03-19
12559966,2025-03-19
12560437,2025-03-19
12560492,2025-03-19
12560504,2025-03-19
12560590,2025-03-19
12561100,2025-03-19
12561137,2025-03-19
12561397,2025-03-19
12561461,2025-03-19
12561525,2025-03-19
12561548,2025-03-19
12561657,2025-03-19
12561754,2025-03-19
12562121,2025-03-18
12563250,2025-03-19
12563683,2025-03-19
12564894,2025-03-19
12565162,2025-03-19
12565496,2025-03-19
12565528,2025-03-19
12566080,2025-03-19
12566336,2025-03-19
12566915,2025-03-19
12567096,2025-03-19
12567672,2025-03-19
12567794,2025-03-19
12567845,2025-03-19
12567940,2025-03-19
12567982,2025-03-19
12568148,2025-03-19
12568205,2025-03-19
12568216,2025-03-19
12568421,2025-03-19
12568888,2025-03-19
12569284,2025-03-19
12569346,2025-03-19
12569678,2025-03-20
12569736,2025-03-20
12569901,2025-03-20
12570380,2025-03-20
12570429,2025-03-20
12570600,2025-03-20
12570611,2025-03-20
12570702,2025-03-20
12571536,2025-03-20
12571771,2025-03-20
12571878,2025-03-20
12572036,2025-03-20
12572324,2025-03-20
12572558,2025-03-20
12572738,2025-03-20
12572889,2025-03-20
12573088,2025-03-20
12573831,2025-03-20
12573994,2025-03-20
12574104,2025-03-20
12574424,2025-03-20
12574532,2025-03-20
12575409,2025-03-20
12576678,2025-03-20
12576710,2025-03-20
12576717,2025-03-20
12579419,2025-03-20
12580573,2025-03-20
12580622,2025-03-20
12580806,2025-03-20
12580841,2025-03-20
12581060,2025-03-20
12581282,2025-03-20
12585085,2025-03-21
12585351,2025-03-20
12585697,2025-03-20
12586559,2025-03-20
12587032,2025-03-20
12587095,2025-03-20
12587360,2025-03-20
12587495,2025-03-20
12587974,2025-03-20
12587987,2025-03-20
12588019,2025-03-20
12588166,2025-03-20
12588406,2025-03-20
12588582,2025-03-20
12588624,2025-03-20
12588753,2025-03-20
12588906,2025-03-20
12589848,2025-03-21
12589852,2025-03-21
12589890,2025-03-21
12590181,2025-03-21
12590199,2025-03-21
12590249,2025-03-21
12591152,2025-03-21
12591170,2025-03-21
12591273,2025-03-21
12591643,2025-03-21
12592496,2025-03-21
12593657,2025-03-21
12594116,2025-03-21
12594238,2025-03-21
12594531,2025-03-21
12594726,2025-03-21
12594815,2025-03-21
12595092,2025-03-21
12595200,2025-03-21
12595590,2025-03-21
12595895,2025-03-21
12595909,2025-03-21
12596086,2025-03-21
12596327,2025-03-21
12596425,2025-03-21
12596596,2025-03-21
12596808,2025-03-21
12597356,2025-03-21
12597688,2025-03-21
12597759,2025-03-21
12599626,2025-03-21
12599662,2025-03-22
12599902,2025-03-21
12600609,2025-03-21
12600623,2025-03-21
12600651,2025-03-21
12600702,2025-03-22
12600714,2025-03-21
12600799,2025-03-21
12600886,2025-03-21
12602194,2025-03-22
12602633,2025-03-22
12602766,2025-03-22
12603184,2025-03-21
12603601,2025-03-21
12603954,2025-03-22
12604736,2025-03-22
12604909,2025-03-22
12606535,2025-03-21
12606654,2025-03-21
12607131,2025-03-21
12607892,2025-03-22
12607900,2025-03-22
12607998,2025-03-22
12608007,2025-03-22
12609662,2025-03-22
12610489,2025-03-22
12610940,2025-03-22
12611087,2025-03-22
12611174,2025-03-22
12611367,2025-03-22
12611783,2025-03-22
12612052,2025-03-22
12612078,2025-03-22
12612181,2025-03-22
12612262,2025-03-22
12612289,2025-03-22
12612310,2025-03-22
12612668,2025-03-22
12612914,2025-03-22
12612919,2025-03-22
12613127,2025-03-22
12613203,2025-03-22
12613394,2025-03-22
12613724,2025-03-22
12613777,2025-03-22
12613806,2025-03-22
12613835,2025-03-22
12613893,2025-03-22
12613949,2025-03-22
12614121,2025-03-22
12614243,2025-03-22
12614627,2025-03-23
12614681,2025-03-23
12615207,2025-03-23
12616506,2025-03-23
12616608,2025-03-23
12616610,2025-03-23
12616845,2025-03-24
12618576,2025-03-24
12618590,2025-03-25
12618669,2025-03-24
12618865,2025-03-24
12619214,2025-03-25
12619346,2025-03-25
12621347,2025-03-24
12621710,2025-03-24
12621796,2025-03-24
12621798,2025-03-24
12623396,2025-03-24
12623899,2025-03-24
12624818,2025-03-24
12625138,2025-03-24
12625188,2025-03-24
12625399,2025-03-24
12625422,2025-03-24
12625747,2025-03-24
12626093,2025-03-24
12626218,2025-03-23
12626222,2025-03-23
12628438,2025-03-26
12629199,2025-03-25
12629527,2025-03-24
12631239,2025-03-24
12632136,2025-03-23
12632506,2025-03-24
12633674,2025-03-24
12633761,2025-03-26
12634289,2025-03-23
12634534,2025-03-23
12634843,2025-03-26
12634944,2025-03-26
12635146,2025-03-26
12635599,2025-03-25
12637828,2025-03-25
12639336,2025-03-25
12640017,2025-03-23
12640030,2025-03-24
12640236,2025-03-22
12640307,2025-03-22
12640321,2025-03-22
12640595,2025-03-25
12640597,2025-03-24
12641249,2025-03-25
12641272,2025-03-25
12641304,2025-03-24
12641901,2025-03-25
12643666,2025-03-24
12643826,2025-03-24
12643873,2025-03-24
12644276,2025-03-24
12644295,2025-03-24
12644791,2025-03-25
12645203,2025-03-25
12646744,2025-03-23
12647083,2025-03-25
12647163,2025-03-25
12647264,2025-03-25
12647308,2025-03-25
12647596,2025-03-25
12647767,2025-03-25
12647865,2025-03-25
12649402,2025-03-25
12650742,2025-03-25
12650745,2025-03-25
12650785,2025-03-25
12651073,2025-03-25
12651504,2025-03-25
12652177,2025-03-25
12652659,2025-03-25
12652717,2025-03-25
12652861,2025-03-24
12653510,2025-03-24
12654074,2025-03-25
12654154,2025-03-25
12654160,2025-03-25
12654422,2025-03-25
12655510,2025-03-25
12655601,2025-03-24
12656198,2025-03-24
12657009,2025-03-24
12657751,2025-03-25
12658089,2025-03-25
12658434,2025-03-24
12658861,2025-03-24
12659756,2025-03-24
12660013,2025-03-26
12660093,2025-03-26
12660172,2025-03-24
12660277,2025-03-23
12660430,2025-03-23
12660787,2025-03-26
12660873,2025-03-26
12661334,2025-03-26
12661504,2025-03-26
12662508,2025-03-26
12662603,2025-03-26
12662956,2025-03-24
12663011,2025-03-23
12665318,2025-03-26
12665699,2025-03-23
12666547,2025-03-26
12666960,2025-03-26
12667111,2025-03-26
12667134,2025-03-26
12667181,2025-03-26
12667830,2025-03-26
12667858,2025-03-26
12668234,2025-03-26
12668417,2025-03-26
12668498,2025-03-26
12668520,2025-03-26
12669018,2025-03-24
12669033,2025-03-26
12669070,2025-03-24
12669217,2025-03-26
12669366,2025-03-26
12670079,2025-03-26
12670219,2025-03-26
12670328,2025-03-26
12670386,2025-03-26
12670603,2025-03-26
12672179,2025-03-26
12672665,2025-03-27
12672821,2025-03-27
12672991,2025-03-26
12673443,2025-03-27
12673645,2025-03-27
12674195,2025-03-27
12674341,2025-03-27
12674344,2025-03-27
12674704,2025-03-27
12674866,2025-03-27
12676450,2025-03-26
12676753,2025-03-26
12678650,2025-03-26
12679312,2025-03-26
12679509,2025-03-23
12680135,2025-03-26
12680490,2025-03-26
12680494,2025-03-26
12680634,2025-03-26
12680817,2025-03-23
12681045,2025-03-26
12681345,2025-03-26
12681430,2025-03-23
12681433,2025-03-23
12682171,2025-03-27
12682298,2025-03-27
12682748,2025-03-27
12682870,2025-03-27
12683225,2025-03-27
12683311,2025-03-27
12683368,2025-03-27
12683836,2025-03-27
12683934,2025-03-27
12684930,2025-03-27
12685112,2025-03-27
12685485,2025-03-27
12686613,2025-03-27
12686982,2025-03-27
12687843,2025-03-27
12688061,2025-03-27
12688451,2025-03-27
12688458,2025-03-27
12688660,2025-03-27
12688892,2025-03-27
12689087,2025-03-27
12689578,2025-03-27
12690955,2025-03-27
12691551,2025-03-27
12691863,2025-03-27
12691917,2025-03-28
12692067,2025-03-28
12694624,2025-03-28
12696315,2025-03-27
12696535,2025-03-28
12696827,2025-03-28
12696906,2025-03-28
12698338,2025-03-27
12698428,2025-03-27
12698453,2025-03-27
12698845,2025-03-27
12699188,2025-03-27
12699724,2025-03-27
12700043,2025-03-27
12700143,2025-03-27
12700196,2025-03-27
12700422,2025-03-27
12700540,2025-03-27
12700587,2025-03-27
12701475,2025-03-28
12701635,2025-03-28
12701904,2025-03-28
12705537,2025-03-28
12705745,2025-03-28
12706121,2025-03-28
12706181,2025-03-28
12706815,2025-03-28
12707165,2025-03-28
12707182,2025-03-28
12707936,2025-03-28
12708437,2025-03-28
12708440,2025-03-28
12708818,2025-03-28
12708997,2025-03-28
12709183,2025-03-28
12709520,2025-03-28
12710773,2025-03-28
12711083,2025-03-28
12711700,2025-03-28
12711767,2025-03-28
12711830,2025-03-28
12712096,2025-03-28
12712803,2025-03-28
12712936,2025-03-28
12713159,2025-03-28
12713399,2025-03-28
12713931,2025-03-29
12714399,2025-03-29
12716127,2025-03-29
12717179,2025-03-29
12717247,2025-03-29
12717269,2025-03-29
12717554,2025-03-29
12717694,2025-03-28
12718308,2025-03-28
12718322,2025-03-28
12718406,2025-03-28
12719137,2025-03-28
12719406,2025-03-28
12719654,2025-03-29
12719655,2025-03-29
12719977,2025-03-29
12720132,2025-03-29
12720601,2025-03-29
12720603,2025-03-29
12720725,2025-03-29
12720926,2025-03-29
12722183,2025-03-29
12722554,2025-03-29
12723066,2025-03-29
12723262,2025-03-29
12724789,2025-03-29
12725662,2025-03-30
12725663,2025-03-30
12726218,2025-03-30
12727177,2025-03-29
12727307,2025-03-29
12727345,2025-03-29
12727416,2025-03-29
12727508,2025-03-29
12727520,2025-03-29
12727558,2025-03-29
12728375,2025-03-30
12729050,2025-03-31
12729147,2025-03-31
12729253,2025-03-31
12729354,2025-03-31
12729363,2025-03-31
12729853,2025-03-31
12729892,2025-03-31
12729922,2025-03-30
12730279,2025-03-30
12730299,2025-03-30
12730367,2025-03-30
12730405,2025-03-30
12730472,2025-03-30
12730516,2025-03-30
12730745,2025-03-30
12730837,2025-03-30
12731008,2025-03-30
12731939,2025-03-30
12731940,2025-03-30
12732156,2025-03-30
12732285,2025-03-30
12732558,2025-03-30
12732692,2025-03-30
12732884,2025-03-30
12732938,2025-03-30
12733213,2025-03-30
12733339,2025-03-30
12733651,2025-03-30
12734469,2025-03-30
12735003,2025-03-30
12735125,2025-03-31
12735387,2025-03-31
12736342,2025-03-31
12736520,2025-03-31
12736892,2025-03-31
12737341,2025-03-31
12737567,2025-03-31
12738859,2025-03-31
12739376,2025-04-01
12739436,2025-04-01
12739997,2025-03-31
12740278,2025-03-31
12740537,2025-03-31
12740838,2025-03-31
12741057,2025-03-31
12741511,2025-03-31
12741656,2025-03-31
12741887,2025-03-31
12742174,2025-03-31
12742252,2025-03-31
12742323,2025-03-31
12744093,2025-03-31
12744162,2025-03-31
12744312,2025-03-31
12744962,2025-03-31
12744982,2025-03-31
12745295,2025-03-31
12745621,2025-03-31
12745652,2025-03-31
12746280,2025-03-31
12746284,2025-03-31
12746288,2025-03-31
12746294,2025-03-31
12746544,2025-03-31
12746707,2025-03-31
12746954,2025-03-31
12747481,2025-03-31
12747606,2025-04-01
12748216,2025-04-01
12748568,2025-03-31
12749301,2025-03-31
12749675,2025-03-31
12749884,2025-03-31
12750010,2025-03-31
12750282,2025-03-31
12750293,2025-03-31
12750613,2025-03-31
12750803,2025-03-31
12750871,2025-03-31
12750874,2025-03-31
12751093,2025-03-31
12751239,2025-03-31
12752338,2025-04-01
12753169,2025-03-31
12753226,2025-03-31
12753509,2025-03-31
12754559,2025-04-01
12755858,2025-04-02
12756062,2025-04-02
12756076,2025-04-02
12756357,2025-04-02
12756763,2025-04-01
12756833,2025-04-01
12756907,2025-04-01
12757464,2025-04-01
12758705,2025-04-01
12759468,2025-04-01
12759648,2025-04-01
12759789,2025-04-01
12760781,2025-04-01
12760837,2025-04-01
12761501,2025-04-02
12762147,2025-04-01
12763193,2025-04-01
12763412,2025-04-01
12763919,2025-04-01
12764001,2025-04-01
12764008,2025-04-01
12764339,2025-04-01
12764419,2025-04-01
12764661,2025-04-01
12764886,2025-04-01
12765829,2025-04-01
12765830,2025-04-01
12765836,2025-04-01
12766332,2025-04-01
12766529,2025-04-01
12766911,2025-04-01
12768341,2025-04-02
12768623,2025-04-02
12768883,2025-04-02
12768951,2025-04-02
12769106,2025-04-02
12769444,2025-04-01
12769466,2025-04-01
12769705,2025-04-01
12769917,2025-04-01
12769982,2025-04-01
12771173,2025-04-02
12771336,2025-04-02
12771751,2025-04-01
12771893,2025-04-01
12772444,2025-04-01
12772948,2025-04-02
12773817,2025-04-02
12774122,2025-04-02
12775015,2025-04-03
12775114,2025-04-03
12775785,2025-04-02
12775902,2025-04-02
12775929,2025-04-02
12776076,2025-04-02
12776598,2025-04-02
12776649,2025-04-02
12776694,2025-04-01
12777433,2025-04-03
12777465,2025-04-03
12777985,2025-04-02
12777997,2025-04-01
12778136,2025-04-01
12778642,2025-04-02
12778990,2025-04-02
12779208,2025-04-02
12779326,2025-04-02
12779407,2025-04-02
12779577,2025-04-01
12779731,2025-04-02
12780881,2025-04-02
12780883,2025-04-02
12781461,2025-04-02
12782645,2025-04-01
12782867,2025-04-02
12783018,2025-04-02
12783072,2025-04-02
12783178,2025-04-02
12783363,2025-04-02
12783636,2025-04-02
12783720,2025-04-02
12785003,2025-04-02
12785471,2025-04-02
12785824,2025-04-02
12785842,2025-04-02
12786065,2025-04-02
12787115,2025-04-02
12788013,2025-04-02
12789463,2025-04-02
12789473,2025-04-02
12789718,2025-04-02
12789797,2025-04-02
12790292,2025-04-02
12790993,2025-04-02
12791811,2025-04-02
12792834,2025-04-02
12792936,2025-04-03
12793260,2025-04-03
12793708,2025-04-03
12793834,2025-04-03
12794035,2025-04-03
12794439,2025-04-03
12794688,2025-03-10
12795402,2025-04-03
12795506,2025-04-03
12796334,2025-04-03
12796675,2025-04-03
12796879,2025-04-03
12798352,2025-04-04
12798366,2025-04-03
12799279,2025-04-03
12799754,2025-04-04
12800541,2025-04-03
12800604,2025-04-03
12801124,2025-04-03
12802206,2025-04-03
12805898,2025-04-03
12805907,2025-04-03
12806435,2025-04-03
12807319,2025-04-03
12807331,2025-04-03
12807633,2025-04-03
12808476,2025-04-03
12808613,2025-04-03
12808887,2025-04-03
12809187,2025-04-03
12809389,2025-04-03
12809557,2025-04-03
12809610,2025-04-03
12809780,2025-04-03
12809782,2025-04-03
12809791,2025-04-03
12810130,2025-04-03
12810138,2025-04-03
12810649,2025-04-03
12810797,2025-04-04
12812149,2025-04-03
12812774,2025-04-04
12813261,2025-04-04
12813723,2025-04-04
12814103,2025-04-04
12814146,2025-04-04
12814877,2025-04-04
12815307,2025-04-04
12815525,2025-04-04
12815584,2025-04-04
12815783,2025-04-04
12816137,2025-04-04
12816476,2025-04-04
12816562,2025-04-04
12816973,2025-04-04
12817875,2025-04-04
12818112,2025-04-05
12818174,2025-04-05
12818225,2025-04-04
12818324,2025-04-05
12819205,2025-04-04
12819648,2025-04-04
12819781,2025-04-04
12820003,2025-04-04
12820055,2025-04-04
12820830,2025-04-04
12821227,2025-04-04
12821469,2025-04-04
12821840,2025-04-04
12821859,2025-04-04
12822560,2025-04-05
12822700,2025-04-05
12823876,2025-04-04
12824293,2025-04-04
12825367,2025-04-04
12825432,2025-04-04
12825861,2025-04-04
12826270,2025-04-04
12826701,2025-04-04
12827874,2025-04-04
12828240,2025-04-05
12828440,2025-04-05
12828999,2025-04-05
12829724,2025-04-04
12830201,2025-04-04
12830302,2025-04-05
12831896,2025-04-04
12831939,2025-04-04
12832490,2025-04-05
12833872,2025-04-05
12835203,2025-04-05
12835842,2025-04-05
12837172,2025-04-05
12837794,2025-04-05
12837844,2025-04-06
12837861,2025-04-06
12838643,2025-04-05
12839047,2025-04-05
12839320,2025-04-05
12839327,2025-04-05
12839348,2025-04-05
12839498,2025-04-05
12839600,2025-04-05
12839603,2025-04-05
12839617,2025-04-05
12839626,2025-04-05
12839630,2025-04-05
12839640,2025-04-05
12839646,2025-04-05
12839950,2025-04-05
12839999,2025-04-05
12842350,2025-04-06
12842438,2025-04-06
12843039,2025-04-06
12843229,2025-04-06
12843282,2025-04-06
12843373,2025-04-06
12843530,2025-04-06
12843610,2025-04-06
12843647,2025-04-06
12844340,2025-04-06
12845187,2025-04-06
12845927,2025-04-07
12846348,2025-04-07
12846550,2025-04-07
12846660,2025-04-06
12846670,2025-04-06
12847097,2025-04-06
12847111,2025-04-06
12847249,2025-04-06
12847262,2025-04-01
12847308,2025-04-06
12848048,2025-04-07
12848104,2025-04-07
12848106,2025-04-07
12848326,2025-04-06
12848392,2025-04-06
12848464,2025-04-06
12848677,2025-04-06
12850508,2025-04-07
12850696,2025-04-07
12851437,2025-04-08
12851495,2025-04-07
12851955,2025-04-07
12852100,2025-04-07
12852291,2025-04-07
12854326,2025-04-07
12854422,2025-04-07
12854562,2025-04-07
12854878,2025-04-07
12855453,2025-04-08
12855700,2025-04-08
12855755,2025-04-08
12856081,2025-04-08
12856383,2025-04-08
12856474,2025-04-08
12856838,2025-04-08
12857138,2025-04-07
12857379,2025-04-07
12857575,2025-04-07
12857710,2025-04-07
12857957,2025-04-07
12858053,2025-04-07
12858071,2025-04-07
12858085,2025-04-07
12858541,2025-04-07
12859612,2025-04-07
12860644,2025-04-07
12861491,2025-04-07
12862517,2025-04-08
12862854,2025-04-08
12863252,2025-04-07
12863466,2025-04-08
12863860,2025-04-07
12865014,2025-04-07
12865498,2025-04-07
12866528,2025-04-07
12868021,2025-04-07
12868188,2025-04-07
12868348,2025-04-07
12868756,2025-04-07
12871211,2025-04-08
12871326,2025-04-09
12871884,2025-04-09
12872179,2025-04-09
12872339,2025-04-08
12872366,2025-04-08
12872681,2025-04-08
12873178,2025-04-08
12873622,2025-04-08
12874420,2025-04-08
12875010,2025-04-08
12876750,2025-04-08
12877364,2025-04-08
12877599,2025-04-08
12877799,2025-04-08
12877871,2025-04-08
12878759,2025-04-08
12878977,2025-04-08
12879120,2025-04-08
12880043,2025-04-08
12880311,2025-04-08
12880505,2025-04-08
12881308,2025-04-09
12881408,2025-04-08
12881568,2025-04-09
12881653,2025-04-08
12882536,2025-04-08
12882767,2025-04-08
12882969,2025-04-08
12882981,2025-04-08
12883070,2025-04-08
12883464,2025-04-08
12884448,2025-04-08
12884915,2025-04-08
12885277,2025-04-09
12886131,2025-04-08
12886305,2025-04-08
12886551,2025-04-08
12886586,2025-04-08
12887231,2025-04-08
12887773,2025-04-08
12888000,2025-04-08
12888427,2025-04-08
12889354,2025-04-08
12889368,2025-04-08
12890665,2025-04-10
12891089,2025-04-09
12891665,2025-04-09
12891787,2025-04-09
12891868,2025-04-09
12891942,2025-04-09
12892025,2025-04-09
12892582,2025-04-09
12892988,2025-04-09
12893113,2025-04-09
12893156,2025-04-09
12893175,2025-04-09
12893328,2025-04-09
12893516,2025-04-09
12893585,2025-04-09
12894098,2025-04-09
12894213,2025-04-09
12894232,2025-04-09
12894256,2025-04-09
12894907,2025-04-09
12895197,2025-04-09
12895694,2025-04-09
12896193,2025-04-09
12896230,2025-04-09
12896400,2025-04-09
12896585,2025-04-09
12897182,2025-04-09
12897923,2025-04-09
12900691,2025-04-09
12900882,2025-04-09
12901554,2025-04-09
12901584,2025-04-09
12902616,2025-04-09
12903250,2025-04-09
12903680,2025-04-09
12904015,2025-04-09
12904387,2025-04-09
12904844,2025-04-09
12905112,2025-04-09
12905185,2025-04-09
12906048,2025-04-09
12906068,2025-04-09
12906296,2025-04-09
12906436,2025-04-09
12907232,2025-04-09
12907669,2025-04-09
12908761,2025-04-10
12909215,2025-04-10
12910209,2025-04-10
12911387,2025-04-10
12911598,2025-04-10
12911620,2025-04-10
12911678,2025-04-10
12913575,2025-04-10
12913690,2025-04-10
12914028,2025-04-10
12914219,2025-04-10
12914599,2025-04-10
12914952,2025-04-10
12914956,2025-04-10
12914983,2025-04-10
12915076,2025-04-10
12915184,2025-04-10
12915348,2025-04-10
12915382,2025-04-10
12916141,2025-04-10
12916808,2025-04-10
12918299,2025-04-10
12919024,2025-04-10
12919145,2025-04-10
12919298,2025-04-10
12919326,2025-04-10
12919341,2025-04-10
12919697,2025-04-10
12919711,2025-04-10
12920815,2025-04-10
12921498,2025-04-11
12921843,2025-04-11
12923789,2025-04-10
12926108,2025-04-10
12926203,2025-04-10
12926204,2025-04-10
12926560,2025-04-10
12926616,2025-04-10
12926644,2025-04-10
12926799,2025-04-10
12927050,2025-04-10
12927106,2025-04-10
12927173,2025-04-10
12927918,2025-04-10
12927952,2025-04-10
12928139,2025-04-10
12929720,2025-04-11
12930367,2025-04-10
12930558,2025-04-10
12931186,2025-03-09
12932971,2025-04-11
12933864,2025-04-11
12934311,2025-04-11
12935562,2025-04-11
12935708,2025-04-11
12935740,2025-04-11
12936486,2025-04-11
12937879,2025-04-11
12938583,2025-04-11
12938743,2025-04-11
12938870,2025-04-11
12939517,2025-04-11
12939519,2025-04-11
12939606,2025-04-11
12939750,2025-04-11
12939976,2025-04-11
12940141,2025-04-11
12940155,2025-04-11
12940236,2025-04-11
12940423,2025-04-12
12940720,2025-04-12
12940751,2025-04-11
12941159,2025-04-11
12943398,2025-04-11
12943796,2025-04-11
12943952,2025-04-11
12944601,2025-04-11
12944652,2025-04-11
12944672,2025-04-11
12945151,2025-04-11
12945278,2025-04-11
12945552,2025-04-11
12947362,2025-04-12
12948654,2025-04-11
12948816,2025-04-11
12948892,2025-04-11
12948920,2025-04-11
12950205,2025-04-11
12950277,2025-04-11
12951368,2025-04-12
12951680,2025-04-12
12952022,2025-04-12
12952207,2025-04-12
12952242,2025-04-12
12952415,2025-04-12
12952933,2025-04-12
12953649,2025-04-12
12953706,2025-04-12
12953873,2025-04-12
12954254,2025-04-12
12954260,2025-04-12
12954362,2025-04-12
12954617,2025-04-12
12954757,2025-04-12
12954817,2025-04-12
12954865,2025-04-12
12955047,2025-04-12
12955567,2025-04-12
12955596,2025-04-12
12955598,2025-04-12
12956122,2025-04-12
12956363,2025-04-12
12956673,2025-04-12
12957029,2025-04-12
12957083,2025-04-12
12957753,2025-04-13
12957999,2025-04-13
12958749,2025-04-12
12959217,2025-04-13
12960122,2025-04-13
12960429,2025-04-13
12960740,2025-04-13
12960937,2025-04-13
12960957,2025-04-13
12961613,2025-04-13
12962346,2025-04-13
12963131,2025-04-10
12963212,2025-04-13
12963301,2025-04-13
12963550,2025-04-13
12964484,2025-04-13
12964995,2025-04-13
12965157,2025-04-13
12965672,2025-04-13
12965935,2025-04-13
12966148,2025-04-13
12966615,2025-04-13
12967036,2025-04-14
12967217,2025-04-14
12967870,2025-04-14
12967912,2025-04-14
12967929,2025-04-14
12967984,2025-04-14
12968404,2025-04-14
12968688,2025-04-14
12968756,2025-04-14
12969176,2025-04-15
12969400,2025-04-15
12969454,2025-04-15
12970402,2025-04-15
12971306,2025-04-14
12971817,2025-04-14
12972360,2025-04-14
12973003,2025-04-14
12973049,2025-04-15
12973514,2025-04-15
12974434,2025-04-15
12974549,2025-04-15
12974691,2025-04-15
12975545,2025-04-15
12976006,2025-04-14
12976720,2025-04-14
12977056,2025-04-14
12977702,2025-04-14
12977755,2025-04-14
12977803,2025-04-14
12978494,2025-04-14
12978889,2025-04-14
12979606,2025-04-14
12979614,2025-04-14
12979675,2025-04-14
12979699,2025-04-14
12981706,2025-04-14
12982485,2025-04-14
12982992,2025-04-15
12984855,2025-04-14
12984871,2025-04-14
12986242,2025-04-14
12986258,2025-04-14
12986830,2025-04-14
12987089,2025-04-14
12987098,2025-04-14
12987157,2025-04-14
12987362,2025-04-14
12987553,2025-04-14
12988293,2025-04-14
12988354,2025-04-14
12988528,2025-04-14
12988554,2025-04-14
12988558,2025-04-14
12989019,2025-04-15
12989082,2025-04-14
12989098,2025-04-14
12989800,2025-04-15
12990852,2025-04-15
12990934,2025-04-15
12991353,2025-04-15
12991787,2025-04-15
12992186,2025-04-15
12992472,2025-04-15
12992642,2025-04-15
12992837,2025-04-15
12993016,2025-04-15
12993616,2025-04-15
12993711,2025-04-15
12994262,2025-04-15
12994761,2025-04-15
12994982,2025-04-15
12995052,2025-04-15
12995119,2025-04-15
12995242,2025-04-15
12995305,2025-04-15
12995409,2025-04-15
12995666,2025-04-15
12996276,2025-04-16
12997151,2025-04-15
12997252,2025-04-15
12998442,2025-04-16
12998613,2025-04-16
12998971,2025-04-16
12999409,2025-04-16
12999656,2025-04-16
12999802,2025-04-16
13000706,2025-04-16
13001296,2025-04-16
13002677,2025-04-15
13003676,2025-04-15
13003781,2025-04-15
13003801,2025-04-15
13003848,2025-04-15
13004154,2025-04-15
13004264,2025-04-15
13004721,2025-04-15
13004811,2025-04-15
13005074,2025-04-15
13005210,2025-04-15
13005228,2025-04-15
13008102,2025-04-15
13008242,2025-04-15
13009020,2025-04-15
13009481,2025-04-15
13011401,2025-04-16
13012624,2025-04-16
13013009,2025-04-16
13013620,2025-04-16
13013796,2025-04-16
13014100,2025-04-17
13014253,2025-04-16
13014301,2025-04-16
13014387,2025-04-16
13014638,2025-04-17
13014677,2025-04-16
13015992,2025-04-16
13016191,2025-04-16
13016738,2025-04-16
13016909,2025-04-16
13016999,2025-04-17
13017402,2025-04-16
13017733,2025-04-17
13017754,2025-04-16
13017814,2025-04-17
13018035,2025-04-17
13018265,2025-04-16
13019197,2025-04-16
13019887,2025-04-16
13020392,2025-04-16
13020618,2025-04-16
13021259,2025-04-16
13021472,2025-04-16
13021504,2025-04-16
13021702,2025-04-16
13021766,2025-04-16
13022457,2025-04-16
13022839,2025-04-17
13023981,2025-04-16
13024781,2025-04-16
13024910,2025-04-16
13025023,2025-04-16
13025357,2025-04-16
13025360,2025-04-16
13025675,2025-04-16
13026297,2025-04-16
13026506,2025-04-16
13026566,2025-04-16
13026713,2025-04-16
13026733,2025-04-16
13026790,2025-04-16
13026836,2025-04-16
13026842,2025-04-16
13026913,2025-04-16
13026922,2025-04-16
13027230,2025-04-16
13027316,2025-04-16
13027323,2025-04-16
13028294,2025-04-16
13028463,2025-04-16
13029475,2025-04-17
13029681,2025-04-17
13030026,2025-04-17
13030913,2025-04-17
13030964,2025-04-17
13031105,2025-04-17
13031183,2025-04-17
13031797,2025-04-17
13032179,2025-04-17
13032252,2025-04-17
13032549,2025-04-18
13033339,2025-04-17
13033877,2025-04-17
13034587,2025-04-17
13035658,2025-04-17
13035709,2025-04-17
13035774,2025-04-17
13036020,2025-04-17
13036547,2025-04-17
13037372,2025-04-18
13037437,2025-04-18
13037692,2025-04-17
13038731,2025-04-17
13038732,2025-04-17
13038959,2025-04-17
13039245,2025-04-17
13040401,2025-04-17
13041280,2025-04-18
13041575,2025-04-18
13042728,2025-04-18
13044258,2025-04-17
13044423,2025-04-17
13044490,2025-04-17
13044745,2025-04-17
13045018,2025-04-17
13045275,2025-04-17
13045391,2025-04-17
13045537,2025-04-17
13045623,2025-04-17
13045968,2025-04-17
13046297,2025-04-17
13047145,2025-04-17
13047752,2025-04-17
13048341,2025-04-17
13048892,2025-04-18
13049527,2025-04-18
13049783,2025-04-18
13049880,2025-04-18
13049903,2025-04-17
13050244,2025-04-17
13050628,2025-04-17
13051089,2025-04-17
13051151,2025-04-17
13051715,2025-04-17
13051725,2025-04-17
13051951,2025-04-17
13051977,2025-04-17
13052011,2025-04-17
13053467,2025-04-18
13053568,2025-04-18
13053601,2025-04-18
13053994,2025-04-18
13054053,2025-04-18
13054185,2025-04-18
13054327,2025-04-18
13054336,2025-04-18
13054444,2025-04-17
13055045,2025-04-18
13055355,2025-04-18
13055801,2025-04-18
13055854,2025-04-18
13056601,2025-04-18
13057078,2025-04-18
13057520,2025-04-18
13058012,2025-04-18
13058814,2025-04-18
13058998,2025-04-18
13059117,2025-04-18
13059433,2025-04-18
13059464,2025-04-18
13060639,2025-04-18
13060829,2025-04-18
13061441,2025-04-18
13062813,2025-04-18
13064864,2025-04-18
13064875,2025-04-19
13065169,2025-04-18
13065292,2025-04-18
13065405,2025-04-19
13065459,2025-04-18
13065473,2025-04-18
13065693,2025-04-18
13066320,2025-04-19
13066543,2025-04-19
13067671,2025-04-19
13067705,2025-04-19
13067724,2025-04-19
13068263,2025-04-20
13068335,2025-04-19
13068766,2025-04-19
13069001,2025-04-19
13069173,2025-04-19
13069207,2025-04-19
13069536,2025-04-19
13069557,2025-04-19
13069936,2025-04-19
13070093,2025-04-19
13070257,2025-04-19
13070656,2025-04-19
13070665,2025-04-19
13070674,2025-04-19
13070906,2025-04-20
13070959,2025-04-20
13071027,2025-04-19
13071229,2025-04-19
13071262,2025-04-19
13071334,2025-04-19
13071361,2025-04-19
13071391,2025-04-19
13071522,2025-04-19
13071544,2025-04-19
13071776,2025-04-19
13071875,2025-04-19
13072087,2025-04-19
13072177,2025-04-19
13072217,2025-04-19
13072237,2025-04-19
13072976,2025-04-19
13073137,2025-04-19
13073489,2025-04-19
13073872,2025-04-19
13074073,2025-04-19
13076487,2025-04-20
13076923,2025-04-20
13077856,2025-04-21
13078022,2025-04-21
13078034,2025-04-21
13078058,2025-04-21
13078137,2025-04-21
13078334,2025-04-21
13078893,2025-04-21
13080163,2025-04-21
13080318,2025-04-21
13080495,2025-04-21
13080621,2025-04-20
13080690,2025-04-21
13081518,2025-04-21
13081818,2025-04-21
13082297,2025-04-21
13082835,2025-04-20
13083024,2025-04-20
13083151,2025-04-20
13083333,2025-04-20
13083427,2025-04-20
13083955,2025-04-20
13084764,2025-04-20
13084892,2025-04-20
13085207,2025-04-20
13085826,2025-04-20
13085909,2025-04-20
13086134,2025-04-20
13086206,2025-04-20
13086769,2025-04-20
13086803,2025-04-20
13086972,2025-04-20
13087236,2025-04-20
13088162,2025-04-21
13088322,2025-04-21
13088593,2025-04-21
13088622,2025-04-21
13089060,2025-04-22
13089441,2025-04-22
13089634,2025-04-22
13091434,2025-04-21
13091720,2025-04-21
13093587,2025-04-21
13093830,2025-04-21
13094174,2025-04-21
13094262,2025-04-21
13094697,2025-04-21
13095119,2025-04-21
13095284,2025-04-21
13095313,2025-04-21
13095440,2025-04-21
13095565,2025-04-21
13095571,2025-04-21
13095593,2025-04-21
13095670,2025-04-21
13096281,2025-04-21
13096422,2025-04-21
13096770,2025-04-21
13096912,2025-04-21
13096982,2025-04-21
13096994,2025-04-21
13097176,2025-04-21
13097362,2025-04-21
13098116,2025-04-21
13098257,2025-04-21
13099013,2025-04-21
13099107,2025-04-21
13099980,2025-04-21
13100050,2025-04-21
13100190,2025-04-21
13100575,2025-04-21
13101254,2025-04-21
13101278,2025-04-21
13101422,2025-04-21
13101728,2025-04-21
13101742,2025-04-21
13102370,2025-04-22
13102902,2025-04-22
13102954,2025-04-22
13103065,2025-04-22
13103449,2025-04-22
13103535,2025-04-22
13103578,2025-04-22
13103951,2025-04-22
13104584,2025-04-22
13107176,2025-04-22
13107524,2025-04-23
13108005,2025-04-22
13109324,2025-04-23
13109900,2025-04-23
13110759,2025-04-23
13110960,2025-04-23
13111022,2025-04-23
13111307,2025-04-23
13111332,2025-04-23
13111526,2025-04-22
13111676,2025-04-23
13111793,2025-04-23
13112003,2025-04-22
13112161,2025-04-22
13112478,2025-04-22
13112975,2025-04-22
13112995,2025-04-22
13113335,2025-04-22
13113424,2025-04-22
13114940,2025-04-22
13115323,2025-04-22
13116261,2025-04-23
13116348,2025-04-22
13116732,2025-04-22
13116986,2025-04-22
13117223,2025-04-22
13117327,2025-04-22
13117604,2025-04-22
13118447,2025-04-23
13118770,2025-04-22
13119003,2025-04-22
13119157,2025-04-22
13119728,2025-04-22
13119800,2025-04-22
13122441,2025-04-23
13124613,2025-04-22
13125406,2025-04-22
13125746,2025-04-22
13126000,2025-04-22
13126182,2025-04-22
13126600,2025-04-22
13127440,2025-04-22
13128345,2025-04-22
13128661,2025-04-22
13128787,2025-04-22
13129118,2025-04-23
13129271,2025-04-23
13130334,2025-04-24
13130340,2025-04-24
13130422,2025-04-24
13130433,2025-04-24
13131123,2025-04-24
13131233,2025-04-23
13131257,2025-04-24
13131458,2025-04-17
13131736,2025-04-23
13132728,2025-04-23
13133482,2025-04-23
13134190,2025-04-23
13134277,2025-04-23
13134523,2025-04-23
13134632,2025-04-23
13135083,2025-04-23
13135254,2025-04-23
13135681,2025-04-23
13135806,2025-04-23
13136300,2025-04-23
13136749,2025-04-24
13136773,2025-04-24
13138621,2025-04-23
13139393,2025-04-23
13139514,2025-04-23
13140041,2025-04-23
13140142,2025-04-23
13140637,2025-04-23
13140935,2025-04-17
13140973,2025-04-23
13141029,2025-04-23
13141728,2025-04-23
13141953,2025-04-23
13142663,2025-04-23
13142737,2025-04-23
13143266,2025-04-23
13143461,2025-04-23
13143471,2025-04-23
13143685,2025-04-23
13143978,2025-04-24
13144276,2025-04-24
13144521,2025-04-24
13145378,2025-04-24
13146466,2025-04-24
13146682,2025-04-23
13147517,2025-04-23
13148150,2025-04-24
13148326,2025-04-25
13148383,2025-04-25
13149252,2025-04-24
13149372,2025-04-24
13149691,2025-04-24
13149954,2025-04-24
13150050,2025-04-24
13150411,2025-04-24
13150443,2025-04-24
13150905,2025-04-25
13152108,2025-04-24
13152655,2025-04-24
13153225,2025-04-24
13153377,2025-04-24
13153383,2025-04-24
13153702,2025-04-24
13154438,2025-04-24
13154494,2025-04-24
13154696,2025-04-24
13154762,2025-04-24
13156018,2025-04-19
13156919,2025-04-24
13156940,2025-04-24
13157019,2025-04-24
13157020,2025-04-24
13157685,2025-04-24
13158391,2025-04-24
13158736,2025-04-24
13158830,2025-04-25
13159723,2025-04-24
13159829,2025-04-24
13160260,2025-04-24
13160755,2025-04-24
13161080,2025-04-24
13161855,2025-04-24
13162591,2025-04-24
13162679,2025-04-24
13162733,2025-04-24
13162892,2025-04-24
13163142,2025-04-24
13163313,2025-04-25
13165927,2025-04-24
13166174,2025-04-24
13166182,2025-04-24
13168343,2025-04-25
13170203,2025-04-25
13170868,2025-04-25
13172690,2025-04-25
13173419,2025-04-25
13173698,2025-04-25
13173811,2025-04-25
13174384,2025-04-25
13174590,2025-04-25
13174645,2025-04-26
13174668,2025-04-25
13174834,2025-04-25
13174962,2025-04-25
13174987,2025-04-25
13175432,2025-04-26
13175730,2025-04-25
13176315,2025-04-25
13176760,2025-04-25
13176821,2025-04-26
13177861,2025-04-25
13177912,2025-04-25
13177926,2025-04-25
13178127,2025-04-25
13178402,2025-04-26
13178427,2025-04-25
13178613,2025-04-25
13178785,2025-04-25
13178844,2025-04-25
13178865,2025-04-25
13179030,2025-04-25
13179727,2025-04-25
13181192,2025-04-25
13181668,2025-04-25
13181894,2025-04-25
13182023,2025-04-25
13182346,2025-04-25
13182389,2025-04-25
13183009,2025-04-26
13183128,2025-04-22
13183789,2025-04-26
13183948,2025-04-25
13184381,2025-04-25
13184786,2025-04-25
13184840,2025-04-25
13185044,2025-04-25
13185279,2025-04-26
13185297,2025-04-25
13188811,2025-04-25
13189626,2025-04-25
13189684,2025-04-25
13189957,2025-04-25
13190198,2025-04-25
13190684,2025-04-26
13192080,2025-04-26
13192752,2025-04-26
13192890,2025-04-26
13193239,2025-04-26
13193563,2025-04-26
13193629,2025-04-26
13193910,2025-04-26
13194300,2025-04-26
13194455,2025-04-27
13194474,2025-04-26
13194977,2025-04-26
13195016,2025-04-26
13195039,2025-04-26
13195127,2025-04-27
13195465,2025-04-26
13196025,2025-04-26
13196360,2025-04-26
13196648,2025-04-26
13196758,2025-04-26
13199122,2025-04-27
13199615,2025-04-27
13200738,2025-04-27
13200768,2025-04-28
13200879,2025-04-27
13200881,2025-04-27
13201156,2025-04-27
13201366,2025-04-27
13201414,2025-04-27
13201534,2025-04-27
13201915,2025-04-28
13202359,2025-04-28
13202686,2025-04-27
13203037,2025-04-27
13203250,2025-04-27
13203971,2025-04-27
13204013,2025-04-27
13204107,2025-04-27
13204167,2025-04-27
13204287,2025-04-27
13205137,2025-04-27
13205903,2025-04-28
13206177,2025-04-27
13206181,2025-04-27
13206612,2025-04-28
13206949,2025-04-28
13207660,2025-04-28
13207852,2025-04-28
13208033,2025-04-28
13208964,2025-04-28
13208988,2025-04-29
13209411,2025-04-28
13209456,2025-04-28
13209732,2025-04-29
13210013,2025-04-28
13210180,2025-04-28
13210374,2025-04-28
13210973,2025-04-28
13210984,2025-04-28
13211264,2025-04-28
13211294,2025-04-28
13211478,2025-04-28
13211535,2025-04-28
13212134,2025-04-28
13212978,2025-04-28
13212995,2025-04-28
13213029,2025-04-28
13213738,2025-04-28
13214257,2025-04-28
13214397,2025-04-28
13214434,2025-04-28
13214510,2025-04-28
13215264,2025-04-28
13215306,2025-04-28
13216097,2025-04-28
13216150,2025-04-29
13216656,2025-04-28
13217318,2025-04-28
13217913,2025-04-28
13218070,2025-04-28
13218372,2025-04-28
13218388,2025-04-28
13218723,2025-04-28
13218737,2025-04-28
13218800,2025-04-28
13218993,2025-04-28
13219636,2025-04-28
13219865,2025-04-28
13220222,2025-04-28
13220796,2025-04-28
13220923,2025-04-28
13220933,2025-04-28
13221034,2025-04-28
13221371,2025-04-28
13221689,2025-04-28
13221786,2025-04-28
13221862,2025-04-29
13221914,2025-04-28
13221917,2025-04-28
13222081,2025-04-28
13222637,2025-04-29
13223057,2025-04-28
13223064,2025-04-28
13223131,2025-04-28
13226626,2025-04-28
13226752,2025-04-28
13227206,2025-04-29
13228347,2025-04-29
13228468,2025-04-29
13229156,2025-04-29
13229406,2025-04-29
13229450,2025-04-29
13229983,2025-04-29
13230521,2025-04-29
13230954,2025-04-29
13231061,2025-04-29
13231233,2025-04-29
13231263,2025-04-29
13231282,2025-04-29
13232311,2025-04-29
13232452,2025-04-29
13232474,2025-04-29
13232491,2025-04-29
13232684,2025-04-29
13233001,2025-04-29
13233062,2025-04-29
13233127,2025-04-29
13233462,2025-04-29
13233568,2025-04-29
13233610,2025-04-29
13233660,2025-04-29
13234592,2025-04-29
13235396,2025-04-29
13235483,2025-04-29
13235587,2025-04-29
13236083,2025-04-29
13236131,2025-04-29
13236213,2025-04-29
13236338,2025-04-29
13236573,2025-04-29
13236857,2025-04-29
13237089,2025-04-29
13237229,2025-04-29
13237304,2025-04-29
13237308,2025-04-29
13237323,2025-04-29
13237418,2025-04-29
13237423,2025-04-29
13238094,2025-04-29
13238863,2025-04-29
13239026,2025-04-29
13239331,2025-04-30
13239745,2025-04-30
13241058,2025-04-29
13241237,2025-04-29
13242140,2025-04-29
13242209,2025-04-29
13242487,2025-04-29
13242590,2025-04-29
13243003,2025-04-29
13243270,2025-04-29
13243449,2025-04-29
13243593,2025-04-29
13244033,2025-04-30
13244302,2025-04-29
13245208,2025-04-29
13245773,2025-04-30
13245847,2025-04-30
13245894,2025-04-30
13247883,2025-04-30
13249537,2025-04-29
13249553,2025-04-29
13249607,2025-04-29
13250402,2025-04-30
13250569,2025-04-30
13250583,2025-04-30
13250612,2025-04-30
13250623,2025-04-30
13250681,2025-04-30
13251012,2025-04-30
13252973,2025-04-30
13252985,2025-04-30
13253973,2025-04-30
13254054,2025-04-30
13255191,2025-04-30
13255872,2025-04-30
13256217,2025-05-01
13256591,2025-04-30
13256837,2025-04-30
13257248,2025-04-30
13258400,2025-04-30
13258523,2025-04-30
13258584,2025-04-30
13258836,2025-04-30
13258974,2025-05-01
13258995,2025-05-01
13260137,2025-04-30
13260265,2025-05-01
13260335,2025-05-01
13260381,2025-05-01
13261835,2025-04-30
13262648,2025-05-01
13262891,2025-05-01
13264669,2025-04-30
13267897,2025-04-30
13268835,2025-04-30
13270231,2025-04-30
13270413,2025-04-30
13270466,2025-04-30
13270485,2025-04-30
13270571,2025-04-30
13270594,2025-04-30
13270609,2025-04-30
13270618,2025-04-30
13270751,2025-04-30
13270774,2025-04-30
13271228,2025-04-30
13271230,2025-04-30
13271232,2025-05-01
13271290,2025-04-30
13271423,2025-04-30
13271890,2025-04-30
13272073,2025-04-30
13272430,2025-05-01
13273683,2025-05-02
13273961,2025-05-01
13274030,2025-05-02
13275284,2025-05-01
13275327,2025-05-01
13275585,2025-05-01
13276363,2025-05-01
13276603,2025-05-01
13276661,2025-05-01
13276735,2025-05-01
13276787,2025-05-01
13276899,2025-05-01
13277326,2025-05-01
13277447,2025-05-01
13277479,2025-05-01
13278470,2025-05-01
13278633,2025-05-01
13278731,2025-05-01
13278829,2025-05-01
13279139,2025-05-01
13279162,2025-05-01
13279165,2025-05-01
13280242,2025-05-01
13281721,2025-05-01
13281949,2025-05-02
13282587,2025-05-01
13283228,2025-05-01
13283867,2025-05-01
13284341,2025-05-01
13284356,2025-05-01
13284397,2025-05-01
13284485,2025-05-01
13285488,2025-05-01
13285809,2025-05-01
13286043,2025-05-02
13286361,2025-05-01
13286658,2025-05-01
13287695,2025-05-01
13287697,2025-05-01
13288389,2025-05-01
13288477,2025-05-01
13288544,2025-05-01
13288551,2025-05-01
13288717,2025-05-01
13288743,2025-05-01
13288825,2025-05-01
13288991,2025-05-01
13289015,2025-05-01
13289023,2025-05-01
13289960,2025-05-01
13290031,2025-05-02
13291642,2025-05-01
13291660,2025-05-01
13292138,2025-05-01
13292640,2025-05-01
13293792,2025-05-02
13293797,2025-05-02
13294032,2025-05-02
13295120,2025-05-02
13295775,2025-05-02
13295796,2025-05-02
13296083,2025-05-02
13296413,2025-05-02
13296588,2025-05-02
13296590,2025-05-02
13296715,2025-05-02
13296786,2025-05-02
13297110,2025-05-02
13297201,2025-05-02
13297825,2025-05-02
13297912,2025-05-02
13298065,2025-05-02
13298700,2025-05-03
13299437,2025-05-02
13300440,2025-05-02
13300935,2025-05-02
13300977,2025-05-02
13302127,2025-05-03
13302166,2025-05-02
13302296,2025-05-03
13302305,2025-05-02
13302616,2025-05-02
13302787,2025-05-02
13303472,2025-05-02
13304786,2025-05-02
13307483,2025-05-02
13307702,2025-05-02
13307795,2025-05-02
13308221,2025-05-02
13308427,2025-05-02
13308430,2025-05-02
13308972,2025-05-02
13309272,2025-05-02
13309419,2025-05-02
13309783,2025-05-02
13309818,2025-05-02
13309848,2025-05-02
13310329,2025-05-02
13310605,2025-05-02
13310827,2025-05-02
13312449,2025-05-02
13312607,2025-05-02
13312754,2025-05-02
13313479,2025-05-02
13314998,2025-05-03
13315370,2025-05-03
13315826,2025-05-03
13315969,2025-05-03
13316420,2025-05-04
13316500,2025-05-04
13317261,2025-05-03
13317639,2025-05-03
13317707,2025-05-03
13318148,2025-05-03
13318242,2025-05-03
13318290,2025-05-03
13318309,2025-05-03
13318818,2025-05-03
13318946,2025-05-03
13319022,2025-05-03
13319235,2025-05-03
13319529,2025-05-04
13319675,2025-05-04
13319796,2025-05-04
13319837,2025-05-04
13320025,2025-05-03
13320537,2025-05-03
13321731,2025-05-03
13322706,2025-05-04
13322833,2025-05-04
13323585,2025-05-04
13323635,2025-05-04
13323786,2025-05-04
13323969,2025-05-04
13324400,2025-05-04
13324906,2025-05-05
13325599,2025-05-04
13326047,2025-05-04
13326340,2025-05-05
13326445,2025-05-05
13327166,2025-05-04
13327251,2025-05-04
13327710,2025-05-04
13327780,2025-05-04
13327998,2025-05-04
13328204,2025-05-04
13329615,2025-05-04
13329644,2025-05-04
13330515,2025-05-05
13330606,2025-05-05
13330628,2025-05-05
13330658,2025-05-05
13330703,2025-05-05
13330756,2025-05-04
13330849,2025-05-04
13330899,2025-05-04
13331020,2025-05-04
13331023,2025-05-04
13331891,2025-05-05
13332571,2025-05-05
13332911,2025-05-05
13332912,2025-05-05
13333177,2025-05-05
13333287,2025-05-05
13333445,2025-05-05
13333655,2025-05-05
13333674,2025-05-05
13334360,2025-05-05
13334524,2025-05-06
13335032,2025-05-05
13335572,2025-05-05
13335706,2025-05-05
13335801,2025-05-05
13336035,2025-05-05
13337585,2025-05-06
13338054,2025-05-05
13338075,2025-05-05
13338491,2025-05-05
13338930,2025-05-05
13339534,2025-05-05
13339584,2025-05-05
13339886,2025-05-05
13339905,2025-05-05
13340496,2025-05-05
13340508,2025-05-05
13340807,2025-05-05
13340874,2025-05-05
13342368,2025-05-05
13344223,2025-05-06
13344426,2025-05-06
13344580,2025-05-06
13344609,2025-05-05
13345579,2025-05-05
13347186,2025-05-05
13347682,2025-05-05
13348143,2025-05-05
13348732,2025-05-05
13348980,2025-05-05
13349053,2025-05-05
13349491,2025-05-05
13349754,2025-05-05
13350307,2025-05-05
13350337,2025-05-05
13351575,2025-05-05
13351583,2025-05-05
13352070,2025-05-05
13352470,2025-05-06
13352691,2025-05-06
13352997,2025-05-06
13353289,2025-05-06
13353640,2025-05-06
13353705,2025-05-06
13354305,2025-05-06
13354485,2025-05-06
13355005,2025-05-06
13355067,2025-05-06
13356204,2025-05-07
13357022,2025-05-06
13357168,2025-05-06
13357175,2025-05-06
13357594,2025-05-07
13357711,2025-05-07
13358015,2025-05-07
13360880,2025-05-06
13361121,2025-05-06
13361666,2025-05-06
13361907,2025-05-06
13362823,2025-05-06
13363361,2025-05-07
13363528,2025-05-07
13364172,2025-05-07
13364188,2025-05-07
13364329,2025-05-07
13364389,2025-05-07
13364669,2025-05-06
13364779,2025-05-06
13365396,2025-05-06
13365751,2025-05-06
13366035,2025-05-06
13366336,2025-05-06
13366651,2025-05-06
13366666,2025-05-06
13367337,2025-05-06
13367385,2025-05-06
13367421,2025-05-06
13367633,2025-05-06
13369076,2025-05-06
13369643,2025-05-06
13370113,2025-05-06
13371449,2025-05-06
13372245,2025-05-06
13372260,2025-05-06
13372394,2025-05-06
13372482,2025-05-06
13372961,2025-05-06
13373284,2025-05-07
13373448,2025-05-06
13373745,2025-05-06
13373869,2025-05-07
13374635,2025-05-06
13374750,2025-05-06
13375041,2025-05-06
13375139,2025-05-06
13375170,2025-05-06
13375604,2025-05-06
13375664,2025-05-06
13375908,2025-05-06
13376313,2025-05-07
13376441,2025-05-07
13376664,2025-05-07
13376727,2025-05-07
13376869,2025-05-07
13377242,2025-05-07
13378028,2025-05-07
13378173,2025-05-07
13378196,2025-05-07
13378246,2025-05-07
13378325,2025-05-07
13378469,2025-05-07
13379098,2025-05-07
13379291,2025-05-07
13379303,2025-05-07
13379751,2025-05-07
13379839,2025-05-07
13380047,2025-05-07
13380392,2025-05-07
13381030,2025-05-07
13381588,2025-05-07
13382121,2025-05-08
13382133,2025-05-07
13382379,2025-05-07
13382458,2025-05-08
13382732,2025-05-08
13382745,2025-05-07
13382826,2025-05-07
13382836,2025-05-08
13383642,2025-05-07
13383650,2025-05-07
13383772,2025-05-07
13383873,2025-05-07
13384039,2025-05-08
13384116,2025-05-08
13385064,2025-05-08
13386111,2025-05-07
13386463,2025-05-07
13386801,2025-05-07
13387409,2025-05-06
13391533,2025-05-07
13392848,2025-05-07
13393210,2025-05-07
13393515,2025-05-07
13393694,2025-05-07
13394167,2025-05-07
13394169,2025-05-07
13394201,2025-05-07
13394337,2025-05-07
13394391,2025-05-07
13394450,2025-05-07
13394863,2025-05-07
13394986,2025-05-07
13395060,2025-05-07
13395208,2025-05-07
13396113,2025-05-07
13396746,2025-05-07
13396933,2025-05-07
13396991,2025-05-07
13397412,2025-05-07
13398424,2025-05-07
13399941,2025-05-08
13400078,2025-05-08
13400642,2025-05-08
13401668,2025-05-08
13401700,2025-05-08
13403024,2025-05-08
13403242,2025-05-08
13403994,2025-05-09
13404229,2025-05-09
13405662,2025-05-08
13405976,2025-05-09
13406758,2025-05-08
13406795,2025-05-08
13406803,2025-05-08
13406867,2025-05-08
13409131,2025-05-06
13409274,2025-05-08
13410510,2025-05-08
13411022,2025-05-08
13411299,2025-05-08
13411550,2025-05-08
13411762,2025-05-08
13412502,2025-05-08
13412975,2025-05-08
13413082,2025-05-08
13413372,2025-05-08
13413388,2025-05-08
13413458,2025-05-08
13413716,2025-05-08
13415259,2025-05-08
13415284,2025-05-08
13415376,2025-05-08
13416264,2025-05-08
13416369,2025-05-08
13416532,2025-05-08
13416635,2025-05-08
13417342,2025-05-08
13417741,2025-05-08
13418271,2025-05-08
13418489,2025-05-08
13418612,2025-05-09
13418762,2025-05-09
13418972,2025-05-08
13419038,2025-05-08
13419595,2025-05-09
13419650,2025-05-08
13419678,2025-05-08
13419685,2025-05-09
13419972,2025-05-09
13420190,2025-05-08
13420865,2025-05-09
13421604,2025-05-09
13421903,2025-05-09
13422030,2025-05-09
13422086,2025-05-09
13422120,2025-05-09
13423105,2025-05-10
13424489,2025-05-09
13424585,2025-05-09
13424606,2025-05-09
13424852,2025-05-09
13424972,2025-05-09
13425159,2025-05-09
13426253,2025-05-09
13426511,2025-05-10
13426722,2025-05-10
13427074,2025-05-09
13427465,2025-05-09
13427564,2025-05-09
13427680,2025-05-09
13427985,2025-05-09
13428121,2025-05-09
13428140,2025-05-09
13428314,2025-05-09
13428699,2025-05-09
13428846,2025-05-09
13429693,2025-05-09
13429772,2025-05-09
13429806,2025-05-09
13429896,2025-05-09
13430001,2025-05-09
13430343,2025-05-09
13430357,2025-05-09
13430433,2025-05-09
13430637,2025-05-10
13431023,2025-05-09
13431313,2025-05-09
13431367,2025-05-10
13432216,2025-05-09
13434975,2025-05-09
13435296,2025-05-09
13435356,2025-05-09
13435361,2025-05-09
13435724,2025-05-09
13437995,2025-05-06
13438227,2025-05-09
13438642,2025-05-09
13438812,2025-05-09
13438925,2025-05-09
13439816,2025-05-09
13440783,2025-05-10
13440882,2025-05-10
13440915,2025-05-10
13441326,2025-05-10
13441857,2025-05-10
13441940,2025-05-10
13442029,2025-05-10
13443222,2025-05-10
13443504,2025-05-10
13443550,2025-05-10
13443582,2025-05-10
13444117,2025-05-10
13444774,2025-05-11
13445084,2025-05-10
13445294,2025-05-10
13445802,2025-05-11
13446044,2025-05-11
13446458,2025-05-10
13447218,2025-05-10
13447305,2025-05-10
13447723,2025-05-10
13447822,2025-05-10
13447916,2025-05-10
13448520,2025-05-10
13449132,2025-05-11
13449438,2025-05-11
13449454,2025-05-11
13449504,2025-05-11
13449942,2025-05-11
13450225,2025-05-11
13450370,2025-05-11
13451109,2025-05-11
13451286,2025-05-11
13451806,2025-05-11
13451860,2025-05-11
13452029,2025-05-11
13452267,2025-05-12
13453151,2025-05-12
13453646,2025-05-11
13454025,2025-05-11
13454327,2025-05-11
13454605,2025-05-11
13454828,2025-05-11
13455358,2025-05-11
13455806,2025-05-11
13455865,2025-05-11
13456067,2025-05-11
13456138,2025-05-11
13457082,2025-05-12
13457323,2025-05-12
13457953,2025-05-13
13458165,2025-05-12
13458677,2025-05-12
13459110,2025-05-13
13459204,2025-05-12
13461951,2025-05-12
13462338,2025-05-12
13462629,2025-05-12
13462633,2025-05-12
13463026,2025-05-13
13463202,2025-05-13
13463283,2025-05-12
13463385,2025-05-13
13463467,2025-05-12
13463643,2025-05-12
13463944,2025-05-12
13464721,2025-05-12
13465304,2025-05-12
13465308,2025-05-12
13465504,2025-05-12
13465695,2025-05-12
13465966,2025-05-12
13466223,2025-05-12
13466726,2025-05-12
13466760,2025-05-12
13466916,2025-05-12
13467021,2025-05-12
13467108,2025-05-12
13467314,2025-05-12
13467449,2025-05-12
13467477,2025-05-12
13467543,2025-05-12
13467633,2025-05-12
13468318,2025-05-12
13468673,2025-05-12
13469398,2025-05-12
13469610,2025-05-12
13469667,2025-05-12
13469953,2025-05-12
13470066,2025-05-12
13470271,2025-05-12
13470953,2025-05-13
13471512,2025-05-13
13472038,2025-05-12
13472820,2025-05-12
13473036,2025-05-12
13473191,2025-05-12
13473311,2025-05-12
13473550,2025-05-12
13473679,2025-05-12
13473804,2025-05-12
13473844,2025-05-12
13474224,2025-05-12
13474801,2025-05-12
13475699,2025-05-13
13476675,2025-05-13
13477167,2025-05-13
13477476,2025-05-13
13477880,2025-05-13
13478241,2025-05-13
13478324,2025-05-13
13479046,2025-05-14
13480351,2025-05-13
13480368,2025-05-13
13480447,2025-05-13
13480545,2025-05-13
13480762,2025-05-13
13480905,2025-05-13
13481717,2025-05-14
13481806,2025-05-13
13481822,2025-05-14
13482144,2025-05-13
13483227,2025-05-13
13483742,2025-05-13
13485182,2025-05-13
13485218,2025-05-13
13485539,2025-05-13
13485548,2025-05-13
13485604,2025-05-13
13485816,2025-05-13
13485973,2025-05-13
13486212,2025-05-13
13486282,2025-05-13
13487081,2025-05-13
13487213,2025-05-13
13487248,2025-05-13
13487760,2025-05-13
13487791,2025-05-13
13487832,2025-05-13
13487840,2025-05-13
13487948,2025-05-13
13488116,2025-05-14
13488362,2025-05-13
13488578,2025-05-13
13489227,2025-05-13
13489750,2025-05-13
13490269,2025-05-13
13491278,2025-05-13
13492752,2025-05-13
13492807,2025-05-13
13493023,2025-05-13
13493352,2025-05-13
13493985,2025-05-13
13495067,2025-05-14
13495563,2025-05-14
13496294,2025-05-13
13496363,2025-05-13
13496656,2025-05-13
13497039,2025-05-14
13497571,2025-05-13
13497586,2025-05-13
13497671,2025-05-13
13497797,2025-05-13
13498023,2025-05-13
13498844,2025-05-14
13499162,2025-05-13
13499202,2025-05-13
13499812,2025-05-14
13499888,2025-05-14
13500017,2025-05-14
13500263,2025-05-14
13500274,2025-05-14
13501128,2025-05-14
13502024,2025-05-14
13502823,2025-05-14
13502942,2025-05-14
13503206,2025-05-13
13503323,2025-05-14
13503419,2025-05-14
13504088,2025-05-14
13504295,2025-05-14
13504776,2025-05-15
13505215,2025-05-14
13505252,2025-05-14
13505303,2025-05-14
13505422,2025-05-14
13505737,2025-05-14
13505754,2025-05-15
13505855,2025-05-14
13506417,2025-05-14
13506686,2025-05-14
13506738,2025-05-14
13506831,2025-05-14
13507206,2025-05-14
13507705,2025-05-14
13507760,2025-05-14
13507834,2025-05-14
13507987,2025-05-14
13508033,2025-05-14
13508195,2025-05-14
13508401,2025-05-14
13508470,2025-05-14
13510022,2025-05-14
13511373,2025-05-15
13512316,2025-05-15
13512580,2025-05-14
13513250,2025-05-14
13513740,2025-05-15
13514658,2025-05-14
13515279,2025-05-14
13515640,2025-05-15
13516317,2025-05-14
13516320,2025-05-14
13517224,2025-05-14
13517956,2025-05-14
13518238,2025-05-14
13518341,2025-05-14
13518605,2025-05-14
13519207,2025-05-15
13519356,2025-05-15
13519481,2025-05-14
13519686,2025-05-15
13519861,2025-05-14
13519996,2025-05-15
13520292,2025-05-15
13521973,2025-05-14
13522280,2025-05-16
13522847,2025-05-15
13523529,2025-05-15
13523627,2025-05-15
13523629,2025-05-15
13523729,2025-05-15
13523760,2025-05-15
13523899,2025-05-16
13524693,2025-05-15
13524722,2025-05-15
13525031,2025-05-15
13525127,2025-05-15
13525584,2025-05-15
13527219,2025-05-15
13528375,2025-05-15
13528423,2025-05-15
13528564,2025-05-15
13528575,2025-05-15
13528638,2025-05-15
13528898,2025-05-15
13529013,2025-05-15
13529305,2025-05-15
13529543,2025-05-16
13530242,2025-05-15
13530281,2025-05-15
13530360,2025-05-15
13531282,2025-05-15
13531838,2025-05-15
13532479,2025-05-15
13532772,2025-05-15
13533015,2025-05-15
13533141,2025-05-15
13533153,2025-05-15
13533262,2025-05-15
13534321,2025-05-15
13534787,2025-05-15
13534894,2025-05-15
13534921,2025-05-15
13534974,2025-05-15
13535175,2025-05-15
13535265,2025-05-15
13536716,2025-05-15
13537408,2025-05-15
13537577,2025-05-15
13537757,2025-05-15
13540937,2025-05-16
13543013,2025-05-15
13543160,2025-05-15
13543270,2025-05-15
13544548,2025-05-16
13544944,2025-05-16
13545364,2025-05-16
13545735,2025-05-16
13545869,2025-05-16
13545875,2025-05-16
13546023,2025-05-16
13546490,2025-05-16
13546595,2025-05-16
13547726,2025-05-16
13547860,2025-05-16
13548332,2025-05-16
13548579,2025-05-16
13549668,2025-05-16
13549774,2025-05-16
13550082,2025-05-16
13550165,2025-05-16
13550423,2025-05-16
13550504,2025-05-16
13551146,2025-05-16
13551834,2025-05-16
13552826,2025-05-16
13552840,2025-05-16
13552925,2025-05-16
13553045,2025-05-16
13553491,2025-05-17
13554622,2025-05-16
13554640,2025-05-16
13556611,2025-05-16
13557559,2025-05-17
13557607,2025-05-16
13557877,2025-05-17
13558125,2025-05-17
13559503,2025-05-16
13559639,2025-05-16
13560246,2025-05-16
13561252,2025-05-16
13562166,2025-05-16
13563422,2025-05-16
13563790,2025-05-16
13564137,2025-05-16
13565204,2025-05-17
13565621,2025-05-17
13565942,2025-05-17
13566245,2025-05-17
13566341,2025-05-17
13566781,2025-05-17
13567226,2025-05-17
13567527,2025-05-17
13567600,2025-05-17
13567917,2025-05-17
13569324,2025-05-17
13569402,2025-05-17
13570527,2025-05-17
13570662,2025-05-17
13571073,2025-05-17
13571990,2025-05-17
13572236,2025-05-17
13572291,2025-05-17
13572437,2025-05-17
13572442,2025-05-17
13572625,2025-05-17
13574221,2025-05-17
13574235,2025-05-17
13574296,2025-05-17
13574330,2025-05-17
13574837,2025-05-18
13575191,2025-05-18
13575348,2025-05-18
13575383,2025-05-18
13575717,2025-05-18
13575971,2025-05-18
13575993,2025-05-18
13576053,2025-05-18
13576060,2025-05-18
13576658,2025-05-19
13576703,2025-05-18
13576874,2025-05-18
13577298,2025-05-18
13577491,2025-05-18
13577712,2025-05-18
13577896,2025-05-18
13577924,2025-05-19
13578534,2025-05-18
13578550,2025-05-18
13578943,2025-05-18
13580095,2025-05-18
13580109,2025-05-18
13580134,2025-05-18
13582455,2025-05-19
13582683,2025-05-19
13582698,2025-05-19
13582914,2025-05-19
13583226,2025-05-20
13583425,2025-05-20
13583520,2025-05-20
13584517,2025-05-19
13584674,2025-05-19
13584769,2025-05-19
13585689,2025-05-19
13585914,2025-05-19
13586494,2025-05-19
13586861,2025-05-20
13587104,2025-05-19
13587109,2025-05-19
13587566,2025-05-17
13588626,2025-05-19
13589062,2025-05-19
13589251,2025-05-19
13590229,2025-05-19
13590881,2025-05-19
13590892,2025-05-19
13590945,2025-05-19
13590987,2025-05-19
13591004,2025-05-19
13591133,2025-05-19
13591179,2025-05-19
13591240,2025-05-19
13591502,2025-05-19
13592490,2025-05-19
13592502,2025-05-19
13592644,2025-05-19
13592729,2025-05-19
13592826,2025-05-19
13592930,2025-05-19
13593132,2025-05-20
13593214,2025-05-20
13593362,2025-05-20
13594131,2025-05-19
13595748,2025-05-20
13598609,2025-05-19
13599502,2025-05-19
13599987,2025-05-19
13600080,2025-05-19
13600183,2025-05-19
13603164,2025-05-19
13603169,2025-05-19
13603429,2025-05-20
13603505,2025-05-20
13603837,2025-05-20
13603848,2025-05-20
13604553,2025-05-20
13604607,2025-05-20
13605186,2025-05-20
13605228,2025-05-20
13605389,2025-05-20
13605591,2025-05-21
13605801,2025-05-20
13606087,2025-05-20
13607071,2025-05-20
13607767,2025-05-21
13607922,2025-05-21
13608102,2025-05-20
13608141,2025-05-21
13608165,2025-05-21
13608232,2025-05-20
13609302,2025-05-21
13609347,2025-05-21
13609660,2025-05-21
13610693,2025-05-21
13611296,2025-05-21
13611405,2025-05-21
13611957,2025-05-21
13612045,2025-05-21
13612192,2025-05-21
13612266,2025-05-21
13612423,2025-05-21
13612977,2025-05-20
13613230,2025-05-20
13614633,2025-05-20
13617482,2025-05-20
13617620,2025-05-20
13617745,2025-05-20
13618154,2025-05-21
13618183,2025-05-21
13619043,2025-05-21
13619155,2025-05-20
13620154,2025-05-20
13620255,2025-05-21
13621073,2025-05-21
13621123,2025-05-20
13621469,2025-05-20
13621498,2025-05-20
13621659,2025-05-20
13621829,2025-05-20
13621949,2025-05-20
13622465,2025-05-20
13623053,2025-05-20
13623509,2025-05-20
13623689,2025-05-20
13624196,2025-05-20
13624393,2025-05-20
13625702,2025-05-20
13625766,2025-05-20
13628006,2025-05-20
13628039,2025-05-20
13628389,2025-05-20
13628679,2025-05-20
13628826,2025-05-20
13629110,2025-05-20
13629166,2025-05-20
13629732,2025-05-21
13630558,2025-05-22
13630868,2025-05-21
13630962,2025-05-22
13631289,2025-05-21
13631359,2025-05-21
13631412,2025-05-22
13631430,2025-05-22
13632358,2025-05-21
13632794,2025-05-21
13633011,2025-05-21
13633028,2025-05-21
13633576,2025-05-21
13633606,2025-05-21
13633790,2025-05-21
13633984,2025-05-21
13634515,2025-05-21
13634611,2025-05-21
13635013,2025-05-21
13635237,2025-05-21
13635711,2025-05-21
13636127,2025-05-22
13636506,2025-05-22
13636764,2025-05-22
13636810,2025-05-22
13637455,2025-05-21
13637789,2025-05-21
13638126,2025-05-21
13638225,2025-05-21
13639366,2025-05-21
13639675,2025-05-21
13640088,2025-05-21
13640411,2025-05-21
13640772,2025-05-21
13640801,2025-05-21
13640972,2025-05-21
13641333,2025-05-21
13641848,2025-05-21
13642819,2025-05-21
13643253,2025-05-21
13643440,2025-05-21
13643451,2025-05-21
13643777,2025-05-21
13643864,2025-05-21
13644293,2025-05-21
13644425,2025-05-21
13644628,2025-05-21
13645222,2025-05-21
13645931,2025-05-22
13646390,2025-05-22
13647280,2025-05-21
13648115,2025-05-21
13648852,2025-05-21
13649700,2025-05-22
13649826,2025-05-21
13650320,2025-05-21
13650879,2025-05-22
13654510,2025-05-22
13655990,2025-05-22
13656679,2025-05-22
13656847,2025-05-22
13656895,2025-05-22
13656909,2025-05-22
13656912,2025-05-22
13656974,2025-05-22
13656980,2025-05-22
13657045,2025-05-22
13657124,2025-05-22
13657510,2025-05-22
13659085,2025-05-22
13659106,2025-05-22
13659178,2025-05-22
13659201,2025-05-22
13659371,2025-05-22
13659425,2025-05-22
13659446,2025-05-22
13659455,2025-05-22
13659493,2025-05-22
13659659,2025-05-22
13659730,2025-05-22
13659780,2025-05-22
13660876,2025-05-22
13660884,2025-05-22
13661239,2025-05-22
13661564,2025-05-22
13661689,2025-05-22
13662678,2025-05-22
13664335,2025-05-22
13664923,2025-05-23
13665621,2025-05-22
13667218,2025-05-22
13668109,2025-05-22
13668747,2025-05-22
13669624,2025-05-22
13669770,2025-05-22
13669780,2025-05-22
13669786,2025-05-22
13669815,2025-05-22
13669945,2025-05-22
13670050,2025-05-22
13670108,2025-05-22
13670208,2025-05-22
13670494,2025-05-22
13671598,2025-05-23
13671739,2025-05-23
13671758,2025-05-22
13671797,2025-05-22
13671844,2025-05-22
13671866,2025-05-23
13671947,2025-05-22
13672002,2025-05-22
13672003,2025-05-22
13672008,2025-05-22
13673735,2025-05-23
13673983,2025-05-23
13674005,2025-05-23
13675379,2025-05-23
13675620,2025-05-23
13675892,2025-05-23
13676098,2025-05-23
13676365,2025-05-23
13676990,2025-05-23
13677983,2025-05-23
13678878,2025-05-23
13679859,2025-05-23
13680023,2025-05-23
13680398,2025-05-23
13680531,2025-05-23
13680713,2025-05-23
13680721,2025-05-23
13680975,2025-05-23
13681039,2025-05-23
13681081,2025-05-23
13681171,2025-05-23
13681937,2025-05-23
13682215,2025-05-23
13682267,2025-05-23
13683070,2025-05-24
13683460,2025-05-24
13684527,2025-05-23
13684640,2025-05-23
13685162,2025-05-23
13685573,2025-05-23
13687723,2025-05-23
13687752,2025-05-23
13687871,2025-05-23
13688041,2025-05-23
13688116,2025-05-23
13688268,2025-05-23
13688437,2025-05-23
13688585,2025-05-23
13688698,2025-05-23
13688861,2025-05-23
13689194,2025-05-23
13689196,2025-05-23
13689406,2025-05-23
13689750,2025-05-23
13689808,2025-05-23
13690105,2025-05-23
13690535,2025-05-23
13691371,2025-05-24
13691651,2025-05-24
13691832,2025-05-24
13692716,2025-05-23
13692989,2025-05-23
13693062,2025-05-23
13693154,2025-05-23
13694156,2025-05-24
13694169,2025-05-24
13694197,2025-05-24
13694439,2025-05-24
13694492,2025-05-24
13695007,2025-05-24
13695160,2025-05-24
13695493,2025-05-24
13696007,2025-05-24
13696568,2025-05-24
13696632,2025-05-24
13696747,2025-05-24
13696796,2025-05-24
13696816,2025-05-24
13696904,2025-05-25
13696969,2025-05-25
13697021,2025-05-25
13697376,2025-05-24
13697428,2025-05-24
13697481,2025-05-24
13697884,2025-05-24
13699192,2025-05-24
13699928,2025-05-24
13699991,2025-05-24
13700115,2025-05-24
13700194,2025-05-24
13700208,2025-05-24
13700421,2025-05-25
13700940,2025-05-24
13702176,2025-05-24
13702680,2025-05-25
13702733,2025-05-25
13702767,2025-05-25
13702771,2025-05-25
13703469,2025-05-25
13703710,2025-05-25
13704073,2025-05-25
13704074,2025-05-25
13704366,2025-05-26
13704601,2025-05-26
13704911,2025-05-25
13704920,2025-05-25
13705005,2025-05-25
13705434,2025-05-25
13705483,2025-05-25
13705520,2025-05-25
13707061,2025-05-25
13707088,2025-05-25
13707515,2025-05-25
13708169,2025-05-25
13708285,2025-05-25
13708292,2025-05-25
13708356,2025-05-25
13708846,2025-05-25
13709271,2025-05-26
13709529,2025-05-26
13709696,2025-05-26
13710045,2025-05-26
13710691,2025-05-26
13711059,2025-05-26
13711633,2025-05-26
13712245,2025-05-27
13712289,2025-05-27
13712963,2025-05-26
13713305,2025-05-26
13713342,2025-05-26
13713515,2025-05-27
13715817,2025-05-26
13716604,2025-05-27
13716720,2025-05-27
13718101,2025-05-27
13718355,2025-05-26
13719378,2025-05-26
13719633,2025-05-26
13720599,2025-05-26
13720702,2025-05-26
13720748,2025-05-26
13721346,2025-05-26
13721641,2025-05-26
13721883,2025-05-26
13721888,2025-05-27
13722483,2025-05-26
13722693,2025-05-26
13722953,2025-05-26
13724127,2025-05-26
13724681,2025-05-26
13724792,2025-05-26
13725035,2025-05-26
13725685,2025-05-25
13726043,2025-05-26
13726134,2025-05-26
13726873,2025-05-26
13727211,2025-05-26
13727456,2025-05-26
13728256,2025-05-26
13728703,2025-05-27
13729388,2025-05-28
13731984,2025-05-27
13732167,2025-05-27
13732381,2025-05-27
13732509,2025-05-27
13732760,2025-05-27
13732769,2025-05-27
13732779,2025-05-27
13733382,2025-05-27
13733710,2025-05-27
13734611,2025-05-28
13735421,2025-05-27
13735786,2025-05-27
13735870,2025-05-28
13735880,2025-05-27
13735947,2025-05-27
13736103,2025-05-27
13736409,2025-05-27
13738247,2025-05-27
13738309,2025-05-27
13738474,2025-05-27
13738756,2025-05-27
13738874,2025-05-27
13739185,2025-05-27
13739893,2025-05-27
13740330,2025-05-28
13740949,2025-05-27
13741196,2025-05-28
13741197,2025-05-28
13742200,2025-05-27
13742381,2025-05-27
13742783,2025-05-29
13742918,2025-05-29
13743545,2025-05-29
13743733,2025-05-29
13743959,2025-05-29
13744186,2025-05-29
13744292,2025-05-28
13744374,2025-05-28
13744622,2025-05-28
13744632,2025-05-28
13744971,2025-05-28
13744997,2025-05-28
13745163,2025-05-28
13745194,2025-05-28
13745210,2025-05-28
13745290,2025-05-28
13745818,2025-05-28
13746082,2025-05-28
13746381,2025-05-28
13746461,2025-05-28
13746467,2025-05-28
13746914,2025-05-28
13747092,2025-05-28
13747183,2025-05-28
13747351,2025-05-28
13747835,2025-05-28
13747884,2025-05-28
13748064,2025-05-28
13749058,2025-05-28
13749202,2025-05-28
13749292,2025-05-28
13749310,2025-05-28
13750257,2025-05-28
13750318,2025-05-28
13750609,2025-05-28
13751467,2025-05-28
13751579,2025-05-28
13751698,2025-05-28
13751951,2025-05-28
13752174,2025-05-28
13752472,2025-05-28
13752582,2025-05-28
13752882,2025-05-28
13752995,2025-05-28
13753217,2025-05-28
13753301,2025-05-28
13753484,2025-05-28
13753855,2025-05-28
13754025,2025-05-28
13754445,2025-05-28
13754451,2025-05-28
13754620,2025-05-28
13754638,2025-05-28
13754860,2025-05-28
13755313,2025-05-28
13755356,2025-05-28
13755681,2025-05-28
13756421,2025-05-28
13757123,2025-05-28
13757377,2025-05-28
13758160,2025-05-28
13758392,2025-05-28
13758438,2025-05-28
13759362,2025-05-28
13759489,2025-05-28
13759634,2025-05-28
13759781,2025-05-28
13759850,2025-05-28
13759942,2025-05-28
13760980,2025-05-27
13761653,2025-05-27
13762743,2025-05-27
13763316,2025-05-27
13763586,2025-05-27
13764156,2025-05-27
13764187,2025-05-27
13764771,2025-05-27
13765164,2025-05-27
13765245,2025-05-27
13765343,2025-05-27
13765660,2025-05-27
13765825,2025-05-27
13766034,2025-05-27
13766779,2025-05-27
13768403,2025-05-29
13769055,2025-05-29
13774041,2025-05-28
13774180,2025-05-29
13775123,2025-05-30
13775583,2025-05-30
13775763,2025-05-30
13776712,2025-05-30
13776740,2025-05-30
13776762,2025-05-30
13777181,2025-05-30
13777229,2025-05-30
13777330,2025-05-30
13777522,2025-05-30
13778105,2025-05-29
13778260,2025-05-30
13778848,2025-05-29
13778989,2025-05-29
13779624,2025-05-29
13779647,2025-05-29
13779706,2025-05-29
13780645,2025-05-29
13780818,2025-05-29
13780955,2025-05-29
13781307,2025-05-29
13781363,2025-05-29
13782149,2025-05-29
13782515,2025-05-29
13783215,2025-05-29
13783519,2025-05-29
13783557,2025-05-29
13784759,2025-05-29
13784814,2025-05-29
13785200,2025-05-29
13785347,2025-05-29
13785432,2025-05-29
13785925,2025-05-29
13785985,2025-05-29
13786356,2025-05-29
13786482,2025-05-29
13786846,2025-05-29
13787107,2025-05-29
13787607,2025-05-29
13788519,2025-05-29
13788994,2025-05-29
13790140,2025-05-29
13790226,2025-05-29
13790563,2025-05-29
13790964,2025-05-29
13790966,2025-05-29
13791973,2025-05-29
13793477,2025-05-29
13793530,2025-05-29
13794794,2025-05-29
13794948,2025-05-29
13794957,2025-05-29
13795098,2025-05-29
13795177,2025-05-29
13796398,2025-05-29
13796595,2025-05-29
13796662,2025-05-29
13796747,2025-05-29
13796956,2025-05-29
13797405,2025-05-30
13798268,2025-05-31
13798968,2025-05-31
13799376,2025-05-30
13801280,2025-05-30
13801326,2025-05-30
13802043,2025-05-30
13802125,2025-05-30
13802672,2025-05-30
13802978,2025-05-30
13803416,2025-05-30
13803923,2025-05-30
13804172,2025-05-30
13804417,2025-05-30
13804949,2025-05-30
13805273,2025-05-30
13805660,2025-05-30
13806169,2025-05-30
13806793,2025-05-30
13807658,2025-05-30
13808066,2025-05-30
13808096,2025-05-30
13808705,2025-05-30
13808806,2025-05-30
13809630,2025-05-30
13809768,2025-05-30
13809819,2025-05-30
13810149,2025-05-30
13810524,2025-05-30
13810525,2025-05-30
13810711,2025-05-30
13811636,2025-05-30
13811674,2025-05-30
13811791,2025-05-30
13812835,2025-05-30
13813679,2025-05-30
13813681,2025-05-30
13815122,2025-05-31
13816214,2025-05-30
13816327,2025-05-30
13816443,2025-05-30
13816587,2025-05-30
13816713,2025-05-30
13816783,2025-05-30
13817019,2025-05-30
13817067,2025-05-30
13817159,2025-05-30
13817186,2025-05-30
13817257,2025-05-30
13817529,2025-05-31
13818042,2025-05-31
13818178,2025-05-31
13818350,2025-05-31
13818455,2025-05-31
13818814,2025-05-31
13818951,2025-05-31
13819139,2025-05-31
13819275,2025-05-31
13819447,2025-05-31
13819704,2025-05-31
13819860,2025-05-31
13820484,2025-05-31
13821191,2025-05-31
13821226,2025-05-31
13821230,2025-05-31
13821255,2025-05-31
13821294,2025-05-31
13821342,2025-05-31
13821378,2025-05-31
13821441,2025-05-31
13821473,2025-05-31
13822773,2025-06-01
13823002,2025-06-01
13823161,2025-06-01
13823513,2025-06-01
13823936,2025-06-01
13824164,2025-05-31
13825388,2025-05-31
13825651,2025-06-01
13826319,2025-06-01
13826486,2025-06-01
13826491,2025-06-01
13826544,2025-05-31
13826605,2025-06-01
13826612,2025-05-31
13826678,2025-06-01
13826686,2025-06-01
13826784,2025-06-01
13827388,2025-05-31
13827465,2025-05-31
13827627,2025-05-31
13827706,2025-05-31
13828883,2025-06-01
13829978,2025-06-01
13830076,2025-06-01
13830156,2025-06-01
13830458,2025-06-01
13830594,2025-06-01
13831166,2025-06-01
13831281,2025-06-01
13831411,2025-06-01
13831431,2025-06-01
13831606,2025-06-01
13832096,2025-06-01
13832524,2025-06-01
13832563,2025-06-01
13832684,2025-06-01
13832753,2025-05-31
13832901,2025-06-02
13833353,2025-06-02
13833510,2025-06-01
13833561,2025-06-02
13834096,2025-06-01
13834187,2025-06-01
13834253,2025-06-01
13835470,2025-06-03
13835596,2025-06-03
13836493,2025-06-03
13838567,2025-06-02
13842535,2025-06-02
13843098,2025-06-02
13843558,2025-06-02
13844121,2025-06-02
13844193,2025-06-02
13844336,2025-06-02
13845114,2025-06-02
13845808,2025-06-02
13845821,2025-06-02
13846071,2025-06-02
13846392,2025-06-02
13846401,2025-06-02
13846573,2025-06-02
13846592,2025-06-02
13846686,2025-06-02
13847782,2025-06-02
13847988,2025-06-02
13848012,2025-06-02
13848145,2025-06-02
13848519,2025-06-02
13848603,2025-06-02
13848686,2025-06-02
13849188,2025-06-02
13849219,2025-06-02
13849393,2025-06-02
13849394,2025-06-02
13849591,2025-06-02
13849723,2025-06-02
13850231,2025-06-02
13850547,2025-06-02
13850962,2025-06-02
13851003,2025-06-02
13851153,2025-06-02
13851563,2025-06-02
13851638,2025-06-02
13851785,2025-06-02
13852419,2025-06-02
13852685,2025-06-02
13853066,2025-06-02
13853404,2025-06-02
13853479,2025-06-02
13853741,2025-06-02
13854148,2025-06-02
13854356,2025-06-03
13854904,2025-06-03
13854999,2025-06-03
13855043,2025-06-03
13855108,2025-06-02
13855783,2025-06-02
13855992,2025-06-03
13856034,2025-06-03
13856055,2025-06-03
13857061,2025-06-03
13857849,2025-06-04
13858579,2025-06-03
13860497,2025-06-03
13860864,2025-06-03
13861680,2025-06-03
13861757,2025-06-03
13861964,2025-06-03
13862095,2025-06-03
13862375,2025-06-03
13863329,2025-06-03
13863363,2025-06-03
13863743,2025-06-03
13863921,2025-06-03
13864074,2025-06-03
13864972,2025-06-03
13865124,2025-06-03
13865333,2025-06-03
13865437,2025-06-03
13865541,2025-06-03
13866721,2025-06-03
13866915,2025-06-03
13867907,2025-06-03
13867913,2025-06-03
13868006,2025-06-03
13868209,2025-06-03
13869545,2025-06-03
13869923,2025-06-03
13870152,2025-06-03
13871314,2025-06-03
13871811,2025-06-03
13871963,2025-06-03
13872285,2025-06-03
13872314,2025-06-03
13872373,2025-06-03
13872840,2025-06-03
13873025,2025-06-03
13873038,2025-06-03
13873072,2025-06-03
13873217,2025-06-03
13873639,2025-06-03
13873762,2025-06-04
13873934,2025-06-04
13873979,2025-06-04
13874061,2025-06-03
13874110,2025-06-04
13874634,2025-06-04
13874758,2025-06-04
13875695,2025-06-03
13875717,2025-06-03
13875755,2025-06-03
13875810,2025-06-03
13876470,2025-06-03
13876578,2025-06-03
13876763,2025-06-03
13876773,2025-06-03
13878800,2025-06-03
13880287,2025-06-05
13880643,2025-06-05
13880770,2025-06-05
13881306,2025-06-04
13881354,2025-06-05
13881467,2025-06-04
13881626,2025-06-05
13881824,2025-06-04
13882100,2025-06-04
13882332,2025-06-05
13882364,2025-06-04
13882365,2025-06-04
13882382,2025-06-04
13882532,2025-06-04
13882818,2025-06-04
13882865,2025-06-04
13883339,2025-06-04
13883385,2025-06-04
13883740,2025-06-04
13884511,2025-06-04
13884615,2025-06-04
13885840,2025-06-04
13886954,2025-06-04
13886999,2025-06-04
13887276,2025-06-04
13887315,2025-06-04
13887362,2025-06-04
13888084,2025-06-04
13888159,2025-06-04
13888181,2025-06-04
13888223,2025-06-04
13888316,2025-06-04
13888555,2025-06-04
13888685,2025-06-04
13889284,2025-06-04
13889761,2025-06-04
13889905,2025-06-04
13889909,2025-06-04
13890152,2025-06-04
13890435,2025-06-04
13890470,2025-06-04
13890679,2025-06-04
13891097,2025-06-04
13891199,2025-06-04
13891407,2025-06-04
13892484,2025-06-04
13892515,2025-06-04
13893001,2025-06-04
13893036,2025-06-04
13893524,2025-06-04
13893922,2025-06-04
13894876,2025-06-04
13894974,2025-06-04
13895141,2025-06-04
13898937,2025-06-04
13898951,2025-06-04
13900494,2025-06-04
13901803,2025-06-04
13901873,2025-06-04
13902868,2025-06-05
13903575,2025-06-05
13903663,2025-06-05
13904040,2025-06-05
13905365,2025-06-05
13905697,2025-06-06
13906108,2025-06-06
13906501,2025-06-06
13906891,2025-06-05
13907723,2025-06-05
13909819,2025-06-06
13910397,2025-06-06
13910444,2025-06-06
13910780,2025-06-06
13910919,2025-06-06
13911372,2025-06-05
13911424,2025-06-05
13911601,2025-06-05
13912302,2025-06-05
13912495,2025-06-05
13913777,2025-06-05
13914240,2025-06-05
13914626,2025-06-05
13915839,2025-06-05
13916215,2025-06-05
13916382,2025-06-05
13916899,2025-06-05
13916923,2025-06-05
13917279,2025-06-05
13918329,2025-06-05
13918492,2025-06-05
13918570,2025-06-05
13918615,2025-06-05
13918752,2025-06-05
13919047,2025-06-05
13919169,2025-06-05
13919306,2025-06-05
13919323,2025-06-05
13919365,2025-06-05
13919431,2025-06-05
13919515,2025-06-05
13920041,2025-06-05
13920250,2025-06-05
13920262,2025-06-05
13920550,2025-06-05
13920682,2025-06-05
13921114,2025-06-05
13921138,2025-06-05
13921302,2025-06-05
13921763,2025-06-05
13922362,2025-06-05
13922853,2025-06-05
13923135,2025-06-05
13923898,2025-06-05
13924766,2025-06-05
13926362,2025-06-05
13926792,2025-06-05
13927629,2025-06-05
13927835,2025-06-05
13927894,2025-06-05
13928530,2025-06-06
13930971,2025-06-07
13931328,2025-06-07
13931440,2025-06-07
13931565,2025-06-07
13932143,2025-06-06
13932235,2025-06-06
13933054,2025-06-06
13933362,2025-06-06
13933494,2025-06-06
13933630,2025-06-06
13934181,2025-06-06
13934286,2025-06-06
13934682,2025-06-06
13934854,2025-06-06
13935072,2025-06-06
13935127,2025-06-06
13935368,2025-06-06
13935898,2025-06-06
13935996,2025-06-06
13936170,2025-06-06
13936373,2025-06-07
13936476,2025-06-06
13936640,2025-06-06
13937180,2025-06-06
13937832,2025-06-06
13937859,2025-06-06
13937927,2025-06-06
13938019,2025-06-06
13938647,2025-06-06
13938825,2025-06-06
13938840,2025-06-06
13939151,2025-06-06
13939315,2025-06-06
13939787,2025-06-06
13940183,2025-06-06
13940194,2025-06-06
13941069,2025-06-06
13941464,2025-06-06
13941557,2025-06-06
13942164,2025-06-06
13942334,2025-06-06
13942480,2025-06-06
13942505,2025-06-06
13942560,2025-06-06
13943405,2025-06-06
13943415,2025-06-06
13943597,2025-06-06
13943619,2025-06-06
13943767,2025-06-06
13943802,2025-06-06
13944219,2025-06-06
13944444,2025-06-06
13944802,2025-06-06
13944808,2025-06-06
13944994,2025-06-06
13945426,2025-06-06
13946174,2025-06-06
13946884,2025-06-06
13949544,2025-06-07
13949652,2025-06-07
13950097,2025-06-07
13950155,2025-06-07
13950177,2025-06-07
13950280,2025-06-07
13950329,2025-06-07
13950338,2025-06-07
13950351,2025-06-07
13950855,2025-06-07
13950857,2025-06-07
13950985,2025-06-07
13951148,2025-06-07
13951670,2025-06-07
13951782,2025-06-07
13951852,2025-06-07
13952020,2025-06-07
13952260,2025-06-07
13952285,2025-06-07
13953092,2025-06-07
13953141,2025-06-07
13953418,2025-06-07
13953472,2025-06-07
13953665,2025-06-07
13953708,2025-06-07
13954629,2025-06-07
13954985,2025-06-08
13955179,2025-06-08
13955234,2025-06-08
13955585,2025-06-08
13956007,2025-06-07
13957395,2025-06-08
13958041,2025-06-09
13958126,2025-06-08
13958361,2025-06-09
13958461,2025-06-09
13958544,2025-06-08
13959307,2025-06-09
13959668,2025-06-08
13959690,2025-06-08
13960210,2025-06-08
13960294,2025-06-08
13960466,2025-06-08
13960676,2025-06-08
13960709,2025-06-08
13960922,2025-06-08
13961083,2025-06-08
13961285,2025-06-08
13961382,2025-06-08
13961790,2025-06-08
13962229,2025-06-08
13962328,2025-06-08
13963142,2025-06-08
13963545,2025-06-09
13963618,2025-06-09
13963767,2025-06-08
13964497,2025-06-08
13964645,2025-06-08
13965768,2025-06-09
13966061,2025-06-09
13966142,2025-06-09
13967110,2025-06-09
13967308,2025-06-09
13968646,2025-06-09
13968703,2025-06-09
13969066,2025-06-09
13969205,2025-06-09
13969405,2025-06-09
13971416,2025-06-09
13971673,2025-06-09
13971724,2025-06-10
13972361,2025-06-10
13972770,2025-06-10
13972909,2025-06-10
13972913,2025-06-10
13973393,2025-06-09
13973517,2025-06-09
13973569,2025-06-10
13973599,2025-06-09
13973629,2025-06-09
13973793,2025-06-09
13973912,2025-06-09
13974360,2025-06-09
13974391,2025-06-09
13975472,2025-06-09
13975862,2025-06-09
13976025,2025-06-09
13976585,2025-06-09
13976819,2025-06-09
13977049,2025-06-09
13977381,2025-06-09
13977699,2025-06-09
13978137,2025-06-09
13978373,2025-06-09
13978535,2025-06-09
13978693,2025-06-09
13979317,2025-06-09
13979467,2025-06-09
13979604,2025-06-09
13979823,2025-06-09
13979935,2025-06-09
13979998,2025-06-09
13980018,2025-06-09
13980025,2025-06-09
13980214,2025-06-09
13980504,2025-06-09
13981261,2025-06-09
13981328,2025-06-09
13981374,2025-06-09
13981457,2025-06-09
13982331,2025-06-09
13982505,2025-06-09
13985051,2025-06-10
13985800,2025-06-10
13989090,2025-06-10
13989123,2025-06-10
13989163,2025-06-10
13989460,2025-06-10
13989708,2025-06-10
13990666,2025-06-11
13990984,2025-06-11
13991057,2025-06-11
13991099,2025-06-11
13991817,2025-06-11
13993134,2025-06-10
13993634,2025-06-10
13993716,2025-06-10
13994715,2025-06-10
13994784,2025-06-10
13995099,2025-06-10
13995266,2025-06-10
13995282,2025-06-10
13995434,2025-06-10
13995538,2025-06-10
13995586,2025-06-10
13995729,2025-06-10
13996424,2025-06-10
13996676,2025-06-10
13996815,2025-06-10
13998798,2025-06-10
13999244,2025-06-10
13999448,2025-06-10
13999998,2025-06-10
14000020,2025-06-10
14000340,2025-06-10
14000342,2025-06-10
14000450,2025-06-10
14000457,2025-06-10
14000584,2025-06-10
14000709,2025-06-10
14001159,2025-06-10
14002047,2025-06-10
14004892,2025-06-10
14005313,2025-06-11
14005554,2025-06-11
14005813,2025-06-11
14005887,2025-06-11
14006391,2025-06-11
14007499,2025-06-10
14007590,2025-06-10
14008376,2025-06-10
14008582,2025-06-10
14011845,2025-06-11
14011939,2025-06-11
14012235,2025-06-11
14013818,2025-06-11
14016080,2025-06-11
14016811,2025-06-12
14016815,2025-06-12
14017505,2025-06-12
14017656,2025-06-12
14017797,2025-06-12
14017821,2025-06-12
14017898,2025-06-12
14017909,2025-06-12
14018006,2025-06-11
14018296,2025-06-11
14018537,2025-06-11
14018545,2025-06-11
14018634,2025-06-11
14018642,2025-06-11
14018661,2025-06-12
14018669,2025-06-11
14018710,2025-06-11
14019199,2025-06-11
14019214,2025-06-11
14019231,2025-06-11
14019288,2025-06-11
14019413,2025-06-11
14020044,2025-06-11
14020116,2025-06-11
14020304,2025-06-11
14020389,2025-06-11
14020835,2025-06-11
14020850,2025-06-11
14020882,2025-06-11
14021075,2025-06-11
14021131,2025-06-11
14021202,2025-06-11
14021548,2025-06-11
14021620,2025-06-11
14022187,2025-06-11
14022338,2025-06-11
14023009,2025-06-11
14023110,2025-06-11
14023310,2025-06-11
14023423,2025-06-11
14023464,2025-06-11
14023484,2025-06-11
14024019,2025-06-11
14024031,2025-06-11
14024159,2025-06-11
14024171,2025-06-11
14024267,2025-06-11
14024679,2025-06-11
14025024,2025-06-11
14025081,2025-06-11
14025455,2025-06-11
14025480,2025-06-11
14025840,2025-06-11
14026133,2025-06-11
14026438,2025-06-11
14026607,2025-06-11
14026916,2025-06-11
14026970,2025-06-11
14027069,2025-06-11
14027181,2025-06-11
14027338,2025-06-11
14027364,2025-06-11
14027374,2025-06-11
14027435,2025-06-11
14027734,2025-06-11
14027871,2025-06-11
14028870,2025-06-11
14028872,2025-06-11
14029048,2025-06-11
14029249,2025-06-11
14029750,2025-06-11
14029787,2025-06-11
14029947,2025-06-11
14030029,2025-06-11
14031654,2025-06-13
14031931,2025-06-13
14032328,2025-06-12
14034656,2025-06-12
14035559,2025-06-12
14035632,2025-06-12
14035687,2025-06-12
14035846,2025-06-12
14036474,2025-06-12
14036670,2025-06-12
14036946,2025-06-12
14037147,2025-06-12
14037359,2025-06-12
14037601,2025-06-12
14037668,2025-06-12
14037790,2025-06-12
14038079,2025-06-12
14038231,2025-06-12
14038385,2025-06-12
14038564,2025-06-12
14038813,2025-06-12
14038872,2025-06-12
14038913,2025-06-12
14039106,2025-06-12
14039179,2025-06-12
14039558,2025-06-12
14039644,2025-06-12
14040030,2025-06-12
14040090,2025-06-12
14040360,2025-06-12
14040724,2025-06-12
14040758,2025-06-12
14041740,2025-06-12
14042457,2025-06-12
14042791,2025-06-12
14044032,2025-06-12
14044239,2025-06-12
14044346,2025-06-12
14045555,2025-06-13
14045667,2025-06-13
14045898,2025-06-13
14046544,2025-06-13
14047059,2025-06-13
14047062,2025-06-12
14047337,2025-06-12
14047695,2025-06-12
14048045,2025-06-12
14048368,2025-06-12
14048483,2025-06-12
14048722,2025-06-12
14048746,2025-06-12
14048965,2025-06-12
14049015,2025-06-12
14049505,2025-06-12
14049698,2025-06-12
14049946,2025-06-12
14050125,2025-06-12
14050408,2025-06-12
14050523,2025-06-12
14050535,2025-06-12
14052832,2025-06-12
14052968,2025-06-12
14054217,2025-06-14
14054284,2025-06-14
14054463,2025-06-14
14055919,2025-06-13
14057277,2025-06-13
14058668,2025-06-13
14058737,2025-06-13
14058755,2025-06-13
14059227,2025-06-13
14060782,2025-06-14
14061125,2025-06-13
14061389,2025-06-13
14061657,2025-06-13
14061886,2025-06-13
14062358,2025-06-13
14062683,2025-06-13
14062829,2025-06-13
14062854,2025-06-13
14063007,2025-06-13
14063200,2025-06-14
14063315,2025-06-13
14063377,2025-06-13
14063417,2025-06-13
14063790,2025-06-13
14063809,2025-06-13
14063868,2025-06-13
14064318,2025-06-13
14064427,2025-06-13
14064546,2025-06-13
14064812,2025-06-13
14065022,2025-06-13
14065222,2025-06-13
14065535,2025-06-13
14065546,2025-06-13
14065805,2025-06-13
14065869,2025-06-13
14066472,2025-06-13
14066489,2025-06-13
14067028,2025-06-13
14067183,2025-06-13
14067556,2025-06-13
14067923,2025-06-13
14067957,2025-06-13
14068041,2025-06-13
14068334,2025-06-13
14068369,2025-06-13
14069274,2025-06-13
14069394,2025-06-13
14069779,2025-06-13
14070344,2025-06-13
14070513,2025-06-13
14070546,2025-06-13
14070663,2025-06-13
14070766,2025-06-13
14071069,2025-06-13
14071206,2025-06-13
14071355,2025-06-13
14071691,2025-06-13
14072532,2025-06-13
14072955,2025-06-13
14073113,2025-06-13
14075361,2025-06-13
14075464,2025-06-13
14076351,2025-06-13
14076506,2025-06-15
14077939,2025-06-14
14078499,2025-06-14
14078618,2025-06-14
14078643,2025-06-14
14079011,2025-06-14
14079439,2025-06-14
14079530,2025-06-14
14080634,2025-06-14
14080964,2025-06-14
14081841,2025-06-14
14082118,2025-06-14
14082276,2025-06-14
14082375,2025-06-14
14082467,2025-06-14
14082817,2025-06-14
14082907,2025-06-14
14083741,2025-06-14
14084006,2025-06-15
14084140,2025-06-15
14084922,2025-06-15
14085466,2025-06-16
14085698,2025-06-16
14086062,2025-06-15
14086488,2025-06-15
14086940,2025-06-16
14086950,2025-06-16
14087117,2025-06-15
14087356,2025-06-15
14087398,2025-06-15
14087829,2025-06-15
14087963,2025-06-15
14088028,2025-06-15
14088049,2025-06-15
14088289,2025-06-15
14088638,2025-06-15
14088667,2025-06-15
14089917,2025-06-15
14090146,2025-06-16
14090217,2025-06-16
14090389,2025-06-16
14090439,2025-06-15
14090504,2025-06-15
14090509,2025-06-15
14090585,2025-06-15
14090786,2025-06-15
14090805,2025-06-15
14091114,2025-06-16
14091427,2025-06-16
14091978,2025-06-16
14092248,2025-06-16
14092342,2025-06-16
14092956,2025-06-16
14093348,2025-06-16
14094044,2025-06-16
14094373,2025-06-16
14094662,2025-06-16
14094702,2025-06-16
14095105,2025-06-16
14095433,2025-06-16
14096210,2025-06-16
14096261,2025-06-17
14096282,2025-06-16
14097271,2025-06-16
14097702,2025-06-16
14098531,2025-06-16
14098824,2025-06-16
14099324,2025-06-16
14099969,2025-06-16
14100892,2025-06-16
14101341,2025-06-16
14101879,2025-06-16
14102424,2025-06-16
14103065,2025-06-16
14103241,2025-06-16
14103567,2025-06-16
14104142,2025-06-17
14104354,2025-06-16
14104782,2025-06-16
14105034,2025-06-17
14105141,2025-06-16
14105184,2025-06-16
14106277,2025-06-16
14106857,2025-06-16
14107163,2025-06-16
14107252,2025-06-16
14107253,2025-06-16
14107747,2025-06-17
14107771,2025-06-17
14108474,2025-06-16
14108491,2025-06-16
14108857,2025-06-16
14109383,2025-06-16
14109642,2025-06-16
14109677,2025-06-16
14110397,2025-06-16
14111563,2025-06-16
14112169,2025-06-16
14112427,2025-06-16
14112755,2025-06-16
14113140,2025-06-16
14113379,2025-06-16
14114025,2025-06-18
14115175,2025-06-17
14115867,2025-06-17
14115984,2025-06-17
14116022,2025-06-17
14116407,2025-06-17
14116462,2025-06-17
14116514,2025-06-17
14119541,2025-06-17
14119688,2025-06-17
14121370,2025-06-17
14121843,2025-06-17
14122041,2025-06-17
14122496,2025-06-17
14123332,2025-06-18
14123975,2025-06-18
14124314,2025-06-17
14124565,2025-06-17
14124699,2025-06-17
14124849,2025-06-17
14124933,2025-06-17
14125108,2025-06-17
14125512,2025-06-17
14126186,2025-06-17
14126347,2025-06-17
14126861,2025-06-17
14127729,2025-06-17
14127901,2025-06-17
14128057,2025-06-17
14128119,2025-06-17
14128243,2025-06-17
14128744,2025-06-17
14129285,2025-06-17
14129444,2025-06-17
14129612,2025-06-17
14129769,2025-06-17
14130376,2025-06-17
14131276,2025-06-17
14131339,2025-06-17
14132026,2025-06-17
14132363,2025-06-17
14132388,2025-06-17
14132879,2025-06-17
14133034,2025-06-17
14133116,2025-06-17
14133690,2025-06-17
14133735,2025-06-17
14133876,2025-06-17
14134489,2025-06-17
14135442,2025-06-17
14135859,2025-06-17
14135924,2025-06-17
14135962,2025-06-17
14136663,2025-06-17
14136966,2025-06-17
14137469,2025-06-17
14139085,2025-06-18
14139873,2025-06-19
14140006,2025-06-19
14140204,2025-06-19
14140348,2025-06-19
14140502,2025-06-19
14141843,2025-06-18
14143911,2025-06-19
14143972,2025-06-19
14146258,2025-06-19
14146416,2025-06-18
14146566,2025-06-18
14147029,2025-06-18
14147430,2025-06-18
14147459,2025-06-18
14148969,2025-06-18
14149231,2025-06-18
14149312,2025-06-18
14149412,2025-06-18
14149545,2025-06-18
14149798,2025-06-18
14150043,2025-06-18
14150724,2025-06-18
14151235,2025-06-18
14151497,2025-06-18
14151512,2025-06-18
14151580,2025-06-18
14151700,2025-06-18
14151906,2025-06-18
14152656,2025-06-18
14152871,2025-06-18
14152905,2025-06-18
14153136,2025-06-18
14153824,2025-06-18
14154193,2025-06-18
14154258,2025-06-19
14154262,2025-06-18
14154635,2025-06-18
14155276,2025-06-18
14155849,2025-06-18
14155976,2025-06-18
14156122,2025-06-18
14156159,2025-06-18
14156191,2025-06-18
14156245,2025-06-18
14156530,2025-06-18
14157246,2025-06-18
14157489,2025-06-18
14157802,2025-06-18
14157929,2025-06-18
14158033,2025-06-18
14158763,2025-06-18
14159007,2025-06-18
14159049,2025-06-18
14159126,2025-06-18
14159231,2025-06-18
14159277,2025-06-18
14161634,2025-06-18
14162097,2025-06-18
14162144,2025-06-18
14162327,2025-06-18
14162432,2025-06-18
14162572,2025-06-18
14164805,2025-06-19
14166164,2025-06-20
14166809,2025-06-20
14167253,2025-06-20
14167681,2025-06-19
14167900,2025-06-19
14168718,2025-06-19
14169032,2025-06-19
14169113,2025-06-20
14169422,2025-06-19
14170340,2025-06-19
14171621,2025-06-19
14172165,2025-06-19
14173139,2025-06-19
14173898,2025-06-19
14174334,2025-06-19
14174417,2025-06-19
14174666,2025-06-19
14174956,2025-06-19
14175094,2025-06-19
14175165,2025-06-19
14175301,2025-06-19
14175499,2025-06-19
14175504,2025-06-19
14175545,2025-06-19
14175658,2025-06-19
14175927,2025-06-19
14176491,2025-06-19
14176668,2025-06-19
14176695,2025-06-19
14177875,2025-06-19
14178112,2025-06-19
14178233,2025-06-19
14178868,2025-06-19
14179174,2025-06-19
14179948,2025-06-19
14180938,2025-06-19
14182285,2025-06-19
14182840,2025-06-19
14183645,2025-06-20
14183658,2025-06-20
14184642,2025-06-19
14186682,2025-06-21
14186945,2025-06-21
14187587,2025-06-21
14187612,2025-06-20
14187655,2025-06-21
14187948,2025-06-21
14188555,2025-06-21
14188769,2025-06-21
14188770,2025-06-21
14188791,2025-06-21
14188928,2025-06-20
14189344,2025-06-20
14189795,2025-06-20
14190189,2025-06-20
14190199,2025-06-20
14190939,2025-06-20
14190981,2025-06-20
14191319,2025-06-20
14191665,2025-06-20
14192477,2025-06-20
14192595,2025-06-20
14192804,2025-06-20
14193162,2025-06-20
14193528,2025-06-20
14194113,2025-06-20
14195341,2025-06-20
14196259,2025-06-20
14196769,2025-06-20
14196897,2025-06-20
14197098,2025-06-20
14199858,2025-06-20
14199936,2025-06-20
14200044,2025-06-20
14201120,2025-06-20
14201134,2025-06-20
14201631,2025-06-20
14202222,2025-06-20
14202332,2025-06-20
14203991,2025-06-20
14206388,2025-06-21
14206458,2025-06-21
14208601,2025-06-23
14208738,2025-06-23
14209052,2025-06-23
14209176,2025-06-23
14209666,2025-06-22
14210211,2025-06-23
14211368,2025-06-23
14211443,2025-06-23
14211816,2025-06-23
14212540,2025-06-23
14212793,2025-06-23
14213242,2025-06-23
14213641,2025-06-23
14214119,2025-06-23
14215092,2025-06-23
14215615,2025-06-22
14215624,2025-06-22
14215784,2025-06-23
14215949,2025-06-23
14216164,2025-06-23
14216249,2025-06-23
14217280,2025-06-22
14217316,2025-06-22
14217429,2025-06-23
14217519,2025-06-23
14217809,2025-06-22
14218583,2025-06-22
14218803,2025-06-22
14219546,2025-06-22
14219761,2025-06-22
14219919,2025-06-22
14220519,2025-06-22
14220693,2025-06-22
14220776,2025-06-22
14220848,2025-06-22
14220993,2025-06-22
14221063,2025-06-22
14221465,2025-06-22
14221502,2025-06-22
14222010,2025-06-22
14222215,2025-06-22
14223349,2025-06-22
14223818,2025-06-21
14224405,2025-06-21
14224539,2025-06-22
14224617,2025-06-21
14224634,2025-06-21
14224799,2025-06-22
14225046,2025-06-21
14225082,2025-06-21
14225224,2025-06-21
14226043,2025-06-21
14226329,2025-06-21
14226885,2025-06-21
14227095,2025-06-21
14227505,2025-06-21
14227712,2025-06-21
14228698,2025-06-21
14228930,2025-06-21
14229474,2025-06-21
14229839,2025-06-21
14229970,2025-06-21
14230602,2025-06-21
14231303,2025-06-21
14232461,2025-06-21
14232467,2025-06-21
14233260,2025-06-24
14233472,2025-06-24
14233631,2025-06-23
14234093,2025-06-24
14234110,2025-06-23
14235738,2025-06-23
14236896,2025-06-23
14237351,2025-06-24
14237438,2025-06-24
14237988,2025-06-23
14238153,2025-06-23
14238226,2025-06-23
14238391,2025-06-23
14239331,2025-06-23
14240255,2025-06-23
14240395,2025-06-23
14240490,2025-06-23
14240738,2025-06-23
14241789,2025-06-23
14242364,2025-06-23
14242966,2025-06-23
14243392,2025-06-23
14243904,2025-06-23
14244738,2025-06-23
14244937,2025-06-23
14245430,2025-06-23
14246247,2025-06-23
14246503,2025-06-24
14247718,2025-06-24
14247820,2025-06-24
14247882,2025-06-24
14251685,2025-06-24
14253005,2025-06-24
14253832,2025-06-24
14254231,2025-06-24
14254428,2025-06-24
14254476,2025-06-24
14255358,2025-06-24
14256197,2025-06-24
14256325,2025-06-24
14256733,2025-06-24
14256738,2025-06-24
14258372,2025-06-24
14258444,2025-06-24
14258536,2025-06-24
14258648,2025-06-24
14258807,2025-06-24
14258904,2025-06-24
14259052,2025-06-24
14259535,2025-06-24
14260429,2025-06-25
14260695,2025-06-25
14260881,2025-06-25
14261099,2025-06-25
14261219,2025-06-25
14261361,2025-06-24
14261422,2025-06-24
14261504,2025-06-24
14261538,2025-06-24
14261688,2025-06-25
14261910,2025-06-24
14262565,2025-06-24
14262789,2025-06-24
14263220,2025-06-24
14263387,2025-06-24
14263592,2025-06-24
14263714,2025-06-24
14264070,2025-06-24
14264128,2025-06-24
14265036,2025-06-24
14265164,2025-06-24
14265410,2025-06-24
14265524,2025-06-24
14265914,2025-06-24
14266269,2025-06-24
14266971,2025-06-24
14267090,2025-06-24
14267209,2025-06-24
14267318,2025-06-24
14267589,2025-06-24
14267850,2025-06-24
14267858,2025-06-24
14268550,2025-06-24
14268587,2025-06-24
14271818,2025-06-24
14272265,2025-06-24
14272389,2025-06-25
14272430,2025-06-25
14274386,2025-06-25
14274852,2025-06-25
14277302,2025-06-25
14277350,2025-06-25
14277420,2025-06-25
14277429,2025-06-25
14277439,2025-06-25
14277523,2025-06-25
14277563,2025-06-25
14277629,2025-06-25
14277800,2025-06-25
14279166,2025-06-26
14279318,2025-06-26
14279612,2025-06-26
14279637,2025-06-26
14280061,2025-06-26
14280380,2025-06-26
14280498,2025-06-25
14283520,2025-06-25
14283573,2025-06-25
14284073,2025-06-25
14284086,2025-06-25
14284358,2025-06-25
14284380,2025-06-25
14285018,2025-06-25
14285193,2025-06-25
14285803,2025-06-25
14285876,2025-06-25
14286307,2025-06-25
14286330,2025-06-25
14287337,2025-06-25
14287409,2025-06-25
14287907,2025-06-25
14288285,2025-06-25
14288300,2025-06-25
14288360,2025-06-25
14288758,2025-06-25
14289358,2025-06-25
14289998,2025-06-25
14290629,2025-06-25
14290749,2025-06-25
14290838,2025-06-25
14291103,2025-06-25
14291298,2025-06-25
14291527,2025-06-25
14292644,2025-06-25
14293183,2025-06-25
14295722,2025-06-25
14296267,2025-06-25
14296365,2025-06-25
14297604,2025-06-26
14298192,2025-06-26
14299697,2025-06-26
14300392,2025-06-26
14301748,2025-06-26
14303140,2025-06-26
14303481,2025-06-26
14303520,2025-06-26
14303676,2025-06-26
14305331,2025-06-27
14305607,2025-06-27
14306760,2025-06-27
14307103,2025-06-27
14308158,2025-06-26
14308297,2025-06-26
14308375,2025-06-26
14309995,2025-06-26
14310077,2025-06-26
14310322,2025-06-26
14310700,2025-06-26
14310848,2025-06-26
14310918,2025-06-27
14310972,2025-06-26
14311974,2025-06-26
14311992,2025-06-26
14312069,2025-06-26
14313241,2025-06-26
14313743,2025-06-26
14313815,2025-06-26
14314417,2025-06-26
14315345,2025-06-26
14315500,2025-06-26
14315695,2025-06-26
14315767,2025-06-26
14316259,2025-06-26
14316429,2025-06-26
14317171,2025-06-26
14317730,2025-06-26
14317994,2025-06-26
14318230,2025-06-26
14318813,2025-06-26
14318850,2025-06-26
14319083,2025-06-26
14319716,2025-06-26
14320354,2025-06-27
14320596,2025-06-26
14320675,2025-06-27
14320686,2025-06-27
14321287,2025-06-26
14321866,2025-06-26
14322096,2025-06-28
14322565,2025-06-27
14324057,2025-06-28
14324778,2025-06-27
14325491,2025-06-27
14325804,2025-06-27
14328485,2025-06-28
14328700,2025-06-28
14328802,2025-06-28
14329140,2025-06-27
14329252,2025-06-28
14329316,2025-06-28
14329483,2025-06-27
14329510,2025-06-28
14329859,2025-06-28
14330031,2025-06-28
14330164,2025-06-27
14330206,2025-06-27
14330433,2025-06-27
14330847,2025-06-27
14332143,2025-06-27
14332179,2025-06-27
14332396,2025-06-27
14332511,2025-06-27
14332916,2025-06-27
14333101,2025-06-27
14333465,2025-06-27
14333954,2025-06-27
14334361,2025-06-27
14334481,2025-06-27
14334709,2025-06-27
14334897,2025-06-27
14334938,2025-06-27
14335507,2025-06-27
14335512,2025-06-27
14335611,2025-06-27
14335751,2025-06-27
14336118,2025-06-27
14336360,2025-06-27
14336538,2025-06-27
14337249,2025-06-27
14337455,2025-06-27
14337567,2025-06-27
14337960,2025-06-27
14338554,2025-06-27
14338572,2025-06-27
14338617,2025-06-27
14338762,2025-06-27
14338997,2025-06-27
14339714,2025-06-27
14340315,2025-06-27
14340645,2025-06-27
14341203,2025-06-27
14342086,2025-06-27
14343261,2025-06-27
14343289,2025-06-27
14343573,2025-06-27
14343581,2025-06-27
14344100,2025-06-27
14345486,2025-06-28
14345762,2025-06-28
14346009,2025-06-28
14346148,2025-06-28
14346401,2025-06-28
14346423,2025-06-28
14346749,2025-06-28
14346759,2025-06-28
14346852,2025-06-28
14346985,2025-06-28
14347177,2025-06-28
14347301,2025-06-28
14348248,2025-06-28
14348301,2025-06-28
14348350,2025-06-28
14348446,2025-06-28
14350406,2025-06-28
14350673,2025-06-28
14351310,2025-06-29
14351449,2025-06-28
14351582,2025-06-29
14353331,2025-06-28
14354548,2025-06-29
14354680,2025-06-30
14355049,2025-06-30
14356846,2025-06-30
14357381,2025-06-30
14357468,2025-06-30
14357591,2025-06-30
14357794,2025-06-29
14358069,2025-06-29
14358081,2025-06-29
14358166,2025-06-29
14358212,2025-06-29
14358279,2025-06-29
14358622,2025-06-29
14358780,2025-06-29
14358842,2025-06-29
14359119,2025-06-30
14359142,2025-06-29
14359145,2025-06-29
14359187,2025-06-29
14359213,2025-06-29
14359650,2025-06-29
14359703,2025-06-29
14360406,2025-06-29
14360454,2025-06-29
14360527,2025-06-29
14360535,2025-06-29
14360880,2025-06-29
14362105,2025-06-29
14363778,2025-06-30
14363930,2025-06-30
14364122,2025-06-30
14364319,2025-06-30
14364604,2025-06-30
14364608,2025-06-30
14365033,2025-06-30
14365105,2025-06-30
14365235,2025-06-30
14365274,2025-06-30
14365315,2025-06-30
14366281,2025-06-30
14367438,2025-06-30
14367646,2025-06-30
14367760,2025-06-30
14368460,2025-06-30
14368612,2025-06-30
14368775,2025-06-30
14369390,2025-06-30
14370474,2025-06-30
14370553,2025-06-30
14370621,2025-06-30
14370946,2025-06-30
14371059,2025-06-30
14371797,2025-06-30
14372186,2025-06-30
14372333,2025-06-30
14372946,2025-06-30
14372984,2025-06-30
14374223,2025-06-30
14374290,2025-06-30
14375045,2025-06-30
14375303,2025-06-30
14375353,2025-06-30
14375927,2025-06-30
14376148,2025-06-30
14376277,2025-06-30
14376305,2025-06-30
14376419,2025-06-30
14377064,2025-06-30
14377755,2025-06-30
14378246,2025-06-30
14378389,2025-06-30
14378794,2025-06-30
14379647,2025-06-30
14380266,2025-06-30
14380423,2025-06-30
14380779,2025-06-30
14381632,2025-07-01
14381634,2025-07-01
14382132,2025-07-01
14382231,2025-07-01
14382827,2025-07-01
14383493,2025-06-30
14384617,2025-07-02
14384851,2025-07-01
14385213,2025-07-01
14385255,2025-07-01
14385667,2025-07-01
14386160,2025-07-01
14387091,2025-07-01
14387331,2025-07-01
14387535,2025-07-01
14387677,2025-07-01
14387760,2025-07-01
14387944,2025-07-01
14388441,2025-07-01
14388468,2025-07-01
14388525,2025-07-01
14388621,2025-07-01
14388689,2025-07-01
14388844,2025-07-01
14389022,2025-07-01
14389034,2025-07-01
14389159,2025-07-01
14389484,2025-07-01
14389725,2025-07-01
14389872,2025-07-01
14390458,2025-07-01
14391545,2025-07-01
14391860,2025-07-01
14392104,2025-07-01
14392390,2025-07-01
14392405,2025-07-01
14392748,2025-07-01
14393295,2025-07-01
14393512,2025-07-01
14393771,2025-07-01
14393856,2025-07-01
14394025,2025-07-01
14394042,2025-07-01
14394359,2025-07-01
14394617,2025-07-01
14394634,2025-07-01
14394688,2025-07-01
14394893,2025-07-01
14394894,2025-07-01
14395096,2025-07-01
14395433,2025-07-01
14395638,2025-07-01
14396274,2025-07-01
14396776,2025-07-01
14396859,2025-07-01
14397063,2025-07-01
14397306,2025-07-01
14397333,2025-07-01
14397797,2025-07-01
14398359,2025-07-01
14398695,2025-07-01
14399302,2025-07-01
14400178,2025-07-01
14400507,2025-07-02
14400662,2025-07-02
14400760,2025-07-02
14400978,2025-07-02
14401282,2025-07-02
14401459,2025-07-02
14401829,2025-07-02
14402040,2025-07-02
14402042,2025-07-02
14402519,2025-07-01
14402585,2025-07-02
14402603,2025-07-02
14402629,2025-07-02
14403048,2025-07-02
14403834,2025-07-01
14404212,2025-07-01
14405477,2025-07-01
14405613,2025-07-02
14406755,2025-07-02
14407579,2025-07-02
14407613,2025-07-02
14407791,2025-07-02
14407918,2025-07-02
14408183,2025-07-02
14409308,2025-07-03
14409966,2025-07-03
14410226,2025-07-03
14410469,2025-07-03
14410523,2025-07-02
14410847,2025-07-03
14411625,2025-07-03
14412343,2025-07-03
14413319,2025-07-02
14413385,2025-07-02
14413688,2025-07-02
14414121,2025-07-02
14414454,2025-07-02
14414831,2025-07-02
14414928,2025-07-02
14415246,2025-07-02
14415399,2025-07-02
14415683,2025-07-02
14416074,2025-07-02
14416123,2025-07-02
14416153,2025-07-02
14416942,2025-07-02
14417058,2025-07-02
14417451,2025-07-02
14418025,2025-07-02
14418932,2025-07-02
14419179,2025-07-02
14419404,2025-07-02
14419736,2025-07-02
14419935,2025-07-02
14420861,2025-07-02
14420889,2025-07-02
14420912,2025-07-02
14421043,2025-07-02
14421288,2025-07-02
14421857,2025-07-02
14421868,2025-07-02
14422106,2025-07-02
14422588,2025-07-02
14422619,2025-07-02
14422769,2025-07-02
14423065,2025-07-02
14423454,2025-07-02
14423634,2025-07-02
14424126,2025-07-02
14424505,2025-07-02
14424815,2025-07-02
14425498,2025-07-02
14425839,2025-07-02
14425886,2025-07-02
14426258,2025-07-02
14426287,2025-07-02
14426813,2025-07-02
14427619,2025-07-02
14427713,2025-07-02
14429419,2025-07-02
14430255,2025-07-02
14430277,2025-07-02
14431417,2025-07-03
14432008,2025-07-03
14432347,2025-07-03
14437396,2025-07-03
14438264,2025-05-17
14438973,2025-07-03
14439247,2025-07-03
14439483,2025-07-03
14439541,2025-07-03
14439906,2025-07-03
14440252,2025-07-03
14440326,2025-07-03
14440329,2025-07-03
14440673,2025-07-03
14442139,2025-07-03
14443499,2025-07-03
14443514,2025-07-03
14443556,2025-07-03
14443656,2025-07-03
14443832,2025-07-03
14444253,2025-07-03
14444501,2025-07-03
14444506,2025-07-03
14444604,2025-07-03
14444677,2025-07-03
14445047,2025-07-03
14445204,2025-07-03
14445334,2025-07-03
14445364,2025-07-03
14445434,2025-07-03
14445576,2025-07-03
14445857,2025-07-03
14446258,2025-07-03
14446271,2025-07-03
14446284,2025-07-03
14446340,2025-07-03
14446718,2025-07-04
14446760,2025-07-03
14447204,2025-07-04
14447292,2025-07-04
14447527,2025-07-04
14447623,2025-07-03
14447898,2025-07-04
14448563,2025-07-03
14448575,2025-07-03
14449025,2025-07-03
14449387,2025-07-03
14449554,2025-07-03
14449829,2025-07-03
14449855,2025-07-03
14449860,2025-07-03
14449974,2025-07-03
14450054,2025-07-03
14450059,2025-07-03
14450103,2025-07-03
14450137,2025-07-03
14451376,2025-07-03
14451405,2025-07-03
14451444,2025-07-03
14451500,2025-07-03
14451977,2025-07-03
14452030,2025-07-03
14452289,2025-07-03
14452554,2025-07-03
14452657,2025-07-03
14452894,2025-07-03
14453696,2025-07-03
14454483,2025-07-03
14455192,2025-07-03
14455364,2025-07-03
14455656,2025-07-03
14455706,2025-07-03
14458030,2025-07-04
14459851,2025-07-05
14460676,2025-07-05
14462957,2025-07-04
14463579,2025-07-04
14464608,2025-07-04
14464722,2025-07-04
14465277,2025-07-04
14465761,2025-07-04
14465876,2025-07-04
14466153,2025-07-04
14466646,2025-07-04
14466699,2025-07-04
14467968,2025-07-04
14468242,2025-07-04
14468465,2025-07-04
14469021,2025-07-04
14469172,2025-07-04
14469336,2025-07-04
14469502,2025-07-04
14469916,2025-07-04
14470892,2025-07-04
14471066,2025-07-04
14471538,2025-07-04
14472818,2025-07-04
14472966,2025-07-04
14473272,2025-07-05
14473753,2025-07-07
14474667,2025-07-07
14474903,2025-07-07
14474914,2025-07-06
14474924,2025-07-07
14475442,2025-07-07
14475811,2025-07-07
14476079,2025-07-07
14476631,2025-07-07
14476987,2025-07-07
14477001,2025-07-06
14477218,2025-07-05
14477269,2025-07-06
14477358,2025-07-06
14477444,2025-07-06
14477520,2025-07-06
14477884,2025-07-06
14478113,2025-07-06
14478192,2025-07-06
14478443,2025-07-06
14478624,2025-07-06
14478650,2025-07-06
14478654,2025-07-06
14478741,2025-07-06
14479027,2025-07-06
14479127,2025-07-06
14479131,2025-07-06
14479154,2025-07-06
14479186,2025-07-06
14479395,2025-07-06
14479469,2025-07-05
14479557,2025-07-06
14479951,2025-07-05
14481986,2025-07-05
14484226,2025-07-07
14484311,2025-07-08
14484430,2025-07-07
14484590,2025-07-07
14484708,2025-07-07
14484743,2025-07-08
14484831,2025-07-07
14484889,2025-07-07
14485151,2025-07-07
14485167,2025-07-07
14485926,2025-07-07
14485957,2025-07-07
14486007,2025-07-07
14486126,2025-07-07
14488604,2025-07-07
14488772,2025-07-07
14488874,2025-07-07
14489151,2025-07-07
14489485,2025-07-07
14489658,2025-07-07
14490671,2025-07-08
14492436,2025-07-08
14492691,2025-07-08
14493155,2025-07-08
14493178,2025-07-08
14493197,2025-07-08
14493205,2025-07-08
14493336,2025-07-08
14493365,2025-07-08
14494124,2025-07-07
14494343,2025-07-07
14495186,2025-07-07
14497792,2025-07-06
14497985,2025-07-05
14498540,2025-07-05
14498645,2025-07-05
14498718,2025-07-05
14498774,2025-07-05
14498813,2025-07-05
14498912,2025-07-06
14499129,2025-07-05
14499144,2025-07-05
14499366,2025-07-05
14499422,2025-07-05
14499634,2025-07-05
14500752,2025-07-05
14501485,2025-07-05
14505146,2025-07-07
14505294,2025-07-07
14505409,2025-07-07
14505537,2025-07-07
14505541,2025-07-07
14505863,2025-07-07
14506070,2025-07-07
14506374,2025-07-07
14506639,2025-07-07
14507024,2025-07-07
14507091,2025-07-07
14507449,2025-07-07
14507593,2025-07-07
14508356,2025-07-07
14508403,2025-07-07
14508811,2025-07-07
14509326,2025-07-07
14509758,2025-07-07
14510714,2025-07-07
14510756,2025-07-07
14510832,2025-07-08
14511067,2025-07-07
14511168,2025-07-08
14511244,2025-07-08
14511449,2025-07-07
14511469,2025-07-07
14512058,2025-07-08
14512189,2025-07-08
14512277,2025-07-08
14513478,2025-07-08
14513519,2025-07-08
14513719,2025-07-08
14514091,2025-07-08
14514454,2025-07-08
14514758,2025-07-08
14514794,2025-07-08
14514906,2025-07-08
14516263,2025-07-08
14516552,2025-07-08
14516662,2025-07-08
14516729,2025-07-08
14517322,2025-07-08
14517886,2025-07-08
14518354,2025-07-08
14518696,2025-07-08
14518954,2025-07-08
14519147,2025-07-08
14519276,2025-07-08
14519634,2025-07-08
14519684,2025-07-08
14519833,2025-07-08
14520151,2025-07-08
14520425,2025-07-08
14521190,2025-07-08
14521432,2025-07-08
14521523,2025-07-08
14522807,2025-07-08
14523152,2025-07-08
14523330,2025-07-08
14523457,2025-07-08
14524146,2025-07-08
14524700,2025-07-08
14525289,2025-07-08
14525343,2025-07-08
14525518,2025-07-08
14525809,2025-07-08
14525920,2025-07-08
14527402,2025-07-08
14527478,2025-07-08
14527578,2025-07-08
14527811,2025-07-08
14528303,2025-07-08
14528569,2025-07-08
14529778,2025-07-09
14530040,2025-07-09
14530241,2025-07-09
14530456,2025-07-09
14531653,2025-07-09
14532010,2025-07-09
14532199,2025-07-09
14532493,2025-07-09
14532609,2025-07-09
14533839,2025-07-08
14534527,2025-07-08
14534602,2025-07-08
14534772,2025-07-08
14534839,2025-07-08
14534965,2025-07-08
14535014,2025-07-08
14535062,2025-07-08
14535174,2025-07-08
14535289,2025-07-08
14535388,2025-07-08
14535534,2025-07-08
14536498,2025-07-10
14536950,2025-07-10
14537060,2025-07-10
14537563,2025-07-10
14539034,2025-07-09
14539385,2025-07-10
14539639,2025-07-09
14540603,2025-07-09
14540832,2025-07-09
14541259,2025-07-09
14541385,2025-07-09
14542174,2025-07-09
14542800,2025-07-09
14542971,2025-07-09
14543050,2025-07-09
14543360,2025-07-09
14543682,2025-07-09
14543897,2025-07-09
14544624,2025-07-09
14545023,2025-07-09
14545477,2025-07-09
14545676,2025-07-09
14545914,2025-07-09
14546399,2025-07-09
14546770,2025-07-09
14546945,2025-07-09
14547458,2025-07-09
14548444,2025-07-09
14548674,2025-07-09
14548918,2025-07-09
14549192,2025-07-09
14549749,2025-07-09
14549944,2025-07-09
14550687,2025-07-09
14550702,2025-07-09
14551372,2025-07-09
14551981,2025-07-09
14553247,2025-07-09
14553266,2025-07-09
14554096,2025-07-09
14554443,2025-07-09
14554509,2025-07-09
14554528,2025-07-09
14555061,2025-07-09
14555156,2025-07-09
14555748,2025-07-09
14556447,2025-07-09
14557202,2025-07-09
14557300,2025-07-09
14557347,2025-07-09
14557879,2025-07-10
14557887,2025-07-10
14558064,2025-07-10
14558563,2025-07-10
14558628,2025-07-10
14558719,2025-07-10
14558922,2025-07-09
14558924,2025-07-10
14559209,2025-07-09
14561076,2025-07-09
14561090,2025-07-09
14561269,2025-07-09
14561407,2025-07-09
14561467,2025-07-09
14561600,2025-07-09
14563075,2025-07-10
14563085,2025-07-10
14563143,2025-07-10
14563185,2025-07-10
14563368,2025-07-10
14563887,2025-07-10
14564026,2025-07-10
14564487,2025-07-10
14564656,2025-07-10
14564976,2025-07-10
14565174,2025-07-10
14565345,2025-07-10
14565550,2025-07-10
14565599,2025-07-10
14566487,2025-07-11
14566941,2025-07-11
14567275,2025-07-11
14567496,2025-07-10
14567541,2025-07-10
14567866,2025-07-10
14568324,2025-07-10
14569000,2025-07-10
14569523,2025-07-10
14569670,2025-07-10
14569898,2025-07-10
14570153,2025-07-10
14571014,2025-07-10
14571018,2025-07-10
14571644,2025-07-10
14571668,2025-07-10
14572555,2025-07-10
14572782,2025-07-10
14573027,2025-07-10
14573378,2025-07-10
14573599,2025-07-10
14573786,2025-07-10
14574071,2025-07-10
14574267,2025-07-10
14574287,2025-07-10
14574411,2025-07-10
14574513,2025-07-10
14574612,2025-07-10
14574941,2025-07-10
14575329,2025-07-10
14575947,2025-07-10
14576163,2025-07-10
14576255,2025-07-10
14576403,2025-07-10
14576460,2025-07-10
14576574,2025-07-10
14577266,2025-07-10
14577398,2025-07-10
14577650,2025-07-10
14577688,2025-07-10
14577844,2025-07-10
14578198,2025-07-10
14578289,2025-07-10
14578462,2025-07-10
14578529,2025-07-10
14578602,2025-07-10
14578758,2025-07-10
14578943,2025-07-10
14580946,2025-07-10
14581529,2025-07-11
14583424,2025-07-11
14584052,2025-07-10
14585323,2025-07-10
14585385,2025-07-10
14587119,2025-07-12
14587260,2025-07-12
14587683,2025-07-12
14587763,2025-07-12
14588464,2025-07-11
14589903,2025-07-11
14589927,2025-07-11
14589929,2025-07-11
14590067,2025-07-11
14590613,2025-07-11
14590794,2025-07-11
14591012,2025-07-11
14591664,2025-07-11
14592408,2025-07-11
14592817,2025-07-11
14593165,2025-07-11
14593287,2025-07-11
14593386,2025-07-11
14594035,2025-07-11
14594991,2025-07-11
14595421,2025-07-11
14596071,2025-07-11
14596290,2025-07-11
14597076,2025-07-11
14597360,2025-07-11
14597967,2025-07-11
14597975,2025-07-11
14598688,2025-07-11
14599046,2025-07-11
14599486,2025-07-11
14599555,2025-07-11
14599848,2025-07-11
14600061,2025-07-11
14600213,2025-07-11
14600252,2025-07-11
14600943,2025-07-11
14601508,2025-07-11
14601748,2025-07-11
14601758,2025-07-11
14601941,2025-07-11
14602080,2025-07-11
14602229,2025-07-11
14602261,2025-07-11
14602263,2025-07-11
14602621,2025-07-11
14603094,2025-07-11
14604136,2025-07-11
14604696,2025-07-12
14605309,2025-07-11
14606287,2025-07-11
14607969,2025-07-12
14608109,2025-07-11
14608667,2025-07-11
14610080,2025-07-13
14610170,2025-07-13
14610741,2025-07-13
14610817,2025-07-13
14610922,2025-07-13
14611152,2025-07-12
14611564,2025-07-12
14611834,2025-07-12
14611879,2025-07-12
14612063,2025-07-12
14612082,2025-07-12
14612252,2025-07-12
14612495,2025-07-12
14612746,2025-07-12
14612863,2025-07-12
14613046,2025-07-12
14614605,2025-07-12
14615554,2025-07-12
14615595,2025-07-12
14615838,2025-07-12
14615973,2025-07-12
14616288,2025-07-12
14616381,2025-07-12
14616653,2025-07-12
14617231,2025-07-12
14617270,2025-07-12
14617895,2025-07-12
14617976,2025-07-12
14618077,2025-07-12
14618306,2025-07-12
14618496,2025-07-12
14618501,2025-07-12
14618660,2025-07-12
14618710,2025-07-12
14619056,2025-07-13
14619146,2025-07-13
14619212,2025-07-13
14619236,2025-07-13
14619467,2025-07-14
14619509,2025-07-14
14619556,2025-07-14
14619689,2025-07-13
14619922,2025-07-13
14619953,2025-07-14
14620059,2025-07-14
14620119,2025-07-13
14620354,2025-07-14
14620805,2025-07-13
14621111,2025-07-13
14621523,2025-07-13
14621953,2025-07-13
14622045,2025-07-14
14622057,2025-07-13
14622096,2025-07-13
14622130,2025-07-13
14622248,2025-07-13
14622565,2025-07-13
14623056,2025-07-13
14623109,2025-07-13
14623798,2025-07-13
14624018,2025-07-13
14624608,2025-07-14
14625055,2025-07-13
14625485,2025-07-13
14627993,2025-07-15
14628019,2025-07-14
14629122,2025-07-15
14630319,2025-07-14
14630328,2025-07-14
14631254,2025-07-14
14631445,2025-07-14
14632424,2025-07-14
14632736,2025-07-14
14633033,2025-07-14
14634564,2025-07-15
14634717,2025-07-15
14635142,2025-07-14
14635742,2025-07-14
14636048,2025-07-14
14636657,2025-07-15
14636931,2025-07-15
14637007,2025-07-15
14637145,2025-07-15
14637576,2025-07-15
14638134,2025-07-15
14638729,2025-07-15
14639084,2025-07-15
14639461,2025-07-15
14639722,2025-07-15
14639859,2025-07-15
14640053,2025-07-15
14640179,2025-07-15
14640803,2025-07-15
14640880,2025-07-14
14641176,2025-07-14
14641185,2025-07-14
14641210,2025-07-14
14641224,2025-07-15
14642444,2025-07-14
14642451,2025-07-14
14643417,2025-07-14
14644248,2025-07-14
14644274,2025-07-14
14644338,2025-07-14
14644743,2025-07-14
14644780,2025-07-14
14644806,2025-07-14
14645263,2025-07-14
14645475,2025-07-14
14645529,2025-07-14
14645798,2025-07-14
14645811,2025-07-14
14645892,2025-07-14
14646128,2025-07-14
14646274,2025-07-14
14646547,2025-07-14
14646565,2025-07-14
14646935,2025-07-14
14647157,2025-07-14
14647998,2025-07-14
14649903,2025-07-14
14650273,2025-07-14
14650336,2025-07-14
14650515,2025-07-14
14651287,2025-07-14
14651394,2025-07-14
14651422,2025-07-14
14652330,2025-07-14
14652418,2025-07-14
14652871,2025-07-14
14652872,2025-07-14
14653061,2025-07-14
14653278,2025-07-14
14654757,2025-07-15
14655688,2025-07-15
14656167,2025-07-15
14656751,2025-07-15
14656959,2025-07-15
14657972,2025-07-15
14658905,2025-07-16
14661943,2025-07-15
14662610,2025-07-15
14663386,2025-07-15
14664130,2025-07-15
14664683,2025-07-15
14664789,2025-07-15
14664922,2025-07-15
14664978,2025-07-15
14665624,2025-07-15
14665782,2025-07-15
14665789,2025-07-15
14666049,2025-07-15
14666216,2025-07-15
14666463,2025-07-15
14666588,2025-07-15
14666731,2025-07-15
14666770,2025-07-15
14666943,2025-07-15
14667067,2025-07-15
14667315,2025-07-15
14667523,2025-07-15
14667895,2025-07-15
14668229,2025-07-15
14668554,2025-07-15
14668805,2025-07-15
14668978,2025-07-15
14669229,2025-07-15
14669583,2025-07-15
14669634,2025-07-15
14670656,2025-07-15
14670908,2025-07-15
14671023,2025-07-15
14671123,2025-07-15
14671841,2025-07-15
14672660,2025-07-16
14673108,2025-07-16
14673334,2025-07-16
14673396,2025-07-16
14673704,2025-07-16
14673752,2025-07-16
14673754,2025-07-16
14674330,2025-07-15
14674392,2025-07-15
14675431,2025-07-15
14675683,2025-07-15
14676525,2025-07-17
14676996,2025-07-17
14678268,2025-07-17
14679218,2025-07-17
14680371,2025-07-16
14681159,2025-07-16
14681283,2025-07-16
14681378,2025-07-16
14681392,2025-07-16
14681952,2025-07-16
14681997,2025-07-16
14682080,2025-07-16
14682319,2025-07-16
14682377,2025-07-16
14683145,2025-07-16
14683154,2025-07-16
14683361,2025-07-16
14683507,2025-07-16
14684349,2025-07-16
14684592,2025-07-16
14685129,2025-07-16
14685170,2025-07-16
14685580,2025-07-16
14685587,2025-07-16
14685830,2025-07-16
14686252,2025-07-16
14686301,2025-07-16
14686711,2025-07-16
14686838,2025-07-16
14687100,2025-07-16
14687293,2025-07-16
14687786,2025-07-16
14687822,2025-07-16
14688051,2025-07-16
14688226,2025-07-16
14689168,2025-07-16
14689224,2025-07-16
14690161,2025-07-16
14690228,2025-07-16
14690280,2025-07-16
14690318,2025-07-16
14690649,2025-07-16
14691464,2025-07-16
14691584,2025-07-16
14691916,2025-07-16
14692308,2025-07-16
14692733,2025-07-16
14692848,2025-07-16
14693576,2025-07-16
14694942,2025-07-16
14695657,2025-07-16
14695737,2025-07-16
14695898,2025-07-16
14696279,2025-07-16
14696840,2025-07-16
14698430,2025-07-17
14698539,2025-07-17
14699178,2025-07-16
14702015,2025-07-17
14702235,2025-07-17
14702902,2025-07-17
14702911,2025-07-17
14703026,2025-07-17
14703173,2025-07-16
14703708,2025-07-17
14703764,2025-07-18
14704360,2025-07-18
14704372,2025-07-18
14705612,2025-07-17
14705733,2025-07-18
14705835,2025-07-18
14706005,2025-07-17
14706253,2025-07-17
14706312,2025-07-17
14706473,2025-07-17
14706546,2025-07-17
14706638,2025-07-17
14706820,2025-07-17
14706853,2025-07-17
14707071,2025-07-17
14707102,2025-07-17
14707573,2025-07-17
14709194,2025-07-17
14709286,2025-07-17
14709551,2025-07-17
14709771,2025-07-17
14709830,2025-07-17
14710271,2025-07-17
14710414,2025-07-17
14710520,2025-07-17
14711082,2025-07-17
14711097,2025-07-18
14711241,2025-07-17
14711254,2025-07-17
14712034,2025-07-17
14712083,2025-07-17
14712161,2025-07-17
14712439,2025-07-17
14712812,2025-07-17
14713523,2025-07-17
14713836,2025-07-17
14714365,2025-07-17
14714703,2025-07-17
14715019,2025-07-17
14715323,2025-07-17
14715411,2025-07-17
14715435,2025-07-17
14715486,2025-07-17
14715974,2025-07-17
14716223,2025-07-17
14716251,2025-07-17
14716265,2025-07-17
14716414,2025-07-17
14716734,2025-07-17
14716878,2025-07-17
14717014,2025-07-17
14717222,2025-07-17
14717334,2025-07-17
14717412,2025-07-17
14717967,2025-07-17
14718171,2025-07-17
14718345,2025-07-17
14718404,2025-07-17
14718465,2025-07-17
14718774,2025-07-17
14718833,2025-07-17
14719106,2025-07-17
14719722,2025-07-17
14719953,2025-07-17
14720252,2025-07-17
14720475,2025-07-17
14720994,2025-07-17
14721609,2025-07-17
14721993,2025-07-17
14723000,2025-07-17
14723083,2025-07-17
14723428,2025-07-17
14724216,2025-07-17
14724466,2025-07-17
14724610,2025-07-17
14725197,2025-07-17
14726470,2025-07-18
14727409,2025-07-17
14728132,2025-07-18
14729683,2025-07-18
14729798,2025-07-18
14730129,2025-07-18
14730610,2025-07-18
14730632,2025-07-18
14730670,2025-07-18
14731290,2025-07-18
14731500,2025-07-18
14731731,2025-07-18
14732195,2025-07-18
14732394,2025-07-18
14733040,2025-07-18
14733758,2025-07-18
14733821,2025-07-18
14734012,2025-07-18
14734311,2025-07-19
14734327,2025-07-19
14734473,2025-07-19
14735024,2025-07-19
14735132,2025-07-18
14736134,2025-07-18
14736436,2025-07-18
14736450,2025-07-18
14736959,2025-07-18
14737905,2025-07-18
14738159,2025-07-18
14738720,2025-07-18
14739366,2025-07-18
14739605,2025-07-18
14739754,2025-07-18
14739831,2025-07-18
14740142,2025-07-18
14740232,2025-07-18
14740914,2025-07-18
14740970,2025-07-18
14741251,2025-07-18
14741319,2025-07-18
14741503,2025-07-18
14741524,2025-07-18
14741838,2025-07-18
14741974,2025-07-18
14742105,2025-07-18
14742107,2025-07-18
14742250,2025-07-18
14742273,2025-07-18
14742386,2025-07-18
14742718,2025-07-18
14743044,2025-07-18
14743101,2025-07-18
14743131,2025-07-18
14743753,2025-07-18
14743801,2025-07-18
14743902,2025-07-18
14744084,2025-07-18
14744168,2025-07-18
14744267,2025-07-18
14744333,2025-07-18
14745258,2025-07-18
14745691,2025-07-19
14746306,2025-07-19
14747150,2025-07-19
14748474,2025-07-19
14749793,2025-07-18
14750044,2025-07-18
14750052,2025-07-18
14750081,2025-07-18
14750510,2025-07-19
14751395,2025-07-19
14752309,2025-07-19
14752518,2025-07-19
14752524,2025-07-19
14752559,2025-07-19
14752620,2025-07-19
14752900,2025-07-19
14753028,2025-07-19
14753048,2025-07-19
14753559,2025-07-19
14753911,2025-07-19
14754752,2025-07-19
14755121,2025-07-19
14755152,2025-07-19
14756716,2025-07-19
14756987,2025-07-19
14757351,2025-07-20
14757499,2025-07-20
14757720,2025-07-20
14757806,2025-07-20
14758577,2025-07-19
14758870,2025-07-19
14758953,2025-07-19
14758960,2025-07-19
14758972,2025-07-19
14759493,2025-07-19
14760348,2025-07-21
14760406,2025-07-21
14761152,2025-07-22
14761348,2025-07-22
14765361,2025-07-22
14765710,2025-07-22
14766019,2025-07-22
14766236,2025-07-22
14766316,2025-07-22
14766658,2025-07-21
14766740,2025-07-22
14766804,2025-07-21
14766955,2025-07-22
14767019,2025-07-22
14767182,2025-07-21
14767225,2025-07-22
14767445,2025-07-21
14767719,2025-07-21
14767768,2025-07-21
14767862,2025-07-21
14768045,2025-07-21
14768089,2025-07-21
14768328,2025-07-21
14768964,2025-07-21
14769146,2025-07-21
14769283,2025-07-21
14769761,2025-07-22
14770623,2025-07-21
14770656,2025-07-21
14770908,2025-07-21
14770931,2025-07-21
14771638,2025-07-21
14772049,2025-07-21
14772106,2025-07-21
14772414,2025-07-21
14772505,2025-07-21
14772602,2025-07-21
14772630,2025-07-21
14773676,2025-07-21
14773999,2025-07-21
14774109,2025-07-21
14774397,2025-07-21
14774688,2025-07-21
14774965,2025-07-21
14775081,2025-07-21
14775449,2025-07-21
14775506,2025-07-21
14775850,2025-07-21
14776071,2025-07-21
14776372,2025-07-21
14776393,2025-07-21
14776733,2025-07-21
14776875,2025-07-21
14777389,2025-07-21
14777664,2025-07-21
14777665,2025-07-21
14778483,2025-07-21
14778599,2025-07-21
14778730,2025-07-21
14778816,2025-07-21
14779180,2025-07-21
14779428,2025-07-21
14779453,2025-07-21
14779803,2025-07-21
14780119,2025-07-21
14780253,2025-07-21
14780378,2025-07-21
14781171,2025-07-21
14781196,2025-07-21
14781472,2025-07-21
14781857,2025-07-21
14782182,2025-07-21
14782543,2025-07-21
14783312,2025-07-21
14783445,2025-07-21
14784103,2025-07-20
14784117,2025-07-20
14784171,2025-07-20
14784581,2025-07-20
14784676,2025-07-20
14784914,2025-07-20
14785380,2025-07-20
14785618,2025-07-20
14785812,2025-07-20
14785971,2025-07-20
14786005,2025-07-20
14786105,2025-07-20
14786258,2025-07-20
14786307,2025-07-20
14786340,2025-07-20
14786364,2025-07-20
14786622,2025-07-20
14786995,2025-07-20
14787009,2025-07-20
14787775,2025-07-20
14787922,2025-07-20
14788561,2025-07-20
14789169,2025-07-20
14789460,2025-07-20
14789544,2025-07-20
14789605,2025-07-20
14789828,2025-07-20
14790154,2025-07-20
14790226,2025-07-19
14790339,2025-07-20
14790404,2025-07-20
14790415,2025-07-20
14791093,2025-07-19
14791379,2025-07-21
14791690,2025-07-21
14792406,2025-07-20
14792866,2025-07-22
14793564,2025-07-23
14794196,2025-07-23
14794213,2025-07-23
14794517,2025-07-23
14794580,2025-07-23
14794794,2025-07-23
14794803,2025-07-23
14794818,2025-07-23
14794984,2025-07-23
14795152,2025-07-23
14795557,2025-07-23
14795569,2025-07-22
14795640,2025-07-22
14795790,2025-07-23
14796017,2025-07-23
14796700,2025-07-23
14796945,2025-07-22
14797643,2025-07-22
14797696,2025-07-22
14797834,2025-07-22
14797913,2025-07-23
14798072,2025-07-22
14798798,2025-07-22
14799008,2025-07-22
14799068,2025-07-22
14799243,2025-07-22
14800158,2025-07-22
14800300,2025-07-22
14800942,2025-07-22
14800947,2025-07-22
14801555,2025-07-22
14802756,2025-07-22
14802757,2025-07-22
14803040,2025-07-22
14803547,2025-07-22
14804475,2025-07-22
14804651,2025-07-22
14804701,2025-07-22
14804788,2025-07-22
14804892,2025-07-22
14805639,2025-07-22
14806974,2025-07-22
14807149,2025-07-22
14808018,2025-07-22
14808131,2025-07-22
14808832,2025-07-22
14808953,2025-07-22
14809062,2025-07-22
14810223,2025-07-22
14810681,2025-07-22
14810702,2025-07-22
14810778,2025-07-22
14811748,2025-07-22
14812343,2025-07-22
14813581,2025-07-22
14815087,2025-07-22
14815296,2025-07-22
14815405,2025-07-22
14815981,2025-07-22
14817593,2025-07-23
14818405,2025-07-23
14818480,2025-07-23
14821011,2025-07-24
14821633,2025-07-23
14821676,2025-07-23
14821901,2025-07-23
14822590,2025-07-24
14823289,2025-07-24
14823392,2025-07-24
14824475,2025-07-23
14824893,2025-07-23
14825270,2025-07-23
14825502,2025-07-23
14826270,2025-07-23
14828475,2025-07-23
14828523,2025-07-23
14829937,2025-07-23
14830339,2025-07-23
14830802,2025-07-24
14833009,2025-07-23
14833410,2025-07-23
14833632,2025-07-23
14833703,2025-07-23
14833818,2025-07-23
14833896,2025-07-23
14833977,2025-07-23
14834179,2025-07-23
14834212,2025-07-23
14835521,2025-07-23
14835645,2025-07-23
14835732,2025-07-23
14835870,2025-07-23
14835954,2025-07-23
14836065,2025-07-23
14836408,2025-07-23
14836574,2025-07-23
14836657,2025-07-23
14837458,2025-07-23
14837803,2025-07-23
14838260,2025-07-23
14838292,2025-07-23
14838369,2025-07-23
14838612,2025-07-23
14838782,2025-07-23
14839242,2025-07-23
14839366,2025-07-23
14839510,2025-07-23
14839574,2025-07-23
14839577,2025-07-23
14839668,2025-07-23
14839670,2025-07-23
14839782,2025-07-23
14839840,2025-07-23
14840870,2025-07-23
14841438,2025-07-23
14841625,2025-07-23
14841722,2025-07-23
14842283,2025-07-23
14842579,2025-07-23
14842633,2025-07-23
14842869,2025-07-23
14842937,2025-07-23
14843183,2025-07-23
14843771,2025-07-23
14844376,2025-07-23
14844986,2025-07-23
14845044,2025-07-23
14845321,2025-07-23
14845512,2025-07-23
14845533,2025-07-23
14845551,2025-07-23
14845603,2025-07-23
14847188,2025-07-24
14848796,2025-07-24
14850558,2025-07-24
14850694,2025-07-24
14851862,2025-07-24
14855404,2025-07-24
14855625,2025-07-24
14855708,2025-07-24
14856236,2025-07-24
14856689,2025-07-24
14856746,2025-07-24
14856943,2025-07-24
14857028,2025-07-24
14857969,2025-07-24
14858450,2025-07-24
14858836,2025-07-24
14859001,2025-07-24
14859522,2025-07-24
14859587,2025-07-24
14859624,2025-07-24
14860477,2025-07-24
14861146,2025-07-24
14861180,2025-07-24
14861207,2025-07-24
14861318,2025-07-24
14861686,2025-07-24
14861932,2025-07-24
14862180,2025-07-24
14862777,2025-07-24
14862799,2025-07-24
14863047,2025-07-24
14863225,2025-07-24
14863389,2025-07-24
14863606,2025-07-24
14863828,2025-07-24
14864217,2025-07-24
14864594,2025-07-24
14864959,2025-07-24
14864960,2025-07-24
14865475,2025-07-24
14865793,2025-07-24
14865888,2025-07-24
14865957,2025-07-24
14866255,2025-07-24
14866685,2025-07-24
14869653,2025-07-25
14869772,2025-07-24
14869808,2025-07-24
14870025,2025-07-24
14870323,2025-07-24
14870500,2025-07-26
14870773,2025-07-26
14870910,2025-07-26
14871045,2025-07-26
14872448,2025-07-26
14872710,2025-07-26
14873040,2025-07-25
14873615,2025-07-25
14874352,2025-07-25
14874392,2025-07-25
14875054,2025-07-25
14875208,2025-07-25
14875360,2025-07-25
14875704,2025-07-25
14875771,2025-07-25
14876285,2025-07-25
14876361,2025-07-25
14876708,2025-07-25
14877375,2025-07-25
14877620,2025-07-25
14877792,2025-07-25
14878000,2025-07-25
14878679,2025-07-25
14878947,2025-07-25
14879213,2025-07-25
14879276,2025-07-25
14879304,2025-07-25
14879557,2025-07-25
14880121,2025-07-25
14880422,2025-07-25
14881374,2025-07-25
14881508,2025-07-25
14881696,2025-07-25
14881938,2025-07-25
14882063,2025-07-25
14882458,2025-07-25
14882594,2025-07-25
14882782,2025-07-25
14882896,2025-07-25
14883195,2025-07-25
14883595,2025-07-25
14883682,2025-07-25
14883688,2025-07-25
14883740,2025-07-25
14884372,2025-07-25
14885434,2025-07-25
14886514,2025-07-25
14886613,2025-07-25
14886707,2025-07-25
14886993,2025-07-25
14888236,2025-07-25
14889064,2025-07-26
14889121,2025-07-26
14890246,2025-07-25
14895120,2025-07-26
14895357,2025-07-26
14895421,2025-07-26
14895702,2025-07-26
14896134,2025-07-26
14896265,2025-07-26
14896406,2025-07-26
14896462,2025-07-26
14896496,2025-07-26
14896600,2025-07-26
14896823,2025-07-26
14897024,2025-07-26
14897160,2025-07-26
14897223,2025-07-26
14897475,2025-07-26
14897799,2025-07-26
14898029,2025-07-26
14898093,2025-07-26
14898898,2025-07-27
14899093,2025-07-26
14900463,2025-07-26
14901521,2025-07-26
14901844,2025-07-26
14901940,2025-07-26
14902248,2025-07-27
14902383,2025-07-26
14902849,2025-07-26
14902960,2025-07-26
14903385,2025-07-27
14903938,2025-07-27
14904052,2025-07-26
14904105,2025-07-26
14904543,2025-07-26
14904602,2025-07-26
14904621,2025-07-26
14905509,2025-07-28
14905638,2025-07-28
14907303,2025-07-28
14907314,2025-07-28
14907919,2025-07-27
14908433,2025-07-27
14908805,2025-07-28
14908826,2025-07-27
14908932,2025-07-27
14909198,2025-07-27
14909225,2025-07-27
14909401,2025-07-27
14910060,2025-07-27
14910164,2025-07-27
14910214,2025-07-27
14910221,2025-07-27
14910297,2025-07-27
14910553,2025-07-27
14910855,2025-07-27
14911124,2025-07-27
14911291,2025-07-27
14911381,2025-07-27
14911620,2025-07-27
14911781,2025-07-27
14912236,2025-07-27
14912523,2025-07-27
14913136,2025-07-27
14913257,2025-07-28
14913498,2025-07-28
14914204,2025-07-29
14914328,2025-07-28
14914561,2025-07-29
14914764,2025-07-29
14914902,2025-07-29
14915008,2025-07-29
14916075,2025-07-28
14916369,2025-07-29
14916938,2025-07-29
14917497,2025-07-29
14917661,2025-07-29
14917872,2025-07-29
14917944,2025-07-29
14918433,2025-07-28
14918439,2025-07-28
14918591,2025-07-28
14918821,2025-07-28
14920108,2025-07-28
14920507,2025-07-28
14921181,2025-07-28
14921651,2025-07-28
14921877,2025-07-28
14922659,2025-07-28
14922671,2025-07-28
14922906,2025-07-28
14923120,2025-07-28
14923227,2025-07-28
14924115,2025-07-28
14924555,2025-07-28
14925053,2025-07-28
14925580,2025-07-28
14925786,2025-07-28
14926820,2025-07-28
14926983,2025-07-28
14928049,2025-07-28
14928197,2025-07-28
14928327,2025-07-28
14928469,2025-07-28
14929432,2025-07-28
14929511,2025-07-28
14929561,2025-07-28
14929828,2025-07-28
14930312,2025-07-28
14930683,2025-07-28
14930824,2025-07-28
14930850,2025-07-28
14931133,2025-07-28
14931745,2025-07-28
14931824,2025-07-28
14932489,2025-07-28
14932668,2025-07-28
14934018,2025-07-28
14934028,2025-07-28
14935025,2025-07-28
14935179,2025-07-28
14935225,2025-07-28
14935782,2025-07-28
14936511,2025-07-28
14936613,2025-07-28
14938330,2025-07-30
14938765,2025-07-30
14939086,2025-07-30
14939772,2025-07-30
14939793,2025-07-30
14939802,2025-07-30
14939826,2025-07-30
14940044,2025-07-30
14940058,2025-07-30
14940363,2025-07-29
14940931,2025-07-29
14941225,2025-07-30
14941558,2025-07-30
14941589,2025-07-30
14942282,2025-07-30
14942505,2025-07-29
14942826,2025-07-29
14942832,2025-07-29
14942925,2025-07-29
14943227,2025-07-29
14943563,2025-07-29
14944498,2025-07-29
14944579,2025-07-29
14944597,2025-07-29
14944740,2025-07-29
14945447,2025-07-29
14945766,2025-07-29
14945908,2025-07-29
14945967,2025-07-29
14946088,2025-07-29
14946465,2025-07-29
14946887,2025-07-29
14947193,2025-07-29
14947514,2025-07-29
14947543,2025-07-29
14947912,2025-07-29
14948080,2025-07-29
14948081,2025-07-29
14948132,2025-07-29
14948975,2025-07-29
14949034,2025-07-29
14949243,2025-07-29
14949743,2025-07-29
14949764,2025-07-29
14949772,2025-07-29
14949866,2025-07-29
14950741,2025-07-29
14950910,2025-07-29
14951410,2025-07-29
14951499,2025-07-29
14951628,2025-07-29
14951659,2025-07-29
14952156,2025-07-29
14952577,2025-07-29
14952792,2025-07-29
14953720,2025-07-29
14954153,2025-07-29
14954272,2025-07-29
14955031,2025-07-29
14955249,2025-07-29
14955601,2025-07-29
14955658,2025-07-29
14955790,2025-07-29
14955815,2025-07-29
14955960,2025-07-29
14955980,2025-07-29
14955997,2025-07-29
14956233,2025-07-29
14956681,2025-07-29
14956688,2025-07-29
14956889,2025-07-29
14957994,2025-07-29
14959181,2025-07-29
14959709,2025-07-29
14960244,2025-07-29
14960469,2025-07-29
14960623,2025-07-29
14962269,2025-07-29
14962300,2025-07-29
14962315,2025-07-29
14963134,2025-07-31
14963482,2025-07-31
14963654,2025-07-31
14966306,2025-07-30
14966446,2025-07-30
14966906,2025-07-30
14967060,2025-07-30
14967472,2025-07-30
14969083,2025-07-30
14969290,2025-07-30
14969493,2025-07-30
14970068,2025-07-30
14970387,2025-07-30
14970576,2025-07-30
14970822,2025-07-30
14971309,2025-07-30
14971703,2025-07-30
14971904,2025-07-30
14972061,2025-07-30
14972393,2025-07-30
14972653,2025-07-30
14972691,2025-07-30
14973974,2025-07-30
14974206,2025-07-30
14974578,2025-07-30
14974932,2025-07-30
14974982,2025-07-30
14975341,2025-07-30
14975972,2025-07-30
14976299,2025-07-30
14976581,2025-07-30
14976783,2025-07-30
14976948,2025-07-30
14977212,2025-07-30
14977214,2025-07-30
14977608,2025-07-30
14979066,2025-07-30
14979287,2025-07-30
14979754,2025-07-30
14979776,2025-07-30
14980839,2025-07-30
14980870,2025-07-30
14980945,2025-07-30
14981127,2025-07-30
14981308,2025-07-30
14981394,2025-07-30
14981429,2025-07-30
14981928,2025-07-30
14983239,2025-07-30
14983577,2025-07-30
14983730,2025-07-30
14983922,2025-07-30
14985311,2025-07-31
14985469,2025-07-31
14985737,2025-07-31
14985769,2025-07-31
14986064,2025-07-31
14986178,2025-07-31
14986203,2025-07-31
14986260,2025-07-31
14986373,2025-07-31
14986643,2025-07-30
14986958,2025-07-30
14987506,2025-07-30
14988085,2025-08-01
14990050,2025-08-01
14990129,2025-07-31
14990656,2025-07-31
14990891,2025-07-31
14990928,2025-07-31
14990969,2025-07-31
14991191,2025-07-31
14991462,2025-07-31
14991476,2025-07-31
14991576,2025-07-31
14991683,2025-07-31
14992763,2025-07-31
14993248,2025-07-31
14993396,2025-07-31
14994092,2025-07-31
14995092,2025-07-31
14995347,2025-07-31
14996741,2025-07-31
14997709,2025-07-31
14998399,2025-07-31
14998436,2025-07-31
14999159,2025-07-31
14999620,2025-07-31
14999738,2025-07-31
14999777,2025-07-31
14999978,2025-07-31
15000364,2025-07-31
15002021,2025-07-31
15002387,2025-07-31
15002697,2025-07-31
15002744,2025-07-31
15003857,2025-07-31
15004444,2025-07-31
15005187,2025-07-31
15005301,2025-07-31
15005552,2025-07-31
15005696,2025-07-31
15006003,2025-07-31
15006184,2025-07-31
15006832,2025-07-31
15007027,2025-07-31
15007635,2025-07-31
15007826,2025-07-31
15007857,2025-07-31
15009015,2025-07-31
15009139,2025-07-31
15009957,2025-08-01
15010945,2025-07-31
15011039,2025-08-01
15011986,2025-07-31
15012143,2025-07-31
15013341,2025-08-04
15013858,2025-08-03
15015968,2025-08-03
15016282,2025-08-03
15016458,2025-08-03
15016486,2025-08-03
15017093,2025-08-03
15017097,2025-08-03
15017308,2025-08-03
15017564,2025-08-03
15017728,2025-08-03
15017991,2025-08-03
15018287,2025-08-03
15018716,2025-08-03
15019203,2025-08-03
15019483,2025-08-03
15019760,2025-08-03
15019911,2025-08-03
15020373,2025-08-03
15020421,2025-08-03
15020622,2025-08-02
15021255,2025-08-02
15021279,2025-08-02
15021390,2025-08-02
15021899,2025-08-02
15022281,2025-08-02
15022384,2025-08-02
15022637,2025-08-02
15022838,2025-08-02
15023178,2025-08-02
15023362,2025-08-02
15023628,2025-08-02
15023786,2025-08-02
15023995,2025-08-02
15024177,2025-08-02
15024302,2025-08-02
15024652,2025-08-02
15024725,2025-08-02
15024746,2025-08-02
15025001,2025-08-02
15025059,2025-08-02
15025199,2025-08-02
15025602,2025-08-02
15025882,2025-08-02
15026380,2025-08-02
15026665,2025-08-02
15026939,2025-08-02
15027139,2025-08-02
15027283,2025-08-02
15027413,2025-08-02
15027623,2025-08-02
15028014,2025-08-02
15028055,2025-08-02
15029902,2025-08-02
15030247,2025-08-01
15030521,2025-08-02
15030799,2025-08-01
15032006,2025-08-01
15032280,2025-08-02
15032332,2025-08-01
15032791,2025-08-01
15033469,2025-08-01
15033501,2025-08-01
15034365,2025-08-01
15035740,2025-08-01
15036482,2025-08-01
15036970,2025-08-01
15038259,2025-08-01
15039828,2025-08-01
15040217,2025-08-01
15040330,2025-08-01
15040461,2025-08-01
15040715,2025-08-01
15041007,2025-08-01
15041508,2025-08-01
15041970,2025-08-01
15042374,2025-08-01
15043014,2025-08-01
15043046,2025-08-01
15043528,2025-08-01
15043652,2025-08-01
15043900,2025-08-01
15043998,2025-08-01
15045529,2025-08-01
15046364,2025-08-01
15046412,2025-08-01
15047181,2025-08-01
15047287,2025-08-01
15048623,2025-08-01
15048688,2025-08-01
15048736,2025-08-01
15048976,2025-08-01
15050016,2025-08-01
15050242,2025-08-01
15050309,2025-08-01
15050446,2025-08-01
15050510,2025-08-01
15051127,2025-08-04
15051439,2025-08-04
15051536,2025-08-03
15051612,2025-08-03
15052537,2025-08-01
15052628,2025-08-02
15053060,2025-08-03
15053182,2025-08-03
15053308,2025-08-03
15056725,2025-08-04
15058573,2025-08-04
15060248,2025-08-05
15060985,2025-08-04
15062651,2025-08-04
15062788,2025-08-04
15063007,2025-08-04
15063148,2025-08-04
15064627,2025-08-05
15064742,2025-08-05
15064872,2025-08-05
15065598,2025-08-04
15066080,2025-08-04
15066082,2025-08-04
15066089,2025-08-04
15066237,2025-08-04
15066318,2025-08-04
15066853,2025-08-04
15067245,2025-08-04
15067334,2025-08-04
15067480,2025-08-04
15067649,2025-08-04
15067765,2025-08-04
15068158,2025-08-04
15068406,2025-08-04
15068499,2025-08-04
15068730,2025-08-04
15069090,2025-08-04
15069143,2025-08-04
15069277,2025-08-04
15069487,2025-08-04
15070016,2025-08-04
15070240,2025-08-04
15070552,2025-08-04
15070595,2025-08-04
15071233,2025-08-04
15072224,2025-08-04
15072319,2025-08-04
15072464,2025-08-04
15073049,2025-08-04
15073335,2025-08-04
15073364,2025-08-04
15073790,2025-08-04
15073837,2025-08-04
15074670,2025-08-04
15074746,2025-08-04
15074775,2025-08-04
15074823,2025-08-04
15075498,2025-08-04
15075706,2025-08-04
15076045,2025-08-04
15076106,2025-08-04
15076113,2025-08-04
15076251,2025-08-04
15076588,2025-08-04
15077002,2025-08-04
15077594,2025-08-04
15077800,2025-08-04
15079748,2025-08-05
15080918,2025-08-05
15081655,2025-08-05
15081979,2025-08-05
15083998,2025-08-05
15084026,2025-08-05
15084314,2025-08-06
15087152,2025-08-06
15087169,2025-08-05
15087687,2025-08-06
15088250,2025-08-06
15089276,2025-08-05
15089496,2025-08-05
15089725,2025-08-05
15089779,2025-08-05
15090037,2025-08-05
15090269,2025-08-05
15090451,2025-08-05
15090547,2025-08-05
15090713,2025-08-05
15090938,2025-08-05
15091299,2025-08-05
15091331,2025-08-06
15091839,2025-08-05
15092148,2025-08-05
15092889,2025-08-05
15093181,2025-08-05
15093271,2025-08-05
15093736,2025-08-05
15093784,2025-08-05
15093921,2025-08-05
15094353,2025-08-05
15094827,2025-08-05
15094983,2025-08-05
15095358,2025-08-05
15095470,2025-08-05
15095609,2025-08-05
15095649,2025-08-05
15095672,2025-08-05
15095673,2025-08-05
15095779,2025-08-05
15095780,2025-08-05
15096132,2025-08-05
15096263,2025-08-05
15096318,2025-08-05
15096445,2025-08-05
15096687,2025-08-05
15098087,2025-08-05
15098262,2025-08-05
15098353,2025-08-05
15098800,2025-08-05
15099398,2025-08-05
15100790,2025-08-05
15100887,2025-08-05
15102450,2025-08-05
15103239,2025-08-05
15103567,2025-08-05
15105286,2025-08-07
15108072,2025-08-06
15108886,2025-08-07
15110566,2025-08-07
15111375,2025-08-06
15111415,2025-08-06
15112002,2025-08-06
15113601,2025-08-07
15113704,2025-08-07
15113847,2025-08-07
15114098,2025-08-07
15114658,2025-08-07
15114675,2025-08-06
15114722,2025-08-07
15115262,2025-08-06
15115459,2025-08-06
15115957,2025-08-06
15116472,2025-08-06
15116870,2025-08-06
15116903,2025-08-06
15117252,2025-08-06
15117468,2025-08-06
15117651,2025-08-06
15117803,2025-08-06
15117842,2025-08-06
15117952,2025-08-06
15118014,2025-08-06
15118023,2025-08-06
15118057,2025-08-06
15118697,2025-08-06
15118710,2025-08-06
15118847,2025-08-06
15119232,2025-08-06
15119534,2025-08-06
15120081,2025-08-06
15120423,2025-08-06
15120496,2025-08-06
15120653,2025-08-06
15120809,2025-08-06
15121047,2025-08-06
15121137,2025-08-06
15121314,2025-08-06
15121494,2025-08-06
15122268,2025-08-06
15122651,2025-08-06
15122886,2025-08-06
15123091,2025-08-06
15123169,2025-08-06
15123195,2025-08-06
15123557,2025-08-06
15124054,2025-08-06
15124164,2025-08-06
15124912,2025-08-06
15125657,2025-08-06
15125677,2025-08-06
15126495,2025-08-06
15126581,2025-08-06
15126773,2025-08-06
15126849,2025-08-06
15126895,2025-08-06
15127026,2025-08-06
15127235,2025-08-06
15127528,2025-08-06
15128226,2025-08-06
15128664,2025-08-06
15128693,2025-08-06
15129000,2025-08-06
15130714,2025-08-06
15131963,2025-08-07
15133465,2025-08-07
15134915,2025-08-07
15138658,2025-08-07
15139899,2025-08-07
15140139,2025-08-07
15140373,2025-08-07
15140559,2025-08-07
15141922,2025-08-08
15144183,2025-08-07
15144300,2025-08-07
15144565,2025-08-07
15145184,2025-08-07
15145345,2025-08-07
15145400,2025-08-07
15145651,2025-08-07
15145753,2025-08-07
15145779,2025-08-07
15145978,2025-08-07
15146210,2025-08-07
15146736,2025-08-07
15147222,2025-08-07
15147246,2025-08-07
15147580,2025-08-07
15147918,2025-08-07
15148334,2025-08-07
15148566,2025-08-07
15148791,2025-08-07
15149018,2025-08-07
15149434,2025-08-07
15149569,2025-08-07
15149658,2025-08-07
15150054,2025-08-07
15150113,2025-08-07
15150136,2025-08-07
15150310,2025-08-07
15150397,2025-08-07
15150470,2025-08-07
15150654,2025-08-07
15150751,2025-08-07
15150757,2025-08-07
15151161,2025-08-07
15151278,2025-08-07
15151336,2025-08-07
15151373,2025-08-07
15151562,2025-08-07
15153831,2025-08-07
15153869,2025-08-07
15154049,2025-08-07
15154418,2025-08-07
15154482,2025-08-07
15155808,2025-08-08
15155881,2025-08-07
15156171,2025-08-07
15156249,2025-08-07
15156284,2025-08-07
15156326,2025-08-07
15156475,2025-08-07
15157004,2025-08-08
15157526,2025-08-09
15159246,2025-08-09
15159523,2025-08-09
15159648,2025-08-09
15159684,2025-08-08
15160160,2025-08-09
15160553,2025-08-09
15160798,2025-08-08
15161425,2025-08-08
15162358,2025-08-08
15162737,2025-08-08
15163235,2025-08-08
15163244,2025-08-08
15164028,2025-08-08
15164764,2025-08-08
15165093,2025-08-08
15165296,2025-08-08
15165629,2025-08-08
15165942,2025-08-08
15167075,2025-08-08
15167190,2025-08-08
15167228,2025-08-08
15167733,2025-08-08
15167921,2025-08-08
15168080,2025-08-08
15168705,2025-08-08
15168732,2025-08-08
15168913,2025-08-08
15169031,2025-08-08
15169652,2025-08-08
15169913,2025-08-08
15170757,2025-08-08
15170857,2025-08-08
15171489,2025-08-08
15172381,2025-08-08
15172416,2025-08-08
15173535,2025-08-08
15173923,2025-08-08
15174148,2025-08-08
15174297,2025-08-08
15174321,2025-08-08
15174392,2025-08-08
15174474,2025-08-08
15175632,2025-08-08
15175751,2025-08-08
15175772,2025-08-08
15176862,2025-08-08
15177039,2025-08-08
15178248,2025-08-08
15179314,2025-08-08
15179531,2025-08-08
15179612,2025-08-08
15180298,2025-08-08
15180325,2025-08-08
15180334,2025-08-08
15181798,2025-08-10
15182845,2025-08-09
15183020,2025-08-09
15183343,2025-08-09
15184856,2025-08-09
15185108,2025-08-10
15185832,2025-08-09
15185932,2025-08-09
15186040,2025-08-09
15186042,2025-08-09
15186061,2025-08-09
15186466,2025-08-09
15186839,2025-08-09
15187008,2025-08-09
15187144,2025-08-09
15187305,2025-08-09
15187554,2025-08-09
15187590,2025-08-09
15187824,2025-08-09
15187986,2025-08-09
15188021,2025-08-09
15188212,2025-08-09
15188446,2025-08-09
15188737,2025-08-09
15189086,2025-08-09
15189299,2025-08-09
15190646,2025-08-09
15190767,2025-08-09
15190924,2025-08-09
15191024,2025-08-09
15191372,2025-08-11
15192353,2025-08-11
15193565,2025-08-11
15193611,2025-08-10
15193803,2025-08-11
15194120,2025-08-11
15194240,2025-08-10
15194372,2025-08-11
15194824,2025-08-10
15194870,2025-08-10
15194980,2025-08-10
15195320,2025-08-10
15195562,2025-08-10
15195644,2025-08-10
15195904,2025-08-10
15195965,2025-08-10
15195982,2025-08-10
15196004,2025-08-10
15196566,2025-08-10
15196745,2025-08-10
15196866,2025-08-10
15197027,2025-08-10
15197633,2025-08-10
15198008,2025-08-11
15201805,2025-08-12
15203999,2025-08-12
15204074,2025-08-12
15204595,2025-08-12
15204947,2025-08-12
15205040,2025-08-12
15205430,2025-08-12
15205511,2025-08-12
15206060,2025-08-11
15206125,2025-08-11
15206448,2025-08-11
15206690,2025-08-11
15206699,2025-08-11
15207246,2025-08-11
15207589,2025-08-11
15207673,2025-08-11
15207940,2025-08-11
15208019,2025-08-11
15208092,2025-08-11
15208124,2025-08-11
15208991,2025-08-11
15208997,2025-08-11
15209689,2025-08-11
15210202,2025-08-11
15210224,2025-08-11
15210499,2025-08-11
15210594,2025-08-11
15210884,2025-08-11
15211078,2025-08-11
15211358,2025-08-11
15211406,2025-08-11
15212396,2025-08-11
15212501,2025-08-11
15212866,2025-08-11
15214114,2025-08-11
15214161,2025-08-11
15215021,2025-08-11
15215644,2025-08-11
15215780,2025-08-11
15216083,2025-08-11
15217230,2025-08-11
15217463,2025-08-11
15217846,2025-08-11
15217940,2025-08-11
15218073,2025-08-11
15218086,2025-08-11
15218268,2025-08-11
15218535,2025-08-11
15219027,2025-08-11
15219367,2025-08-11
15219747,2025-08-11
15220504,2025-08-11
15221164,2025-08-11
15221220,2025-08-11
15221274,2025-08-11
15221384,2025-08-11
15222066,2025-08-12
15222126,2025-08-12
15222455,2025-08-12
15222480,2025-08-12
15222823,2025-08-12
15223116,2025-08-13
15223495,2025-08-13
15224178,2025-08-12
15224351,2025-08-12
15224510,2025-08-12
15224704,2025-08-12
15224944,2025-08-12
15225814,2025-08-12
15226178,2025-08-12
15227261,2025-08-12
15227338,2025-08-12
15227556,2025-08-12
15227669,2025-08-12
15228022,2025-08-12
15228164,2025-08-12
15228459,2025-08-12
15228745,2025-08-12
15229498,2025-08-12
15229775,2025-08-12
15230243,2025-08-12
15230446,2025-08-12
15230471,2025-08-12
15230498,2025-08-12
15231207,2025-08-12
15231797,2025-08-12
15231886,2025-08-12
15232043,2025-08-12
15232045,2025-08-12
15233375,2025-08-12
15233480,2025-08-12
15233833,2025-08-12
15234092,2025-08-12
15234267,2025-08-12
15235649,2025-08-12
15235709,2025-08-12
15235868,2025-08-12
15236147,2025-08-12
15236416,2025-08-12
15236992,2025-08-12
15237037,2025-08-12
15238069,2025-08-12
15239362,2025-08-12
15239733,2025-08-12
15239909,2025-08-12
15240358,2025-08-12
15241251,2025-08-12
15241597,2025-08-12
15241838,2025-08-12
15244959,2025-08-12
15245383,2025-08-12
15245411,2025-08-12
15245734,2025-08-12
15245907,2025-08-12
15246076,2025-08-13
15246952,2025-08-13
15248337,2025-08-13
15248790,2025-08-13
15248811,2025-08-13
15249514,2025-08-12
15249546,2025-08-12
15252412,2025-08-14
15252438,2025-08-14
15252526,2025-08-14
15252681,2025-08-14
15252704,2025-08-14
15253697,2025-08-14
15254452,2025-08-14
15254489,2025-08-14
15254785,2025-08-14
15254970,2025-08-13
15255014,2025-08-13
15255039,2025-08-13
15255043,2025-08-13
15255078,2025-08-13
15255170,2025-08-13
15255208,2025-08-13
15255297,2025-08-13
15255298,2025-08-13
15255431,2025-08-13
15255660,2025-08-13
15255815,2025-08-13
15256824,2025-08-13
15257657,2025-08-13
15258161,2025-08-13
15258622,2025-08-13
15259110,2025-08-13
15259180,2025-08-13
15259572,2025-08-13
15260043,2025-08-13
15260816,2025-08-13
15261500,2025-08-13
15262451,2025-08-13
15262646,2025-08-13
15262678,2025-08-13
15262797,2025-08-13
15262959,2025-08-13
15263811,2025-08-13
15263938,2025-08-13
15265103,2025-08-13
15265419,2025-08-13
15265438,2025-08-13
15265599,2025-08-13
15265776,2025-08-13
15265870,2025-08-13
15265956,2025-08-13
15266791,2025-08-13
15267195,2025-08-13
15267843,2025-08-13
15268045,2025-08-13
15268589,2025-08-13
15268846,2025-08-13
15269687,2025-08-13
15270287,2025-08-13
15270984,2025-08-13
15271276,2025-08-13
15273399,2025-08-13
15275314,2025-08-13
15275861,2025-08-13
15276581,2025-08-15
15276905,2025-08-15
15277145,2025-08-15
15277328,2025-08-15
15277563,2025-08-15
15279086,2025-08-15
15279295,2025-08-15
15279652,2025-08-14
15279688,2025-08-14
15280211,2025-08-14
15280226,2025-08-15
15280286,2025-08-14
15280332,2025-08-15
15280894,2025-08-14
15280916,2025-08-14
15282579,2025-08-15
15282828,2025-08-15
15283524,2025-08-14
15284688,2025-08-14
15285301,2025-08-14
15285446,2025-08-14
15285523,2025-08-14
15287197,2025-08-14
15287226,2025-08-14
15288517,2025-08-14
15288600,2025-08-14
15288998,2025-08-14
15289507,2025-08-14
15289519,2025-08-14
15290048,2025-08-14
15290684,2025-08-14
15290911,2025-08-14
15291151,2025-08-14
15291228,2025-08-14
15291524,2025-08-14
15291541,2025-08-14
15291634,2025-08-14
15291645,2025-08-14
15291848,2025-08-14
15292547,2025-08-14
15292845,2025-08-14
15292924,2025-08-14
15293674,2025-08-14
15294108,2025-08-14
15294165,2025-08-14
15294377,2025-08-14
15294584,2025-08-14
15294693,2025-08-14
15294786,2025-08-14
15295014,2025-08-14
15295110,2025-08-14
15296406,2025-08-14
15296926,2025-08-14
15298356,2025-08-15
15298681,2025-08-14
15298693,2025-08-14
15299212,2025-08-14
15300470,2025-08-14
15301678,2025-08-16
15304062,2025-08-16
15304193,2025-08-16
15305401,2025-08-15
15305835,2025-08-15
15306287,2025-08-15
15306975,2025-08-15
15306978,2025-08-15
15307721,2025-08-15
15307866,2025-08-15
15308062,2025-08-15
15308580,2025-08-15
15308673,2025-08-15
15308778,2025-08-15
15309049,2025-08-15
15309104,2025-08-15
15309524,2025-08-15
15309631,2025-08-15
15309784,2025-08-15
15310276,2025-08-15
15310517,2025-08-15
15311158,2025-08-15
15311592,2025-08-15
15311600,2025-08-15
15312677,2025-08-15
15313616,2025-08-15
15313710,2025-08-15
15314115,2025-08-15
15314241,2025-08-15
15314254,2025-08-15
15314439,2025-08-15
15314612,2025-08-15
15315136,2025-08-15
15315332,2025-08-15
15316408,2025-08-15
15316423,2025-08-15
15316546,2025-08-15
15317561,2025-08-15
15317693,2025-08-15
15317759,2025-08-15
15318039,2025-08-15
15318144,2025-08-15
15318698,2025-08-15
15319009,2025-08-15
15319051,2025-08-15
15320952,2025-08-16
15321641,2025-08-15
15323575,2025-08-16
15323876,2025-08-16
15324175,2025-08-16
15324424,2025-08-15
15324771,2025-08-16
15324774,2025-08-17
15325062,2025-08-17
15326196,2025-08-16
15326416,2025-08-16
15326729,2025-08-17
15327881,2025-08-17
15327921,2025-08-17
15327979,2025-08-16
15328085,2025-08-16
15328165,2025-08-16
15328242,2025-08-16
15328468,2025-08-16
15328488,2025-08-17
15328632,2025-08-16
15328689,2025-08-16
15328939,2025-08-16
15328989,2025-08-16
15329139,2025-08-16
15329361,2025-08-16
15330013,2025-08-16
15330316,2025-08-16
15330379,2025-08-16
15331589,2025-08-16
15331609,2025-08-16
15331629,2025-08-16
15331741,2025-08-16
15332615,2025-08-16
15333322,2025-08-16
15333577,2025-08-16
15334704,2025-08-18
15335147,2025-08-17
15335253,2025-08-18
15335391,2025-08-17
15335480,2025-08-18
15335495,2025-08-18
15335497,2025-08-18
15335575,2025-08-18
15335626,2025-08-18
15335957,2025-08-17
15336514,2025-08-17
15336547,2025-08-17
15336888,2025-08-17
15336919,2025-08-17
15337575,2025-08-17
15337834,2025-08-17
15337905,2025-08-17
15337975,2025-08-17
15337977,2025-08-17
15338026,2025-08-17
15338401,2025-08-17
15338459,2025-08-17
15338519,2025-08-17
15338731,2025-08-17
15338769,2025-08-17
15338803,2025-08-17
15339319,2025-08-17
15339484,2025-08-17
15339580,2025-08-17
15339978,2025-08-17
15340136,2025-08-17
15340485,2025-08-17
15340725,2025-08-18
15340747,2025-08-18
15340976,2025-08-18
15341915,2025-08-18
15342020,2025-08-18
15342953,2025-08-18
15343290,2025-08-18
15343635,2025-08-18
15343875,2025-08-18
15344001,2025-08-18
15345672,2025-08-18
15347203,2025-08-18
15347745,2025-08-18
15348489,2025-08-18
15348642,2025-08-18
15348863,2025-08-18
15349193,2025-08-18
15349278,2025-08-18
15350098,2025-08-18
15350323,2025-08-18
15350415,2025-08-18
15350617,2025-08-18
15350619,2025-08-18
15351492,2025-08-18
15351518,2025-08-18
15351537,2025-08-18
15351774,2025-08-18
15352129,2025-08-18
15352925,2025-08-18
15353046,2025-08-18
15353509,2025-08-18
15353788,2025-08-18
15354381,2025-08-18
15354588,2025-08-18
15354804,2025-08-18
15355116,2025-08-18
15357194,2025-08-18
15357200,2025-08-19
15357521,2025-08-18
15357586,2025-08-18
15357598,2025-08-18
15358620,2025-08-19
15360922,2025-08-18
15362714,2025-08-19
15365109,2025-08-19
15365601,2025-08-19
15365645,2025-08-19
15365821,2025-08-18
15365970,2025-08-18
15366193,2025-08-20
15370626,2025-08-19
15371055,2025-08-19
15371767,2025-08-19
15372389,2025-08-19
15372673,2025-08-19
15373228,2025-08-19
15373282,2025-08-19
15374001,2025-08-19
15374315,2025-08-19
15374358,2025-08-19
15375416,2025-08-19
15376281,2025-08-19
15377611,2025-08-19
15378293,2025-08-19
15378472,2025-08-19
15378957,2025-08-19
15379733,2025-08-19
15379782,2025-08-19
15380086,2025-08-19
15380106,2025-08-19
15380535,2025-08-19
15381022,2025-08-19
15381658,2025-08-19
15381926,2025-08-19
15382587,2025-08-19
15382602,2025-08-19
15383173,2025-08-19
15383497,2025-08-19
15383608,2025-08-19
15383698,2025-08-19
15384442,2025-08-19
15384538,2025-08-19
15384599,2025-08-19
15384934,2025-08-19
15385147,2025-08-19
15385703,2025-08-19
15385927,2025-08-19
15386295,2025-08-19
15386518,2025-08-19
15386800,2025-08-19
15386948,2025-08-19
15388078,2025-08-20
15388306,2025-08-20
15388531,2025-08-20
15394497,2025-08-20
15395509,2025-08-20
15396486,2025-08-21
15396529,2025-08-21
15396637,2025-08-21
15397311,2025-08-21
15397376,2025-08-21
15397935,2025-08-21
15399537,2025-08-21
15399539,2025-08-20
15399612,2025-08-20
15399820,2025-08-20
15399826,2025-08-21
15400083,2025-08-20
15400652,2025-08-20
15403194,2025-08-20
15403487,2025-08-20
15403958,2025-08-20
15404739,2025-08-20
15406292,2025-08-20
15406354,2025-08-20
15406374,2025-08-20
15406826,2025-08-20
15407574,2025-08-20
15407698,2025-08-20
15407701,2025-08-20
15407747,2025-08-20
15407897,2025-08-20
15408317,2025-08-20
15409012,2025-08-20
15409183,2025-08-20
15409543,2025-08-20
15409789,2025-08-20
15409932,2025-08-20
15410855,2025-08-20
15410861,2025-08-20
15411456,2025-08-20
15411897,2025-08-20
15412115,2025-08-20
15412164,2025-08-20
15412281,2025-08-20
15412965,2025-08-20
15413182,2025-08-20
15413889,2025-08-20
15414330,2025-08-20
15414615,2025-08-20
15414762,2025-08-20
15415080,2025-08-20
15416339,2025-08-20
15418463,2025-08-20
15418890,2025-08-20
15419483,2025-08-21
15419505,2025-08-21
15419599,2025-08-21
15419638,2025-08-21
15419712,2025-08-21
15420748,2025-08-21
15421694,2025-08-21
15422179,2025-08-21
15424334,2025-08-22
15424611,2025-08-22
15425092,2025-08-22
15426971,2025-08-21
15427619,2025-08-22
15429130,2025-08-22
15430034,2025-08-21
15430084,2025-08-22
15430614,2025-08-21
15431174,2025-08-21
15431278,2025-08-21
15431412,2025-08-21
15432016,2025-08-21
15432173,2025-08-21
15432496,2025-08-21
15433173,2025-08-21
15433821,2025-08-21
15434128,2025-08-21
15434207,2025-08-21
15434389,2025-08-21
15435344,2025-08-21
15435501,2025-08-21
15437642,2025-08-21
15438915,2025-08-21
15439334,2025-08-21
15440058,2025-08-21
15440441,2025-08-21
15440607,2025-08-21
15440617,2025-08-21
15441514,2025-08-21
15442059,2025-08-21
15442250,2025-08-21
15442627,2025-08-21
15443076,2025-08-21
15443167,2025-08-21
15443273,2025-08-21
15443838,2025-08-21
15443869,2025-08-21
15445690,2025-08-21
15445867,2025-08-21
15448526,2025-08-22
15448532,2025-08-22
15449509,2025-08-22
15449837,2025-08-22
15450242,2025-08-22
15450399,2025-08-22
15450822,2025-08-22
15453064,2025-08-22
15453487,2025-08-22
15453967,2025-08-22
15454443,2025-08-22
15454670,2025-08-22
15455150,2025-08-22
15456103,2025-08-22
15456158,2025-08-22
15456159,2025-08-22
15457775,2025-08-22
15458360,2025-08-22
15459691,2025-08-22
15461376,2025-08-22
15461524,2025-08-22
15461712,2025-08-22
15461910,2025-08-22
15462262,2025-08-22
15462650,2025-08-22
15464467,2025-08-23
15464640,2025-08-23
15465211,2025-08-22
15466475,2025-08-22
15466774,2025-08-22
15466857,2025-08-22
15467502,2025-08-23
15467680,2025-08-23
15469440,2025-08-22
15470035,2025-08-23
15471188,2025-08-23
15471277,2025-08-23
15471385,2025-08-24
15472098,2025-08-24
15472134,2025-08-24
15472356,2025-08-24
15472545,2025-08-24
15472689,2025-08-24
15472779,2025-08-24
15473474,2025-08-24
15474378,2025-08-24
15475078,2025-08-24
15475374,2025-08-23
15475544,2025-08-23
15475896,2025-08-23
15475959,2025-08-23
15475987,2025-08-23
15476024,2025-08-23
15476120,2025-08-23
15476450,2025-08-23
15476884,2025-08-23
15477182,2025-08-23
15477412,2025-08-23
15477917,2025-08-23
15477995,2025-08-23
15478072,2025-08-23
15478719,2025-08-23
15478871,2025-08-23
15478952,2025-08-23
15479090,2025-08-23
15479390,2025-08-23
15479820,2025-08-23
15479980,2025-08-23
15480374,2025-08-23
15480749,2025-08-24
15480897,2025-08-23
15481088,2025-08-23
15481176,2025-08-23
15481335,2025-08-23
15481417,2025-08-23
15481492,2025-08-23
15481633,2025-08-23
15481647,2025-08-23
15481718,2025-08-23
15481751,2025-08-23
15481911,2025-08-23
15482261,2025-08-24
15484570,2025-08-26
15485007,2025-08-25
15485980,2025-08-25
15487318,2025-08-26
15488558,2025-08-26
15488695,2025-08-26
15488955,2025-08-26
15489209,2025-08-25
15490308,2025-08-25
15490796,2025-08-25
15491125,2025-08-25
15491495,2025-08-25
15491555,2025-08-25
15492813,2025-08-25
15492972,2025-08-25
15493107,2025-08-25
15493123,2025-08-25
15493162,2025-08-25
15493546,2025-08-25
15494060,2025-08-25
15494108,2025-08-25
15495788,2025-08-25
15496477,2025-08-25
15496983,2025-08-25
15497028,2025-08-25
15497267,2025-08-25
15497307,2025-08-25
15497359,2025-08-25
15498217,2025-08-25
15498240,2025-08-25
15498425,2025-08-25
15498482,2025-08-25
15499004,2025-08-25
15499155,2025-08-25
15499870,2025-08-25
15500137,2025-08-25
15501040,2025-08-25
15501469,2025-08-25
15501529,2025-08-25
15501885,2025-08-25
15502656,2025-08-25
15502807,2025-08-25
15503363,2025-08-25
15504110,2025-08-25
15504704,2025-08-25
15504824,2025-08-25
15505146,2025-08-25
15505994,2025-08-25
15506306,2025-08-25
15506451,2025-08-25
15506913,2025-08-25
15507149,2025-08-25
15507855,2025-08-24
15508168,2025-08-24
15508540,2025-08-24
15508640,2025-08-24
15508666,2025-08-24
15508705,2025-08-24
15509380,2025-08-24
15509622,2025-08-24
15509764,2025-08-24
15509832,2025-08-24
15509894,2025-08-24
15510640,2025-08-25
15510785,2025-08-25
15512111,2025-08-24
15512328,2025-08-26
15512432,2025-08-25
15512540,2025-08-25
15512797,2025-08-25
15513660,2025-08-27
15514911,2025-08-27
15517474,2025-08-27
15517778,2025-08-27
15517895,2025-08-27
15519806,2025-08-26
15519955,2025-08-26
15519970,2025-08-27
15520320,2025-08-27
15520885,2025-08-26
15520971,2025-08-26
15522123,2025-08-27
15523965,2025-08-26
15524351,2025-08-26
15524652,2025-08-26
15524796,2025-08-26
15525225,2025-08-26
15525439,2025-08-26
15525499,2025-08-26
15525964,2025-08-26
15525991,2025-08-26
15526262,2025-08-26
15526907,2025-08-26
15527145,2025-08-26
15527457,2025-08-26
15527693,2025-08-26
15527935,2025-08-26
15528471,2025-08-26
15528613,2025-08-26
15529230,2025-08-26
15529349,2025-08-26
15530612,2025-08-26
15530644,2025-08-26
15530802,2025-08-26
15531007,2025-08-26
15531354,2025-08-26
15531474,2025-08-26
15531876,2025-08-26
15531947,2025-08-26
15532299,2025-08-26
15532546,2025-08-26
15532783,2025-08-26
15532816,2025-08-26
15533305,2025-08-26
15533612,2025-08-26
15533864,2025-08-26
15533922,2025-08-26
15533980,2025-08-26
15534692,2025-08-26
15534736,2025-08-26
15534749,2025-08-26
15535430,2025-08-26
15535442,2025-08-26
15536041,2025-08-26
15536186,2025-08-26
15536336,2025-08-26
15537485,2025-08-26
15537749,2025-08-26
15537975,2025-08-26
15538096,2025-08-26
15538207,2025-08-26
15538622,2025-08-26
15538983,2025-08-26
15539150,2025-08-26
15539423,2025-08-26
15539561,2025-08-26
15540312,2025-08-26
15541501,2025-08-28
15541755,2025-08-28
15541864,2025-08-28
15541871,2025-08-28
15541955,2025-08-27
15542016,2025-08-28
15543646,2025-08-27
15546070,2025-08-28
15546079,2025-08-28
15546462,2025-08-28
15547126,2025-08-27
15547203,2025-08-27
15547518,2025-08-27
15547726,2025-08-27
15547776,2025-08-27
15548726,2025-08-27
15548751,2025-08-27
15549207,2025-08-27
15549313,2025-08-27
15550021,2025-08-27
15550547,2025-08-27
15550874,2025-08-27
15551189,2025-08-27
15551782,2025-08-27
15551909,2025-08-27
15552301,2025-08-27
15552362,2025-08-27
15552380,2025-08-27
15553375,2025-08-27
15554948,2025-08-27
15555695,2025-08-27
15555722,2025-08-27
15556586,2025-08-27
15556806,2025-08-27
15556825,2025-08-27
15557706,2025-08-27
15558071,2025-08-27
15558214,2025-08-27
15558928,2025-08-27
15558991,2025-08-27
15559057,2025-08-27
15559661,2025-08-27
15560138,2025-08-27
15560564,2025-08-27
15561078,2025-08-27
15561325,2025-08-27
15563275,2025-08-27
15563635,2025-08-28
15563761,2025-08-27
15563922,2025-08-27
15563969,2025-08-27
15564664,2025-08-27
15564689,2025-08-27
15564952,2025-08-27
15565352,2025-08-27
15565627,2025-08-27
15567142,2025-08-27
15567700,2025-08-28
15568210,2025-08-29
15568827,2025-08-29
15568992,2025-08-29
15569330,2025-08-29
15569354,2025-08-29
15569619,2025-08-28
15570146,2025-08-28
15571640,2025-08-28
15572235,2025-08-28
15573379,2025-08-28
15573840,2025-08-28
15573997,2025-08-28
15574571,2025-08-28
15574600,2025-08-28
15574707,2025-08-28
15574957,2025-08-28
15577090,2025-08-29
15577101,2025-08-29
15579896,2025-08-28
15579977,2025-08-28
15580072,2025-08-28
15580202,2025-08-28
15580782,2025-08-28
15581208,2025-08-28
15581372,2025-08-28
15581377,2025-08-28
15581427,2025-08-28
15581683,2025-08-28
15581786,2025-08-28
15582123,2025-08-28
15582134,2025-08-28
15582241,2025-08-28
15583009,2025-08-28
15583630,2025-08-28
15583769,2025-08-28
15583979,2025-08-28
15584057,2025-08-28
15584546,2025-08-28
15584631,2025-08-28
15584741,2025-08-28
15584925,2025-08-28
15586241,2025-08-28
15586265,2025-08-28
15586664,2025-08-28
15586993,2025-08-28
15587770,2025-08-28
15587899,2025-08-28
15588277,2025-08-28
15588332,2025-08-28
15588712,2025-08-28
15588924,2025-08-28
15589029,2025-08-28
15589078,2025-08-28
15589621,2025-08-28
15589798,2025-08-28
15589899,2025-08-28
15590056,2025-08-28
15590222,2025-08-28
15590241,2025-08-28
15592074,2025-08-28
15592248,2025-08-28
15592762,2025-08-28
15592833,2025-08-28
15593785,2025-08-28
15594168,2025-08-28
15594331,2025-08-28
15594933,2025-08-29
15595246,2025-08-29
15595395,2025-08-29
15595408,2025-08-29
15595433,2025-08-29
15598361,2025-08-29
15598599,2025-08-29
15599274,2025-08-29
15599330,2025-08-29
15599507,2025-08-29
15600148,2025-08-29
15600216,2025-08-29
15600223,2025-08-29
15600392,2025-08-29
15600888,2025-08-29
15601058,2025-08-29
15601097,2025-08-29
15601376,2025-08-29
15601487,2025-08-29
15602198,2025-08-29
15602755,2025-08-29
15602835,2025-08-29
15603495,2025-08-29
15604188,2025-08-29
15604461,2025-08-29
15605023,2025-08-29
15605187,2025-08-29
15605676,2025-08-29
15606486,2025-08-29
15606561,2025-08-29
15606594,2025-08-29
15608162,2025-08-30
15608317,2025-08-29
15608736,2025-08-30
15609326,2025-08-29
15609975,2025-08-30
15610070,2025-08-30
15610558,2025-08-30
15612624,2025-08-29
15613986,2025-08-29
15614237,2025-08-29
15614699,2025-08-30
15615066,2025-08-29
15615106,2025-08-29
15615472,2025-08-29
15616920,2025-08-29
15617529,2025-08-29
15617550,2025-08-29
15617587,2025-08-29
15618219,2025-08-29
15618422,2025-08-29
15618511,2025-08-29
15619337,2025-08-30
15619452,2025-08-31
15619453,2025-08-31
15619554,2025-08-31
15620010,2025-08-30
15620132,2025-08-30
15620244,2025-08-30
15620436,2025-08-30
15622669,2025-08-31
15622902,2025-08-30
15623310,2025-08-30
15623328,2025-08-30
15623499,2025-08-30
15623550,2025-08-30
15623885,2025-08-30
15623945,2025-08-30
15624156,2025-08-30
15624336,2025-08-30
15624405,2025-08-30
15624593,2025-08-30
15624658,2025-08-30
15625422,2025-08-30
15625948,2025-08-30
15626548,2025-08-30
15627000,2025-08-30
15627240,2025-08-30
15627311,2025-08-30
15627379,2025-08-30
15628128,2025-08-31
15628171,2025-08-31
15628395,2025-08-31
15628428,2025-08-31
15628431,2025-08-31
15628477,2025-08-31
15628559,2025-08-31
15628679,2025-08-31
15628831,2025-08-31
15629033,2025-08-31
15629215,2025-08-31
15629296,2025-08-31
15629395,2025-08-31
15629526,2025-08-31
15629547,2025-08-31
15629579,2025-08-31
15629698,2025-08-31
15630573,2025-08-31
15630816,2025-08-31
15631261,2025-08-31
15631737,2025-08-31
15632083,2025-08-31
15632166,2025-08-31
15632365,2025-09-01
15632602,2025-09-01
15632717,2025-09-01
15632774,2025-09-01
15634858,2025-09-01
15637105,2025-09-01
15637249,2025-09-02
15637804,2025-09-01
15638372,2025-09-01
15638529,2025-09-01
15639011,2025-09-01
15639738,2025-09-01
15639949,2025-09-01
15640046,2025-09-01
15640509,2025-09-01
15641003,2025-09-01
15641354,2025-09-01
15641472,2025-09-01
15641520,2025-09-01
15642702,2025-09-01
15642709,2025-09-01
15643044,2025-09-01
15643402,2025-09-01
15643428,2025-09-01
15643786,2025-09-01
15644028,2025-09-01
15644184,2025-09-01
15644317,2025-09-01
15644751,2025-09-01
15645799,2025-09-01
15645969,2025-09-01
15646484,2025-09-01
15647608,2025-09-01
15647709,2025-09-01
15647984,2025-09-01
15648276,2025-09-01
15648659,2025-09-01
15648795,2025-09-01
15649818,2025-09-01
15650847,2025-09-01
15653294,2025-09-02
15654543,2025-09-01
15655350,2025-09-01
15655989,2025-09-02
15656036,2025-09-02
15658494,2025-09-02
15658510,2025-09-02
15659622,2025-09-02
15659706,2025-09-02
15661271,2025-09-03
15661272,2025-09-03
15661766,2025-09-03
15663192,2025-09-02
15663300,2025-09-02
15663724,2025-09-03
15663816,2025-09-02
15664057,2025-09-02
15664594,2025-09-02
15664620,2025-09-02
15665163,2025-09-02
15665877,2025-09-02
15666350,2025-09-02
15667064,2025-09-02
15667597,2025-09-02
15667841,2025-09-02
15668301,2025-09-02
15668435,2025-09-02
15668799,2025-09-02
15668930,2025-09-02
15669470,2025-09-02
15670018,2025-09-02
15670476,2025-09-02
15671058,2025-09-02
15671971,2025-09-02
15672894,2025-09-02
15674478,2025-09-02
15674495,2025-09-02
15674497,2025-09-02
15675279,2025-09-02
15675958,2025-09-02
15676194,2025-09-02
15676357,2025-09-02
15676781,2025-09-02
15676783,2025-09-02
15676832,2025-09-02
15676979,2025-09-02
15677142,2025-09-02
15677361,2025-09-02
15677405,2025-09-02
15678603,2025-09-02
15678747,2025-09-02
15679279,2025-09-02
15679427,2025-09-02
15680125,2025-09-02
15682520,2025-09-02
15682882,2025-09-04
15683346,2025-09-04
15683915,2025-09-04
15684281,2025-09-04
15684425,2025-09-04
15684534,2025-09-04
15685014,2025-09-03
15685722,2025-09-03
15686014,2025-09-04
15686073,2025-09-04
15686209,2025-09-04
15686326,2025-09-03
15686328,2025-09-04
15686386,2025-09-03
15686457,2025-09-03
15686608,2025-09-03
15688471,2025-09-03
15688658,2025-09-04
15689146,2025-09-03
15689847,2025-09-03
15690224,2025-09-03
15691352,2025-09-03
15691424,2025-09-03
15691635,2025-09-03
15692329,2025-09-03
15692527,2025-09-03
15692654,2025-09-03
15692855,2025-09-03
15693102,2025-09-03
15693182,2025-09-04
15694637,2025-09-03
15694651,2025-09-03
15695169,2025-09-03
15695197,2025-09-03
15695780,2025-09-03
15695917,2025-09-03
15695987,2025-09-03
15696021,2025-09-03
15696052,2025-09-03
15696912,2025-09-03
15697179,2025-09-03
15697449,2025-09-03
15697718,2025-09-03
15698134,2025-09-03
15698236,2025-09-03
15698434,2025-09-03
15698458,2025-09-03
15698919,2025-09-03
15699898,2025-09-03
15700321,2025-09-03
15700561,2025-09-03
15701699,2025-09-03
15701814,2025-09-03
15701934,2025-09-03
15701951,2025-09-03
15702140,2025-09-03
15702141,2025-09-03
15702525,2025-09-03
15702541,2025-09-03
15702867,2025-09-03
15703604,2025-09-03
15704366,2025-09-03
15705485,2025-09-03
15705964,2025-09-03
15706386,2025-09-03
15706492,2025-09-03
15706860,2025-09-03
15710644,2025-09-05
15710654,2025-09-05
15710792,2025-09-05
15710800,2025-09-05
15710829,2025-09-04
15710846,2025-09-05
15711109,2025-09-04
15711482,2025-09-04
15711800,2025-09-04
15711829,2025-09-04
15711940,2025-09-04
15712357,2025-09-04
15712368,2025-09-04
15712454,2025-09-04
15712888,2025-09-04
15712916,2025-09-04
15712941,2025-09-04
15713029,2025-09-04
15713038,2025-09-04
15713055,2025-09-04
15713168,2025-09-04
15713229,2025-09-04
15713728,2025-09-04
15716325,2025-09-04
15717279,2025-09-04
15717286,2025-09-04
15717510,2025-09-04
15718730,2025-09-04
15719145,2025-09-04
15720428,2025-09-04
15721011,2025-09-04
15721091,2025-09-04
15721405,2025-09-04
15721444,2025-09-04
15721592,2025-09-04
15722031,2025-09-04
15722094,2025-09-04
15722257,2025-09-04
15722538,2025-09-04
15722903,2025-09-04
15723107,2025-09-04
15723220,2025-09-04
15723897,2025-09-04
15724809,2025-09-04
15725106,2025-09-04
15725431,2025-09-04
15726037,2025-09-04
15726070,2025-09-04
15726770,2025-09-04
15726907,2025-09-04
15726918,2025-09-04
15727626,2025-09-04
15732556,2025-09-05
15733398,2025-09-05
15734779,2025-09-04
15735669,2025-09-04
15736678,2025-09-05
15736688,2025-09-05
15736777,2025-09-05
15737399,2025-09-05
15740808,2025-09-05
15741175,2025-09-05
15741286,2025-09-05
15741617,2025-09-05
15742243,2025-09-05
15742366,2025-09-05
15742870,2025-09-05
15743230,2025-09-05
15743253,2025-09-05
15743373,2025-09-05
15743461,2025-09-05
15744454,2025-09-05
15744661,2025-09-05
15744735,2025-09-05
15744880,2025-09-05
15746515,2025-09-05
15746846,2025-09-05
15747404,2025-09-05
15747941,2025-09-05
15748097,2025-09-05
15750047,2025-09-05
15750122,2025-09-05
15752550,2025-09-05
15753550,2025-09-05
15754167,2025-09-06
15754767,2025-09-06
15755788,2025-09-06
15756451,2025-09-05
15756619,2025-09-05
15758132,2025-09-05
15759221,2025-09-05
15759983,2025-09-05
15761133,2025-09-05
15761154,2025-09-05
15761447,2025-09-05
15761565,2025-09-05
15761672,2025-09-05
15762140,2025-09-05
15763153,2025-09-05
15763676,2025-09-06
15763830,2025-09-06
15763855,2025-09-06
15764192,2025-09-07
15764580,2025-09-06
15765645,2025-09-06
15766135,2025-09-06
15766975,2025-09-06
15767258,2025-09-06
15767267,2025-09-06
15768154,2025-09-06
15768183,2025-09-06
15768185,2025-09-06
15768255,2025-09-06
15768304,2025-09-06
15768390,2025-09-06
15768408,2025-09-06
15768613,2025-09-06
15768768,2025-09-06
15768894,2025-09-06
15769825,2025-09-06
15770151,2025-09-06
15770313,2025-09-06
15770518,2025-09-06
15770879,2025-09-06
15773087,2025-09-07
15773216,2025-09-06
15773319,2025-09-07
15773815,2025-09-08
15773939,2025-09-08
15775091,2025-09-07
15775177,2025-09-08
15775275,2025-09-07
15775339,2025-09-07
15775898,2025-09-07
15776167,2025-09-07
15776323,2025-09-07
15776363,2025-09-07
15776460,2025-09-07
15776829,2025-09-07
15777110,2025-09-07
15777289,2025-09-07
15777629,2025-09-07
15778364,2025-09-07
15779136,2025-09-07
15779594,2025-09-07
15779766,2025-09-07
15779897,2025-09-07
15782176,2025-09-09
15782779,2025-09-08
15784432,2025-09-08
15785184,2025-09-08
15786310,2025-09-09
15786442,2025-09-09
15786831,2025-09-09
15787131,2025-09-09
15788065,2025-09-09
15788431,2025-09-08
15791154,2025-09-08
15791370,2025-09-08
15791725,2025-09-08
15791878,2025-09-08
15792204,2025-09-08
15793164,2025-09-08
15793245,2025-09-08
15793549,2025-09-08
15793715,2025-09-08
15795395,2025-09-08
15796998,2025-09-08
15797279,2025-09-08
15798605,2025-09-08
15799275,2025-09-08
15799282,2025-09-08
15799355,2025-09-08
15799569,2025-09-08
15799596,2025-09-08
15799654,2025-09-08
15800652,2025-09-08
15800718,2025-09-08
15801464,2025-09-08
15801540,2025-09-08
15801765,2025-09-08
15801992,2025-09-08
15802342,2025-09-08
15802712,2025-09-08
15802852,2025-09-08
15803353,2025-09-08
15803885,2025-09-08
15805492,2025-09-08
15805940,2025-09-08
15806058,2025-09-08
15806833,2025-09-08
15806922,2025-09-08
15807203,2025-09-08
15807668,2025-09-08
15808465,2025-09-10
15808661,2025-09-10
15809189,2025-09-09
15810068,2025-09-09
15810395,2025-09-09
15810500,2025-09-09
15811800,2025-09-09
15811940,2025-09-09
15812787,2025-09-09
15812888,2025-09-09
15813209,2025-09-09
15813212,2025-09-09
15813457,2025-09-09
15813673,2025-09-09
15814222,2025-09-09
15814725,2025-09-09
15815179,2025-09-09
15815420,2025-09-09
15815763,2025-09-09
15816069,2025-09-09
15816292,2025-09-09
15816365,2025-09-09
15816414,2025-09-09
15816440,2025-09-09
15816502,2025-09-09
15816934,2025-09-09
15817067,2025-09-09
15817106,2025-09-09
15817208,2025-09-09
15817271,2025-09-09
15817308,2025-09-09
15817464,2025-09-09
15817648,2025-09-09
15818612,2025-09-09
15818749,2025-09-09
15819346,2025-09-09
15819869,2025-09-09
15820206,2025-09-09
15820329,2025-09-09
15820364,2025-09-09
15821983,2025-09-09
15822361,2025-09-09
15822797,2025-09-09
15822867,2025-09-09
15825134,2025-09-09
15826588,2025-09-10
15827106,2025-09-10
15827848,2025-09-10
15828192,2025-09-10
15828348,2025-09-10
15828478,2025-09-10
15828997,2025-09-09
15829373,2025-09-09
15829861,2025-09-09
15830352,2025-09-09
15831145,2025-09-09
15832881,2025-09-09
15835546,2025-09-10
15835662,2025-09-10
15836713,2025-09-10
15836802,2025-09-10
15837555,2025-09-10
15838007,2025-09-10
15840709,2025-09-11
15841628,2025-09-10
15841685,2025-09-10
15842319,2025-09-10
15842582,2025-09-10
15842883,2025-09-10
15842938,2025-09-10
15843659,2025-09-10
15844115,2025-09-10
15844161,2025-09-10
15844541,2025-09-10
15844607,2025-09-10
15844982,2025-09-10
15845061,2025-09-10
15845074,2025-09-10
15845132,2025-09-10
15845453,2025-09-10
15845766,2025-09-10
15846471,2025-09-10
15846773,2025-09-10
15847825,2025-09-10
15848558,2025-09-10
15848580,2025-09-10
15848682,2025-09-10
15849059,2025-09-10
15849336,2025-09-10
15849553,2025-09-10
15850021,2025-09-10
15850126,2025-09-10
15851427,2025-09-10
15851639,2025-09-10
15851647,2025-09-10
15851722,2025-09-10
15852437,2025-09-10
15852508,2025-09-10
15852585,2025-09-10
15852982,2025-09-10
15853144,2025-09-10
15853351,2025-09-10
15853921,2025-09-10
15855859,2025-09-10
15855906,2025-09-10
15856923,2025-09-10
15859150,2025-09-10
15860097,2025-09-10
15860320,2025-09-10
15860971,2025-09-11
15861480,2025-09-11
15861661,2025-09-11
15861716,2025-09-11
15862050,2025-09-11
15863625,2025-09-12
15863731,2025-09-12
15864260,2025-09-12
15865429,2025-09-12
15865457,2025-09-11
15865610,2025-09-11
15865920,2025-09-12
15866590,2025-09-11
15866763,2025-09-11
15867836,2025-09-11
15867904,2025-09-11
15869498,2025-09-11
15869618,2025-09-11
15869693,2025-09-11
15869998,2025-09-11
15870092,2025-09-11
15871632,2025-09-11
15871912,2025-09-11
15871948,2025-09-11
15872328,2025-09-11
15872505,2025-09-11
15872922,2025-09-11
15873051,2025-09-11
15873644,2025-09-11
15874129,2025-09-11
15874190,2025-09-11
15874507,2025-09-11
15874516,2025-09-11
15877893,2025-09-11
15878758,2025-09-11
15879213,2025-09-11
15879429,2025-09-11
15879676,2025-09-11
15880035,2025-09-11
15880537,2025-09-11
15881786,2025-09-11
15881842,2025-09-11
15881910,2025-09-11
15882849,2025-09-11
15883045,2025-09-11
15883553,2025-09-11
15883856,2025-09-11
15884093,2025-09-11
15885104,2025-09-11
15886233,2025-09-11
15889790,2025-09-12
15890472,2025-09-11
15890941,2025-09-12
15890971,2025-09-11
15892690,2025-09-12
15892770,2025-09-12
15893332,2025-09-12
15894121,2025-09-12
15894286,2025-09-12
15894543,2025-09-12
15895748,2025-09-12
15896480,2025-09-13
15896542,2025-09-12
15897460,2025-09-12
15897916,2025-09-12
15898550,2025-09-12
15899095,2025-09-12
15899138,2025-09-12
15899347,2025-09-12
15899392,2025-09-12
15902631,2025-09-12
15902704,2025-09-12
15902802,2025-09-12
15903534,2025-09-12
15905978,2025-09-12
15906626,2025-09-12
15906767,2025-09-12
15906793,2025-09-12
15907032,2025-09-12
15907213,2025-09-12
15907375,2025-09-12
15907393,2025-09-12
15907460,2025-09-12
15907538,2025-09-12
15908026,2025-09-12
15908245,2025-09-12
15909933,2025-09-12
15911091,2025-09-12
15911119,2025-09-12
15913693,2025-09-12
15913769,2025-09-12
15914096,2025-09-12
15914671,2025-09-12
15914989,2025-09-12
15915061,2025-09-12
15915221,2025-09-12
15915284,2025-09-12
15915336,2025-09-12
15915559,2025-09-13
15916284,2025-09-13
15916565,2025-09-13
15916779,2025-09-13
15916937,2025-09-13
15917016,2025-09-13
15917478,2025-09-13
15917615,2025-09-13
15918048,2025-09-13
15918146,2025-09-13
15918367,2025-09-13
15918477,2025-09-13
15918926,2025-09-13
15919000,2025-09-13
15919215,2025-09-13
15919894,2025-09-13
15920263,2025-09-13
15921716,2025-09-13
15922426,2025-09-14
15922442,2025-09-14
15922477,2025-09-14
15922728,2025-09-13
15922730,2025-09-13
15924983,2025-09-13
15925050,2025-09-13
15925319,2025-09-14
15926691,2025-09-15
15927218,2025-09-14
15927666,2025-09-14
15927788,2025-09-14
15928218,2025-09-14
15928496,2025-09-14
15928546,2025-09-14
15929157,2025-09-14
15929611,2025-09-14
15929617,2025-09-14
15930075,2025-09-14
15930441,2025-09-14
15930462,2025-09-14
15930575,2025-09-14
15931465,2025-09-14
15931503,2025-09-14
15931758,2025-09-14
15931976,2025-09-14
15931999,2025-09-14
15932588,2025-09-14
15934582,2025-09-16
15934661,2025-09-16
15938393,2025-09-15
15940496,2025-09-15
15940684,2025-09-15
15941723,2025-09-15
15941921,2025-09-15
15942706,2025-09-15
15943335,2025-09-15
15943547,2025-09-15
15943589,2025-09-15
15944154,2025-09-15
15944814,2025-09-15
15945927,2025-09-15
15946047,2025-09-15
15946660,2025-09-15
15946975,2025-09-15
15947081,2025-09-15
15947140,2025-09-15
15948300,2025-09-15
15949152,2025-09-15
15949475,2025-09-15
15949545,2025-09-15
15950137,2025-09-15
15950437,2025-09-15
15950837,2025-09-15
15954740,2025-09-15
15956062,2025-09-15
15956253,2025-09-15
15957803,2025-09-15
15958890,2025-09-15
15959315,2025-09-16
15959766,2025-09-16
15959829,2025-09-16
15960085,2025-09-16
15960382,2025-09-16
15960944,2025-09-16
15961471,2025-09-16
15961574,2025-09-16
15961602,2025-09-16
15961910,2025-09-16
15962324,2025-09-16
15964069,2025-09-16
15964306,2025-09-16
15964505,2025-09-16
15965883,2025-09-16
15966149,2025-09-16
15966183,2025-09-16
15966191,2025-09-16
15966930,2025-09-16
15967054,2025-09-16
15968334,2025-09-16
15968999,2025-09-16
15969001,2025-09-11
15970515,2025-09-17
15979909,2025-09-16
15980004,2025-09-16
15980474,2025-09-16
15980553,2025-09-16
15981140,2025-09-16
15981335,2025-09-16
15981361,2025-09-16
15981587,2025-09-16
15982193,2025-09-16
15982512,2025-09-16
15982710,2025-09-16
15982841,2025-09-16
15982954,2025-09-16
15983079,2025-09-16
15985441,2025-09-16
15985498,2025-09-16
15985741,2025-09-16
15985802,2025-09-16
15988013,2025-09-17
15988855,2025-09-17
15988893,2025-09-18
15989126,2025-09-17
15989210,2025-09-18
15989637,2025-09-17
15989754,2025-09-17
15990208,2025-09-17
15990260,2025-09-17
15990653,2025-09-17
15990872,2025-09-17
15990951,2025-09-18
15991424,2025-09-17
15993386,2025-09-17
15993802,2025-09-17
15993936,2025-09-17
15994399,2025-09-17
15994467,2025-09-17
15994540,2025-09-17
15995122,2025-09-17
15995482,2025-09-17
15995709,2025-09-17
15996862,2025-09-17
15996881,2025-09-17
15996893,2025-09-17
15997178,2025-09-17
15997205,2025-09-17
15997443,2025-09-17
15997937,2025-09-17
15998791,2025-09-17
15999291,2025-09-17
15999649,2025-09-17
15999700,2025-09-17
16000237,2025-09-17
16000856,2025-09-17
16000921,2025-09-17
16000988,2025-09-17
16001910,2025-09-17
16002310,2025-09-17
16002436,2025-09-17
16002961,2025-09-17
16003365,2025-09-17
16003737,2025-09-17
16003809,2025-09-17
16004066,2025-09-17
16004400,2025-09-17
16004479,2025-09-17
16004920,2025-09-17
16005244,2025-09-17
16005663,2025-09-17
16006082,2025-09-17
16007643,2025-09-17
16007983,2025-09-17
16008370,2025-09-17
16008945,2025-09-17
16009073,2025-09-17
16010383,2025-09-17
16010386,2025-09-17
16010473,2025-09-17
16010668,2025-09-17
16010997,2025-09-18
16011309,2025-09-18
16011431,2025-09-18
16011510,2025-09-18
16012926,2025-09-17
16013515,2025-09-19
16013674,2025-09-19
16013695,2025-09-19
16014350,2025-09-19
16016558,2025-09-18
16016567,2025-09-18
16016633,2025-09-19
16017057,2025-09-19
16017132,2025-09-18
16019790,2025-09-18
16020477,2025-09-18
16020705,2025-09-18
16021220,2025-09-18
16022904,2025-09-18
16023663,2025-09-18
16023916,2025-09-18
16024928,2025-09-18
16024989,2025-09-18
16025668,2025-09-18
16025800,2025-09-18
16026328,2025-09-18
16026454,2025-09-18
16026529,2025-09-18
16026609,2025-09-18
16026695,2025-09-18
16027044,2025-09-18
16027150,2025-09-18
16027260,2025-09-18
16027307,2025-09-18
16027724,2025-09-18
16028267,2025-09-18
16029135,2025-09-18
16029778,2025-09-18
16030187,2025-09-18
16030447,2025-09-18
16031469,2025-09-18
16031810,2025-09-18
16032148,2025-09-18
16032567,2025-09-18
16033197,2025-09-18
16033389,2025-09-18
16033630,2025-09-18
16034281,2025-09-18
16035080,2025-09-18
16035451,2025-09-18
16036931,2025-09-18
16037072,2025-09-18
16038791,2025-09-18
16039158,2025-09-18
16039829,2025-09-19
16040092,2025-09-19
16040480,2025-09-19
16043211,2025-09-19
16045519,2025-09-19
16053900,2025-09-19
16054943,2025-09-19
16055710,2025-09-19
16055949,2025-09-19
16056679,2025-09-19
16056913,2025-09-19
16057490,2025-09-19
16058016,2025-09-19
16058283,2025-09-19
16058362,2025-09-19
16058881,2025-09-19
16060822,2025-09-19
16061064,2025-09-19
16062124,2025-09-19
16062268,2025-09-19
16062901,2025-09-19
16063734,2025-09-19
16063824,2025-09-19
16063891,2025-09-19
16064869,2025-09-19
16064901,2025-09-19
16066918,2025-09-21
16067406,2025-09-23
16067584,2025-09-23
16067895,2025-09-22
16068590,2025-09-22
16068983,2025-09-23
16069344,2025-09-22
16069369,2025-09-22
16069407,2025-09-22
16070138,2025-09-22
16072065,2025-09-22
16072222,2025-09-23
16072581,2025-09-22
16074486,2025-09-22
16077772,2025-09-23
16078031,2025-09-22
16078454,2025-09-22
16079112,2025-09-22
16080673,2025-09-22
16081243,2025-09-22
16082071,2025-09-22
16082661,2025-09-22
16082663,2025-09-22
16082875,2025-09-22
16083321,2025-09-22
16083915,2025-09-22
16083987,2025-09-22
16084877,2025-09-22
16085172,2025-09-22
16085414,2025-09-22
16085933,2025-09-22
16086246,2025-09-22
16086624,2025-09-22
16087315,2025-09-22
16087434,2025-09-22
16091621,2025-09-21
16091808,2025-09-21
16094984,2025-09-24
16095537,2025-09-24
16096146,2025-09-24
16096490,2025-09-24
16096699,2025-09-24
16096720,2025-09-24
16096737,2025-09-24
16096914,2025-09-24
16096917,2025-09-24
16097194,2025-09-24
16097414,2025-09-24
16097748,2025-09-23
16097789,2025-09-23
16098520,2025-09-23
16099018,2025-09-23
16099285,2025-09-23
16099490,2025-09-23
16099491,2025-09-23
16099784,2025-09-23
16101210,2025-09-22
16101549,2025-09-22
16101774,2025-09-22
16101925,2025-09-22
16101936,2025-09-22
16102335,2025-09-22
16102426,2025-09-22
16102547,2025-09-22
16102560,2025-09-22
16103363,2025-09-22
16103474,2025-09-23
16103518,2025-09-22
16104225,2025-09-22
16104272,2025-09-22
16104571,2025-09-22
16104635,2025-09-22
16104958,2025-09-22
16105300,2025-09-22
16106028,2025-09-23
16106127,2025-09-22
16106218,2025-09-22
16107101,2025-09-22
16107792,2025-09-23
16108095,2025-09-23
16108332,2025-09-23
16109206,2025-09-22
16110518,2025-09-22
16111032,2025-09-23
16111862,2025-09-22
16111905,2025-09-21
16112432,2025-09-21
16112587,2025-09-21
16112968,2025-09-21
16113316,2025-09-23
16113579,2025-09-21
16113892,2025-09-21
16113916,2025-09-21
16114061,2025-09-21
16115567,2025-09-21
16116144,2025-09-21
16117104,2025-09-21
16117161,2025-09-21
16118483,2025-09-21
16119960,2025-09-23
16120156,2025-09-20
16120242,2025-09-20
16120304,2025-09-20
16120467,2025-09-20
16120501,2025-09-23
16121598,2025-09-23
16122278,2025-09-20
16122298,2025-09-20
16123177,2025-09-23
16123222,2025-09-23
16123330,2025-09-23
16123809,2025-09-23
16124886,2025-09-23
16124897,2025-09-23
16125173,2025-09-23
16126046,2025-09-23
16126614,2025-09-23
16127463,2025-09-23
16127588,2025-09-23
16128446,2025-09-23
16128529,2025-09-23
16128726,2025-09-23
16129272,2025-09-23
16129505,2025-09-23
16129883,2025-09-23
16130799,2025-09-23
16131404,2025-09-23
16131546,2025-09-23
16131765,2025-09-23
16131840,2025-09-23
16131898,2025-09-23
16132159,2025-09-23
16132193,2025-09-23
16132242,2025-09-23
16132553,2025-09-23
16132632,2025-09-23
16133342,2025-09-23
16133860,2025-09-23
16134000,2025-09-23
16134535,2025-09-23
16134695,2025-09-23
16134912,2025-09-23
16135391,2025-09-23
16135557,2025-09-23
16135572,2025-09-23
16136535,2025-09-23
16136964,2025-09-23
16137003,2025-09-23
16137069,2025-09-23
16137589,2025-09-23
16138527,2025-09-24
16138609,2025-09-24
16139814,2025-09-25
16140385,2025-09-24
16140476,2025-09-25
16140584,2025-09-25
16141299,2025-09-24
16141307,2025-09-24
16141308,2025-09-24
16141424,2025-09-24
16141751,2025-09-25
16141781,2025-09-24
16141826,2025-09-24
16141833,2025-09-24
16143039,2025-09-24
16143407,2025-09-24
16144089,2025-09-25
16144512,2025-09-25
16144588,2025-09-25
16148312,2025-09-24
16148499,2025-09-24
16148685,2025-09-24
16148696,2025-09-24
16148962,2025-09-24
16149312,2025-09-24
16149467,2025-09-24
16149469,2025-09-24
16149503,2025-09-24
16149559,2025-09-24
16149817,2025-09-24
16149974,2025-09-24
16150088,2025-09-24
16150283,2025-09-24
16150383,2025-09-24
16150686,2025-09-24
16151191,2025-09-24
16152021,2025-09-24
16152328,2025-09-24
16152355,2025-09-24
16152477,2025-09-24
16152646,2025-09-24
16153280,2025-09-24
16153606,2025-09-24
16153949,2025-09-24
16154527,2025-09-24
16154574,2025-09-24
16155055,2025-09-24
16155206,2025-09-24
16156019,2025-09-24
16156055,2025-09-24
16156183,2025-09-24
16157502,2025-09-24
16157516,2025-09-24
16157835,2025-09-24
16157878,2025-09-24
16158285,2025-09-24
16158859,2025-09-24
16159565,2025-09-24
16160311,2025-09-24
16161031,2025-09-24
16161095,2025-09-24
16161255,2025-09-24
16161258,2025-09-24
16161963,2025-09-24
16162029,2025-09-24
16162400,2025-09-24
16163321,2025-09-24
16164165,2025-09-24
16164250,2025-09-24
16164302,2025-09-24
16166064,2025-09-26
16166181,2025-09-26
16166282,2025-09-26
16166530,2025-09-26
16166599,2025-09-26
16167126,2025-09-26
16167331,2025-09-26
16168414,2025-09-26
16169144,2025-09-25
16170139,2025-09-25
16170258,2025-09-25
16171298,2025-09-25
16171608,2025-09-25
16171712,2025-09-25
16172405,2025-09-25
16172470,2025-09-25
16173555,2025-09-25
16174178,2025-09-25
16174555,2025-09-25
16175550,2025-09-25
16175925,2025-09-25
16176069,2025-09-25
16176214,2025-09-25
16177167,2025-09-25
16178004,2025-09-25
16178161,2025-09-25
16179055,2025-09-25
16179438,2025-09-25
16179769,2025-09-25
16180033,2025-09-25
16180213,2025-09-25
16180274,2025-09-25
16180276,2025-09-25
16180907,2025-09-25
16181155,2025-09-25
16181182,2025-09-25
16181640,2025-09-25
16182068,2025-09-25
16182179,2025-09-25
16182394,2025-09-25
16182578,2025-09-25
16183441,2025-09-25
16183653,2025-09-25
16186568,2025-09-25
16186590,2025-09-25
16186799,2025-09-25
16187713,2025-09-25
16188229,2025-09-26
16188232,2025-09-25
16188264,2025-09-26
16188318,2025-09-25
16190316,2025-09-25
16191600,2025-09-26
16191777,2025-09-26
16193041,2025-09-27
16195042,2025-09-26
16196639,2025-09-27
16196949,2025-09-26
16197341,2025-09-26
16197672,2025-09-26
16197803,2025-09-26
16197940,2025-09-26
16197987,2025-09-26
16198043,2025-09-26
16199137,2025-09-26
16199139,2025-09-26
16199195,2025-09-26
16200258,2025-09-26
16201029,2025-09-26
16201163,2025-09-26
16201204,2025-09-26
16201274,2025-09-26
16201981,2025-09-26
16202114,2025-09-26
16202403,2025-09-26
16202860,2025-09-26
16203391,2025-09-26
16203392,2025-09-26
16204321,2025-09-26
16204405,2025-09-26
16204459,2025-09-26
16204644,2025-09-26
16204666,2025-09-26
16206060,2025-09-26
16206099,2025-09-26
16206456,2025-09-26
16210342,2025-09-26
16211117,2025-09-26
16211280,2025-09-26
16211627,2025-09-26
16212731,2025-09-26
16212752,2025-09-26
16213094,2025-09-26
16213647,2025-09-26
16213649,2025-09-26
16214133,2025-09-26
16215784,2025-09-27
16216004,2025-09-27
16216566,2025-09-28
16216878,2025-09-27
16217971,2025-09-27
16218106,2025-09-27
16218496,2025-09-27
16218952,2025-09-27
16218973,2025-09-27
16219475,2025-09-27
16219603,2025-09-27
16220016,2025-09-27
16220280,2025-09-27
16220333,2025-09-27
16220455,2025-09-27
16220503,2025-09-27
16220668,2025-09-27
16220856,2025-09-27
16220981,2025-09-27
16221247,2025-09-27
16221950,2025-09-27
16223071,2025-09-27
16223134,2025-09-27
16223442,2025-09-27
16223603,2025-09-27
16224080,2025-09-27
16224298,2025-09-27
16225076,2025-09-27
16225292,2025-09-27
16225772,2025-09-28
16225893,2025-09-28
16225990,2025-09-28
16226102,2025-09-28
16226202,2025-09-28
16226673,2025-09-29
16227481,2025-09-29
16229005,2025-09-28
16229305,2025-09-28
16229306,2025-09-28
16229334,2025-09-28
16229610,2025-09-28
16229707,2025-09-28
16229815,2025-09-28
16230150,2025-09-28
16230409,2025-09-28
16230478,2025-09-28
16230777,2025-09-28
16231288,2025-09-28
16231424,2025-09-28
16234172,2025-09-30
16234867,2025-09-30
16235084,2025-09-30
16235283,2025-09-30
16235541,2025-09-30
16235780,2025-09-30
16236194,2025-09-30
16236220,2025-09-29
16236253,2025-09-29
16236343,2025-09-29
16236574,2025-09-29
16236579,2025-09-29
16236638,2025-09-29
16236753,2025-09-29
16236912,2025-09-29
16237859,2025-09-29
16238133,2025-09-29
16238444,2025-09-29
16238696,2025-09-29
16239318,2025-09-29
16239347,2025-09-29
16239851,2025-09-29
16240051,2025-09-29
16240183,2025-09-29
16241113,2025-09-29
16241616,2025-09-29
16242419,2025-09-29
16242729,2025-09-29
16242989,2025-09-29
16243211,2025-09-29
16243321,2025-09-29
16243783,2025-09-29
16243968,2025-09-29
16244792,2025-09-29
16244963,2025-09-29
16245830,2025-09-29
16246438,2025-09-29
16246475,2025-09-29
16246567,2025-09-29
16246636,2025-09-29
16247016,2025-09-29
16247866,2025-09-29
16248978,2025-09-29
16249418,2025-09-29
16250020,2025-09-29
16250052,2025-09-29
16251291,2025-09-29
16251309,2025-09-29
16251364,2025-09-29
16251776,2025-09-29
16252299,2025-09-29
16253291,2025-09-29
16253482,2025-09-29
16255781,2025-09-29
16257583,2025-09-30
16258565,2025-10-01
16259520,2025-10-01
16259765,2025-09-30
16260662,2025-09-30
16260890,2025-10-01
16261058,2025-09-30
16262711,2025-09-30
16263652,2025-09-30
16263786,2025-09-30
16263949,2025-09-30
16264048,2025-09-30
16264782,2025-09-30
16265512,2025-09-30
16265652,2025-09-30
16265865,2025-09-30
16266165,2025-09-30
16266444,2025-09-30
16266550,2025-09-30
16267395,2025-09-30
16267496,2025-09-30
16269022,2025-09-30
16269699,2025-09-30
16270408,2025-09-30
16270944,2025-09-30
16270963,2025-09-30
16271316,2025-09-30
16271369,2025-09-30
16271559,2025-09-30
16272968,2025-09-30
16273023,2025-09-30
16273170,2025-09-30
16274045,2025-09-30
16274112,2025-09-30
16274263,2025-09-30
16274643,2025-09-30
16274715,2025-09-30
16274943,2025-09-30
16275663,2025-09-30
16276957,2025-09-30
16277888,2025-09-30
16278762,2025-09-30
16279475,2025-10-01
16279791,2025-10-01
16279838,2025-10-01
16279845,2025-10-01
16279858,2025-10-01
16280215,2025-10-01
16280243,2025-10-01
16281302,2025-09-30
16281320,2025-09-30
16281328,2025-09-30
16281333,2025-09-30
16282350,2025-09-30
16286537,2025-10-02
16286709,2025-10-01
16286969,2025-10-02
16287012,2025-10-02
16287028,2025-10-01
16287259,2025-10-01
16287874,2025-10-02
16288467,2025-10-01
16289634,2025-10-01
16290060,2025-10-01
16291163,2025-10-01
16291569,2025-10-01
16291808,2025-10-01
16292346,2025-10-01
16293038,2025-10-01
16293226,2025-10-01
16293959,2025-10-01
16294150,2025-10-01
16294210,2025-10-01
16294411,2025-10-01
16295284,2025-10-01
16295993,2025-10-01
16296201,2025-10-01
16296806,2025-10-01
16297436,2025-10-01
16297619,2025-10-01
16297824,2025-10-01
16298135,2025-10-01
16299015,2025-10-01
16299707,2025-10-01
16300871,2025-10-01
16301664,2025-10-01
16302498,2025-10-01
16303356,2025-10-02
16303557,2025-10-02
16303766,2025-10-02
16303834,2025-10-02
16304022,2025-10-02
16304185,2025-10-02
16304216,2025-10-02
16304251,2025-10-01
16304538,2025-10-02
16304654,2025-10-01
16305168,2025-10-01
16306006,2025-10-01
16306942,2025-10-01
16307467,2025-10-01
16307688,2025-10-01
16307776,2025-10-01
16308712,2025-10-01
16308793,2025-10-01
16308970,2025-10-01
16309073,2025-10-01
16309088,2025-10-01
16309227,2025-10-01
16309534,2025-10-01
16309851,2025-10-01
16309958,2025-10-01
16310088,2025-10-01
16311335,2025-10-02
16312381,2025-10-02
16312802,2025-10-03
16313329,2025-10-03
16313431,2025-10-03
16313891,2025-10-02
16314262,2025-10-02
16314425,2025-10-02
16314607,2025-10-02
16314634,2025-10-02
16314668,2025-10-02
16314950,2025-10-02
16316445,2025-10-03
16317251,2025-10-02
16319517,2025-10-02
16320846,2025-10-02
16320913,2025-10-02
16320957,2025-10-02
16321330,2025-10-02
16321469,2025-10-02
16321819,2025-10-02
16321880,2025-10-02
16322822,2025-10-02
16323176,2025-10-02
16323684,2025-10-02
16324175,2025-10-02
16324495,2025-10-02
16324848,2025-10-02
16324916,2025-10-02
16325129,2025-10-02
16325407,2025-10-02
16326494,2025-10-02
16326762,2025-10-02
16326854,2025-10-02
16326963,2025-10-02
16328130,2025-10-02
16328435,2025-10-02
16328527,2025-10-02
16328829,2025-10-02
16330165,2025-10-02
16330714,2025-10-02
16331122,2025-10-02
16332153,2025-10-02
16332616,2025-10-02
16333548,2025-10-02
16334410,2025-10-02
16334440,2025-10-02
16334660,2025-10-02
16334889,2025-10-03
16334932,2025-10-03
16335265,2025-10-03
16336988,2025-10-02
16337052,2025-10-02
16337185,2025-10-03
16342860,2025-10-03
16343157,2025-10-03
16343874,2025-10-03
16344868,2025-10-03
16345027,2025-10-03
16346353,2025-10-03
16346778,2025-10-03
16347214,2025-10-03
16347747,2025-10-03
16348774,2025-10-03
16349305,2025-10-03
16350377,2025-10-03
16351453,2025-10-03
16351853,2025-10-03
16353767,2025-10-03
16354557,2025-10-03
16354829,2025-10-03
16354885,2025-10-03
16354895,2025-10-03
16355298,2025-10-03
16355839,2025-10-03
16357169,2025-10-03
16357385,2025-10-03
16358602,2025-10-03
16358764,2025-10-03
16358799,2025-10-03
16359075,2025-10-03
16370754,2025-10-05
16371041,2025-10-06
16371125,2025-10-06
16371368,2025-10-06
16371678,2025-10-06
16372043,2025-10-06
16372228,2025-10-06
16372848,2025-10-05
16373061,2025-10-05
16373785,2025-10-05
16374164,2025-10-05
16374322,2025-10-05
16374680,2025-10-05
16375680,2025-10-05
16375694,2025-10-05
16376139,2025-10-05
16376904,2025-10-05
16377934,2025-10-05
16379130,2025-10-07
16380738,2025-10-06
16382076,2025-10-06
16383331,2025-10-06
16384355,2025-10-06
16384359,2025-10-06
16385044,2025-10-06
16385108,2025-10-06
16385775,2025-10-06
16386088,2025-10-06
16386959,2025-10-06
16387189,2025-10-06
16387292,2025-10-06
16387330,2025-10-06
16387638,2025-10-06
16387728,2025-10-06
16387924,2025-10-06
16387934,2025-10-06
16388372,2025-10-06
16388387,2025-10-06
16388580,2025-10-06
16388619,2025-10-06
16388828,2025-10-06
16388924,2025-10-06
16388997,2025-10-06
16389138,2025-10-06
16389208,2025-10-06
16389425,2025-10-06
16389658,2025-10-06
16390419,2025-10-06
16390484,2025-10-06
16391498,2025-10-06
16392868,2025-10-06
16393278,2025-10-06
16393346,2025-10-06
16393976,2025-10-06
16394750,2025-10-06
16394850,2025-10-06
16394871,2025-10-06
16394911,2025-10-06
16394947,2025-10-06
16395228,2025-10-06
16395577,2025-10-06
16395642,2025-10-06
16395850,2025-10-06
16395928,2025-10-06
16396039,2025-10-06
16396120,2025-10-06
16396270,2025-10-06
16396801,2025-10-06
16396806,2025-10-06
16398417,2025-10-06
16399119,2025-10-06
16399169,2025-10-06
16399190,2025-10-06
16399753,2025-10-06
16399924,2025-10-06
16399980,2025-10-06
16400071,2025-10-06
16400771,2025-10-06
16402269,2025-10-07
16402497,2025-10-07
16403154,2025-10-07
16403193,2025-10-07
16403515,2025-10-07
16403522,2025-10-07
16403786,2025-10-07
16403817,2025-10-07
16404771,2025-10-08
16406322,2025-10-08
16408729,2025-10-07
16414277,2025-10-07
16416926,2025-10-07
16417283,2025-10-07
16418171,2025-10-07
16419773,2025-10-07
16419787,2025-10-07
16420119,2025-10-07
16421419,2025-10-07
16421739,2025-10-07
16422249,2025-10-07
16422288,2025-10-07
16422449,2025-10-07
16422463,2025-10-07
16422555,2025-10-07
16423713,2025-10-07
16424042,2025-10-07
16424284,2025-10-07
16425155,2025-10-07
16426049,2025-10-07
16426647,2025-10-07
16426855,2025-10-07
16427844,2025-10-07
16428324,2025-10-07
16428604,2025-10-07
16428880,2025-10-07
16430994,2025-10-08
16431087,2025-10-08
16431217,2025-10-08
16431387,2025-10-08
16431403,2025-10-08
16431409,2025-10-08
16432284,2025-10-08
16432361,2025-10-07
16432512,2025-10-08
16432606,2025-10-07
16432663,2025-10-08
16433039,2025-10-07
16433075,2025-10-08
16433083,2025-10-08
16433122,2025-10-08
16433226,2025-10-08
16437487,2025-10-08
16438330,2025-10-08
16438975,2025-10-08
16439125,2025-10-08
16439360,2025-10-08
16439484,2025-10-08
16440000,2025-10-08
16441035,2025-10-08
16441198,2025-10-08
16441552,2025-10-08
16443373,2025-10-08
16443553,2025-10-08
16443779,2025-10-08
16445163,2025-10-08
16446240,2025-10-08
16447132,2025-10-08
16447762,2025-10-08
16448000,2025-10-08
16448407,2025-10-08
16449002,2025-10-08
16449877,2025-10-08
16450606,2025-10-08
16451132,2025-10-08
16452119,2025-10-08
16452215,2025-10-08
16453137,2025-10-08
16453533,2025-10-08
16454402,2025-10-08
16455039,2025-10-08
16455708,2025-10-08
16455860,2025-10-08
16456149,2025-10-08
16456935,2025-10-08
16457158,2025-10-08
16457161,2025-10-08
16457360,2025-10-08
16457470,2025-10-08
16458182,2025-10-08
16458202,2025-10-08
16458279,2025-10-08
16458478,2025-10-08
16459699,2025-10-08
16459730,2025-10-08
16461352,2025-10-09
16461710,2025-10-08
16461726,2025-10-08
16462203,2025-10-09
16463577,2025-10-10
16463842,2025-10-10
16463984,2025-10-09
16464195,2025-10-09
16464992,2025-10-09
16465123,2025-10-09
16465540,2025-10-09
16466082,2025-10-09
16467274,2025-10-09
16468072,2025-10-09
16468111,2025-10-09
16468118,2025-10-09
16468643,2025-10-09
16468769,2025-10-09
16468821,2025-10-09
16469191,2025-10-09
16470317,2025-10-09
16470548,2025-10-09
16470627,2025-10-09
16470628,2025-10-09
16471736,2025-10-09
16471916,2025-10-09
16471952,2025-10-09
16472036,2025-10-09
16472641,2025-10-09
16472853,2025-10-09
16472983,2025-10-09
16473090,2025-10-09
16473493,2025-10-09
16473534,2025-10-09
16474084,2025-10-09
16474122,2025-10-09
16474160,2025-10-09
16474292,2025-10-09
16474420,2025-10-09
16474988,2025-10-09
16475500,2025-10-09
16475508,2025-10-09
16475848,2025-10-09
16476243,2025-10-09
16476442,2025-10-09
16476619,2025-10-09
16476818,2025-10-09
16476819,2025-10-09
16477678,2025-10-09
16479224,2025-10-09
16479535,2025-10-09
16479664,2025-10-09
16479674,2025-10-09
16480917,2025-10-09
16482225,2025-10-09
16482855,2025-10-09
16483146,2025-10-09
16483205,2025-10-09
16483326,2025-10-09
16483829,2025-10-09
16484868,2025-10-09
16485574,2025-10-09
16486077,2025-10-09
16486364,2025-10-09
16487030,2025-10-09
16487473,2025-10-10
16488607,2025-10-10
16491922,2025-10-10
16495357,2025-10-10
16495558,2025-10-10
16508458,2025-10-10
16509764,2025-10-10
16510061,2025-10-10
16510276,2025-10-10
16510709,2025-10-10
16510878,2025-10-10
16511435,2025-10-10
16512108,2025-10-10
16512676,2025-10-10
16513579,2025-10-10
16513912,2025-10-10
16514109,2025-10-10
16516980,2025-10-12
16525710,2025-10-13
16525747,2025-10-13
16526227,2025-10-13
16527109,2025-10-13
16527123,2025-10-12
16527282,2025-10-12
16528180,2025-10-13
16528468,2025-10-12
16529472,2025-10-12
16529650,2025-10-12
16529656,2025-10-12
16529818,2025-10-12
16530237,2025-10-12
16530348,2025-10-12
16531148,2025-10-12
16531164,2025-10-12
16531297,2025-10-12
16531413,2025-10-12
16532236,2025-10-14
16532377,2025-10-14
16532988,2025-10-14
16533665,2025-10-14
16534428,2025-10-14
16535697,2025-10-13
16535723,2025-10-13
16536714,2025-10-13
16536813,2025-10-13
16537460,2025-10-13
16537742,2025-10-13
16537992,2025-10-13
16538631,2025-10-13
16539916,2025-10-13
16541208,2025-10-13
16541607,2025-10-13
16541766,2025-10-13
16541964,2025-10-13
16542352,2025-10-13
16543594,2025-10-13
16543758,2025-10-13
16543815,2025-10-13
16544268,2025-10-13
16544429,2025-10-13
16544713,2025-10-13
16544789,2025-10-13
16546240,2025-10-13
16546370,2025-10-13
16546769,2025-10-13
16547136,2025-10-13
16547281,2025-10-13
16547373,2025-10-13
16547432,2025-10-13
16547811,2025-10-13
16550472,2025-10-13
16550510,2025-10-13
16550515,2025-10-13
16553029,2025-10-13
16554715,2025-10-13
16557075,2025-10-14
16557127,2025-10-14
16560768,2025-10-14
16560927,2025-10-14
16560959,2025-10-14
16561011,2025-10-14
16562151,2025-10-14
16562328,2025-10-14
16562398,2025-10-14
16562413,2025-10-14
16563900,2025-10-14
16564178,2025-10-14
16564183,2025-10-14
16564653,2025-10-14
16564681,2025-10-14
16564757,2025-10-14
16565350,2025-10-14
16566206,2025-10-14
16566763,2025-10-14
16567362,2025-10-14
16567592,2025-10-14
16568124,2025-10-14
16569472,2025-10-14
16570306,2025-10-14
16570326,2025-10-14
16570701,2025-10-14
16571144,2025-10-14
16571297,2025-10-14
16572018,2025-10-14
16572079,2025-10-14
16572747,2025-10-14
16573666,2025-10-14
16573746,2025-10-14
16574387,2025-10-14
16574618,2025-10-14
16574933,2025-10-14
16575659,2025-10-14
16575842,2025-10-14
16576224,2025-10-14
16576428,2025-10-14
16576616,2025-10-14
16576811,2025-10-14
16576878,2025-10-14
16577506,2025-10-14
16577831,2025-10-14
16577937,2025-10-14
16578978,2025-10-14
16579229,2025-10-14
16581613,2025-10-14
16581682,2025-10-14
16583519,2025-10-15
16583530,2025-10-15
16583700,2025-10-15
16583925,2025-10-15
16583995,2025-10-15
16584023,2025-10-15
16584055,2025-10-15
16584119,2025-10-15
16584122,2025-10-15
16584285,2025-10-15
16584317,2025-10-15
16584324,2025-10-15
16584758,2025-10-15
16585057,2025-10-15
16585127,2025-10-14
16585452,2025-10-14
16585471,2025-10-15
16586164,2025-10-14
16586237,2025-10-14
16586782,2025-10-16
16587063,2025-10-16
16588065,2025-10-15
16588628,2025-10-15
16589279,2025-10-15
16589507,2025-10-16
16589998,2025-10-16
16590125,2025-10-16
16590575,2025-10-16
16592053,2025-10-15
16592436,2025-10-15
16592949,2025-10-15
16592983,2025-10-15
16593287,2025-10-15
16595522,2025-10-15
16595717,2025-10-15
16595917,2025-10-15
16596371,2025-10-15
16596417,2025-10-15
16596585,2025-10-15
16597088,2025-10-15
16597450,2025-10-15
16598636,2025-10-15
16599246,2025-10-15
16599476,2025-10-15
16600255,2025-10-15
16600665,2025-10-15
16602162,2025-10-15
16602358,2025-10-15
16602440,2025-10-15
16602724,2025-10-15
16603657,2025-10-15
16603809,2025-10-15
16604211,2025-10-15
16604470,2025-10-15
16604497,2025-10-15
16604667,2025-10-15
16604827,2025-10-15
16606508,2025-10-15
16606851,2025-10-15
16606884,2025-10-15
16607001,2025-10-15
16607259,2025-10-15
16607278,2025-10-15
16607689,2025-10-15
16608310,2025-10-15
16610164,2025-10-15
16612862,2025-10-15
16613009,2025-10-16
16614961,2025-10-16
16615406,2025-10-16
16620464,2025-10-17
16621292,2025-10-17
16622057,2025-10-16
16623013,2025-10-16
16623047,2025-10-16
16623051,2025-10-16
16623102,2025-10-16
16623359,2025-10-16
16623804,2025-10-16
16624177,2025-10-16
16624489,2025-10-16
16625104,2025-10-16
16625122,2025-10-16
16625660,2025-10-16
16625814,2025-10-16
16626529,2025-10-16
16626742,2025-10-16
16626841,2025-10-16
16626991,2025-10-16
16628041,2025-10-16
16628044,2025-10-16
16628289,2025-10-16
16628959,2025-10-16
16629034,2025-10-16
16629085,2025-10-16
16629167,2025-10-16
16630464,2025-10-16
16630470,2025-10-16
16630609,2025-10-16
16630811,2025-10-16
16630826,2025-10-16
16631364,2025-10-16
16631789,2025-10-16
16632279,2025-10-16
16633759,2025-10-16
16635734,2025-10-16
16635800,2025-10-16
16635808,2025-10-16
16635816,2025-10-16
16636035,2025-10-16
16636627,2025-10-16
16637517,2025-10-16
16640859,2025-10-17
16641362,2025-10-16
16644425,2025-10-17
16644865,2025-10-17
16645285,2025-10-17
16646483,2025-10-17
16647367,2025-10-17
16648492,2025-10-17
16648696,2025-10-18
16648703,2025-10-18
16650551,2025-10-17
16650668,2025-10-17
16651257,2025-10-17
16651463,2025-10-17
16651591,2025-10-17
16653028,2025-10-17
16653137,2025-10-17
16653193,2025-10-17
16653320,2025-10-17
16654332,2025-10-17
16654607,2025-10-17
16655917,2025-10-17
16656581,2025-10-17
16656915,2025-10-17
16657228,2025-10-17
16657534,2025-10-17
16659166,2025-10-17
16659846,2025-10-17
16660403,2025-10-17
16660674,2025-10-17
16660880,2025-10-17
16661236,2025-10-17
16661539,2025-10-17
16661631,2025-10-17
16661786,2025-10-17
16661891,2025-10-17
16662168,2025-10-17
16662787,2025-10-17
16662854,2025-10-17
16663060,2025-10-17
16663915,2025-10-17
16664798,2025-10-17
16665421,2025-10-17
16665718,2025-10-17
16669917,2025-10-18
16670057,2025-10-19
16675504,2025-10-18
16675562,2025-10-18
16676591,2025-10-18
16678699,2025-10-19
16679186,2025-10-19
16679239,2025-10-19
16679304,2025-10-19
16679329,2025-10-19
16679414,2025-10-19
16679710,2025-10-19
16680215,2025-10-19
16681036,2025-10-19
16681175,2025-10-19
16681598,2025-10-19
16681692,2025-10-19
16681756,2025-10-19
16681763,2025-10-19
16682041,2025-10-19
16682094,2025-10-19
16682317,2025-10-19
16682943,2025-10-19
16683050,2025-10-19
16683671,2025-10-19
16683783,2025-10-19
16684338,2025-10-20
16684417,2025-10-20
16684418,2025-10-20
16684936,2025-10-20
16685534,2025-10-19
16685876,2025-10-19
16686120,2025-10-19
16689873,2025-10-20
16690054,2025-10-20
16690717,2025-10-21
16691246,2025-10-21
16691248,2025-10-21
16691390,2025-10-21
16691675,2025-10-21
16691977,2025-10-21
16692092,2025-10-20
16692363,2025-10-21
16693097,2025-10-21
16693518,2025-10-21
16693755,2025-10-20
16694027,2025-10-20
16695070,2025-10-20
16695306,2025-10-20
16695648,2025-10-20
16696077,2025-10-20
16696150,2025-10-20
16696698,2025-10-20
16697918,2025-10-20
16699451,2025-10-20
16699643,2025-10-20
16699668,2025-10-20
16699842,2025-10-20
16700234,2025-10-20
16700651,2025-10-20
16701765,2025-10-20
16701838,2025-10-20
16702381,2025-10-20
16702544,2025-10-20
16702570,2025-10-20
16702884,2025-10-20
16702966,2025-10-20
16703056,2025-10-20
16703355,2025-10-20
16703453,2025-10-20
16703517,2025-10-20
16703566,2025-10-20
16704044,2025-10-20
16704306,2025-10-20
16704313,2025-10-20
16704683,2025-10-20
16705084,2025-10-20
16705799,2025-10-20
16706467,2025-10-20
16706691,2025-10-20
16707556,2025-10-20
16707775,2025-10-20
16707809,2025-10-20
16708080,2025-10-20
16708995,2025-10-20
16709967,2025-10-20
16710088,2025-10-20
16710473,2025-10-20
16710675,2025-10-20
16710822,2025-10-20
16710827,2025-10-20
16711098,2025-10-20
16711315,2025-10-20
16711321,2025-10-20
16712303,2025-10-21
16713270,2025-10-21
16714850,2025-10-21
16714976,2025-10-22
16714987,2025-10-22
16715831,2025-10-22
16715850,2025-10-22
16715890,2025-10-21
16715897,2025-10-22
16715899,2025-10-22
16715951,2025-10-21
16716028,2025-10-21
16716921,2025-10-21
16717087,2025-10-21
16717345,2025-10-21
16717834,2025-10-21
16718031,2025-10-21
16718497,2025-10-21
16718662,2025-10-21
16718925,2025-10-21
16719084,2025-10-21
16720817,2025-10-21
16721586,2025-10-21
16722095,2025-10-21
16722235,2025-10-21
16723141,2025-10-21
16723216,2025-10-21
16723431,2025-10-21
16723657,2025-10-21
16724747,2025-10-21
16725006,2025-10-21
16725186,2025-10-21
16726011,2025-10-21
16726073,2025-10-21
16726190,2025-10-21
16728947,2025-10-21
16729021,2025-10-21
16732115,2025-10-21
16732927,2025-10-21
16733165,2025-10-21
16733575,2025-10-21
16734314,2025-10-21
16734381,2025-10-21
16735244,2025-10-21
16735946,2025-10-21
16736005,2025-10-21
16736641,2025-10-21
16736883,2025-10-21
16736953,2025-10-21
16737038,2025-10-21
16737164,2025-10-21
16737407,2025-10-21
16737980,2025-10-21
16737993,2025-10-21
16738236,2025-10-21
16739031,2025-10-23
16739098,2025-10-23
16739959,2025-10-22
16741017,2025-10-23
16741100,2025-10-23
16741775,2025-10-22
16742363,2025-10-22
16742971,2025-10-22
16743818,2025-10-22
16744409,2025-10-22
16745157,2025-10-22
16745454,2025-10-22
16746485,2025-10-22
16746917,2025-10-22
16747424,2025-10-22
16747630,2025-10-22
16747817,2025-10-22
16748017,2025-10-22
16748272,2025-10-22
16748501,2025-10-22
16748808,2025-10-22
16749073,2025-10-22
16749100,2025-10-22
16750067,2025-10-22
16751840,2025-10-22
16753235,2025-10-22
16753341,2025-10-22
16753480,2025-10-22
16754260,2025-10-22
16754593,2025-10-22
16754638,2025-10-22
16754885,2025-10-22
16757741,2025-10-22
16758672,2025-10-22
16759496,2025-10-22
16759638,2025-10-22
16761126,2025-10-22
16761238,2025-10-22
16761956,2025-10-22
16764036,2025-10-22
16765225,2025-10-23
16765338,2025-10-23
16765359,2025-10-23
16765470,2025-10-23
16766989,2025-10-23
16767901,2025-10-23
16768317,2025-10-23
16773003,2025-10-23
16773612,2025-10-23
16773693,2025-10-23
16773730,2025-10-23
16774056,2025-10-23
16774293,2025-10-23
16774478,2025-10-23
16775492,2025-10-23
16775548,2025-10-23
16776083,2025-10-23
16776086,2025-10-23
16776714,2025-10-23
16777400,2025-10-23
16777535,2025-10-23
16777781,2025-10-23
16777820,2025-10-23
16777926,2025-10-23
16778227,2025-10-23
16778684,2025-10-23
16778766,2025-10-23
16778828,2025-10-23
16779973,2025-10-23
16781215,2025-10-23
16781709,2025-10-23
16781885,2025-10-23
16782072,2025-10-23
16782190,2025-10-23
16782539,2025-10-23
16782664,2025-10-23
16782709,2025-10-23
16783056,2025-10-23
16783240,2025-10-23
16783554,2025-10-23
16783648,2025-10-23
16783752,2025-10-23
16783813,2025-10-23
16784414,2025-10-23
16784556,2025-10-23
16784641,2025-10-23
16786168,2025-10-23
16787356,2025-10-23
16788032,2025-10-23
16788350,2025-10-23
16788536,2025-10-23
16789600,2025-10-24
16790916,2025-10-23
16791075,2025-10-23
16791089,2025-10-23
16792441,2025-10-25
16792624,2025-10-25
16793282,2025-10-25
16793793,2025-10-25
16794023,2025-10-24
16794462,2025-10-24
16795649,2025-10-25
16796648,2025-10-24
16797042,2025-10-24
16799373,2025-10-24
16799615,2025-10-24
16799685,2025-10-24
16800942,2025-10-24
16801770,2025-10-24
16802618,2025-10-24
16802645,2025-10-24
16802755,2025-10-24
16802925,2025-10-24
16804117,2025-10-24
16804301,2025-10-24
16804972,2025-10-24
16805860,2025-10-24
16806129,2025-10-24
16806271,2025-10-24
16806692,2025-10-24
16806757,2025-10-24
16807548,2025-10-24
16807647,2025-10-24
16807735,2025-10-24
16808128,2025-10-24
16808415,2025-10-24
16808702,2025-10-24
16808869,2025-10-24
16809155,2025-10-24
16809275,2025-10-24
16809320,2025-10-24
16809413,2025-10-24
16809632,2025-10-24
16809831,2025-10-24
16811586,2025-10-24
16811736,2025-10-24
16812006,2025-10-24
16812288,2025-10-24
16813046,2025-10-24
16813177,2025-10-24
16813524,2025-10-24
16813561,2025-10-24
16813641,2025-10-24
16813691,2025-10-24
16815189,2025-10-25
16815374,2025-10-25
16817378,2025-10-25
16817854,2025-10-25
16819839,2025-10-25
16821732,2025-10-25
16823923,2025-10-26
16823962,2025-10-26
16824209,2025-10-27
16824536,2025-10-26
16824582,2025-10-26
16825041,2025-10-26
16825451,2025-10-26
16825759,2025-10-26
16825816,2025-10-26
16825916,2025-10-26
16826043,2025-10-26
16826048,2025-10-26
16826111,2025-10-26
16826260,2025-10-26
16826356,2025-10-26
16826587,2025-10-26
16826719,2025-10-26
16827373,2025-10-26
16829356,2025-10-26
16829396,2025-10-26
16831609,2025-10-27
16832164,2025-10-27
16834511,2025-10-28
16835094,2025-10-28
16835390,2025-10-27
16835709,2025-10-28
16836681,2025-10-28
16837532,2025-10-28
16837586,2025-10-27
16838648,2025-10-27
16839328,2025-10-27
16839375,2025-10-27
16840144,2025-10-27
16840236,2025-10-27
16840474,2025-10-27
16841102,2025-10-27
16841120,2025-10-27
16841868,2025-10-27
16842967,2025-10-27
16842973,2025-10-27
16843620,2025-10-27
16844683,2025-10-27
16845246,2025-10-27
16845384,2025-10-27
16845677,2025-10-27
16845763,2025-10-27
16846261,2025-10-27
16846394,2025-10-27
16846631,2025-10-27
16846845,2025-10-27
16847172,2025-10-27
16847676,2025-10-27
16848808,2025-10-27
16849116,2025-10-27
16849836,2025-10-27
16850083,2025-10-27
16850128,2025-10-27
16852645,2025-10-27
16852668,2025-10-27
16852927,2025-10-27
16855473,2025-10-27
16855628,2025-10-27
16856268,2025-10-27
16858390,2025-10-29
16859138,2025-10-29
16859991,2025-10-28
16860092,2025-10-28
16860562,2025-10-28
16862204,2025-10-28
16862400,2025-10-28
16862468,2025-10-28
16863466,2025-10-28
16863494,2025-10-28
16863873,2025-10-28
16865091,2025-10-28
16866043,2025-10-28
16866425,2025-10-28
16866746,2025-10-28
16866832,2025-10-28
16866875,2025-10-28
16867266,2025-10-28
16867329,2025-10-28
16868306,2025-10-28
16868906,2025-10-28
16868940,2025-10-28
16870102,2025-10-28
16870185,2025-10-28
16870980,2025-10-28
16871617,2025-10-28
16872758,2025-10-28
16872831,2025-10-28
16873830,2025-10-28
16873878,2025-10-28
16874016,2025-10-28
16874172,2025-10-28
16874352,2025-10-28
16874420,2025-10-28
16874531,2025-10-28
16874658,2025-10-28
16874694,2025-10-28
16877195,2025-10-28
16879694,2025-10-28
16879780,2025-10-28
16879803,2025-10-28
16881879,2025-10-28
16882028,2025-10-28
16882915,2025-10-28
16883103,2025-10-28
16884338,2025-10-29
16884636,2025-10-29
16888182,2025-10-30
16888190,2025-10-30
16889204,2025-10-30
16889965,2025-10-30
16890058,2025-10-30
16890128,2025-10-30
16890267,2025-10-30
16890422,2025-10-30
16891086,2025-10-30
16891603,2025-10-30
16893331,2025-10-29
16893592,2025-10-29
16894103,2025-10-30
16894507,2025-10-29
16894937,2025-10-29
16895303,2025-10-29
16895337,2025-10-29
16895772,2025-10-29
16896017,2025-10-29
16896213,2025-10-29
16896347,2025-10-29
16896831,2025-10-29
16897447,2025-10-29
16897497,2025-10-29
16898634,2025-10-29
16898670,2025-10-29
16898996,2025-10-29
16899013,2025-10-29
16899164,2025-10-29
16899274,2025-10-29
16899430,2025-10-29
16901642,2025-10-29
16902601,2025-10-29
16902643,2025-10-29
16902982,2025-10-29
16903088,2025-10-29
16903865,2025-10-29
16904902,2025-10-29
16904928,2025-10-29
16905576,2025-10-29
16908246,2025-10-29
16909707,2025-10-29
16910010,2025-10-29
16912182,2025-10-30
16913071,2025-10-30
16914183,2025-10-31
16914219,2025-10-31
16915422,2025-10-30
16915491,2025-10-30
16915715,2025-10-30
16915914,2025-10-30
16917646,2025-10-30
16917664,2025-10-30
16920798,2025-10-30
16921353,2025-10-30
16922477,2025-10-30
16922584,2025-10-30
16923296,2025-10-30
16923425,2025-10-30
16923821,2025-10-30
16924206,2025-10-30
16924308,2025-10-30
16925215,2025-10-30
16926084,2025-10-30
16926112,2025-10-30
16926254,2025-10-30
16926336,2025-10-30
16926694,2025-10-30
16928058,2025-10-30
16928524,2025-10-30
16929716,2025-10-30
16930709,2025-10-30
16931581,2025-10-30
16932616,2025-10-30
16932636,2025-10-30
16932805,2025-10-30
16932844,2025-10-30
16933792,2025-10-30
16933913,2025-10-30
16934062,2025-10-30
16935054,2025-10-30
16935318,2025-10-30
16935533,2025-10-30
16936402,2025-10-30
16936502,2025-10-30
16936686,2025-10-30
16936829,2025-10-30
16937049,2025-10-30
16937178,2025-10-30
16938539,2025-10-31
16939289,2025-10-31
16940015,2025-10-31
16941919,2025-10-31
16942117,2025-10-31
16942845,2025-10-31
16943133,2025-10-31
16944473,2025-10-31
16945705,2025-10-31
16945996,2025-10-31
16946065,2025-10-31
16946115,2025-10-31
16947084,2025-10-31
16948020,2025-10-31
16948361,2025-10-31
16948936,2025-10-31
16949150,2025-10-31
16949495,2025-10-31
16949739,2025-10-31
16949992,2025-10-31
16950236,2025-10-31
16950314,2025-10-31
16950479,2025-10-31
16950605,2025-10-31
16951249,2025-10-31
16951558,2025-10-31
16951570,2025-10-31
16951767,2025-10-31
16952319,2025-10-31
16954045,2025-10-31
16954470,2025-10-31
16955949,2025-10-31
16957006,2025-10-31
16959030,2025-10-31
16959374,2025-10-30
16959741,2025-11-01
16960276,2025-11-01
16961765,2025-11-02
16962685,2025-11-01
16963705,2025-11-01
16963868,2025-11-01
16964384,2025-11-01
16965547,2025-11-01
16965581,2025-11-01
16965891,2025-11-01
16965902,2025-11-01
16965990,2025-11-01
16966311,2025-11-01
16966586,2025-11-01
16967243,2025-11-01
16967518,2025-11-01
16967580,2025-11-01
16968263,2025-11-01
16968739,2025-11-01
16969805,2025-11-02
16971012,2025-11-02
16971205,2025-11-03
16971853,2025-11-03
16971968,2025-11-03
16972467,2025-11-02
16973285,2025-11-02
16973668,2025-11-02
16974112,2025-11-02
16974213,2025-11-02
16974577,2025-11-02
16974587,2025-11-02
16974611,2025-11-02
16974725,2025-11-02
16974750,2025-11-02
16975807,2025-11-02
16976041,2025-11-02
16976414,2025-11-02
16976462,2025-11-02
16977269,2025-11-02
16977446,2025-11-02
16977453,2025-11-02
16977461,2025-11-02
16977932,2025-11-03
16979010,2025-11-04
16979087,2025-11-04
16979174,2025-11-03
16979278,2025-11-03
16979572,2025-11-04
16979635,2025-11-03
16980054,2025-11-04
16980185,2025-11-04
16980351,2025-11-04
16980433,2025-11-03
16981506,2025-11-04
16981567,2025-11-04
16981965,2025-11-04
16982133,2025-11-03
16982463,2025-11-03
16982688,2025-11-03
16982971,2025-11-03
16983345,2025-11-03
16983969,2025-11-03
16984308,2025-11-03
16984532,2025-11-03
16985021,2025-11-03
16985269,2025-11-03
16985320,2025-11-03
16985383,2025-11-03
16985478,2025-11-03
16985938,2025-11-03
16986875,2025-11-03
16987053,2025-11-03
16987164,2025-11-03
16987626,2025-11-03
16987848,2025-11-03
16988918,2025-11-03
16989107,2025-11-03
16989359,2025-11-03
16989754,2025-11-03
16990355,2025-11-03
16990710,2025-11-03
16990910,2025-11-03
16991063,2025-11-03
16991800,2025-11-03
16992043,2025-11-03
16992289,2025-11-03
16992370,2025-11-03
16992586,2025-11-03
16992612,2025-11-03
16993056,2025-11-03
16993121,2025-11-03
16994082,2025-11-03
16994119,2025-11-03
16994235,2025-11-03
16994406,2025-11-03
16994820,2025-11-03
16995047,2025-11-03
16995746,2025-11-03
16996041,2025-11-03
16996345,2025-11-03
16996419,2025-11-03
16996447,2025-11-03
16996449,2025-11-03
16996470,2025-11-03
16998033,2025-11-03
16998690,2025-11-03
16998788,2025-11-03
17000514,2025-11-04
17000946,2025-11-04
17001224,2025-11-03
17001307,2025-11-04
17001398,2025-11-03
17002634,2025-11-03
17007045,2025-11-05
17007202,2025-11-05
17007367,2025-11-05
17007636,2025-11-05
17008200,2025-11-05
17008301,2025-11-05
17008398,2025-11-05
17008399,2025-11-05
17008449,2025-11-05
17008484,2025-11-04
17008521,2025-11-05
17008523,2025-11-05
17008530,2025-11-04
17008533,2025-11-05
17008580,2025-11-05
17013049,2025-11-04
17013156,2025-11-04
17013361,2025-11-04
17013899,2025-11-04
17013902,2025-11-04
17014016,2025-11-04
17015222,2025-11-04
17015280,2025-11-04
17017151,2025-11-04
17017312,2025-11-04
17017887,2025-11-04
17018032,2025-11-04
17018411,2025-11-04
17018629,2025-11-04
17018635,2025-11-04
17019150,2025-11-04
17019745,2025-11-04
17019908,2025-11-04
17019984,2025-11-04
17020001,2025-11-04
17022473,2025-11-04
17022577,2025-11-04
17022581,2025-11-04
17022699,2025-11-04
17022776,2025-11-04
17023053,2025-11-04
17023296,2025-11-04
17023433,2025-11-04
17023806,2025-11-04
17023866,2025-11-04
17024059,2025-11-04
17024126,2025-11-04
17024422,2025-11-04
17024568,2025-11-04
17024736,2025-11-04
17026098,2025-11-04
17026127,2025-11-04
17026215,2025-11-04
17026222,2025-11-04
17026822,2025-11-04
17027298,2025-11-04
17027877,2025-11-04
17028589,2025-11-04
17028794,2025-11-04
17028859,2025-11-04
17029266,2025-11-04
17029304,2025-11-04
17029550,2025-11-04
17030405,2025-11-06
17030417,2025-11-06
17030579,2025-11-06
17030583,2025-11-06
17030865,2025-11-06
17030906,2025-11-06
17031017,2025-11-06
17031077,2025-11-06
17031094,2025-11-06
17031551,2025-11-06
17033771,2025-11-06
17034422,2025-11-06
17036961,2025-11-05
17037209,2025-11-05
17037311,2025-11-05
17037365,2025-11-05
17037419,2025-11-05
17037665,2025-11-05
17037861,2025-11-05
17038786,2025-11-05
17038853,2025-11-05
17039718,2025-11-05
17039997,2025-11-05
17041202,2025-11-05
17042046,2025-11-05
17043293,2025-11-05
17043825,2025-11-05
17044406,2025-11-05
17044667,2025-11-05
17045332,2025-11-05
17045426,2025-11-05
17045579,2025-11-05
17046733,2025-11-05
17047679,2025-11-05
17047959,2025-11-05
17048025,2025-11-05
17048181,2025-11-05
17048245,2025-11-05
17048465,2025-11-05
17049760,2025-11-05
17050421,2025-11-05
17052589,2025-11-05
17055411,2025-11-05
17055803,2025-11-05
17059026,2025-11-06
17061211,2025-11-07
17064019,2025-11-06
17064439,2025-11-06
17065005,2025-11-07
17065711,2025-11-06
17065720,2025-11-06
17066216,2025-11-06
17066975,2025-11-06
17067338,2025-11-06
17067713,2025-11-06
17068205,2025-11-06
17069310,2025-11-06
17069529,2025-11-06
17069805,2025-11-06
17070305,2025-11-06
17070669,2025-11-06
17070702,2025-11-06
17070986,2025-11-06
17071034,2025-11-06
17071083,2025-11-06
17071095,2025-11-06
17071419,2025-11-06
17073981,2025-11-06
17074392,2025-11-06
17074855,2025-11-06
17074939,2025-11-06
17075214,2025-11-06
17075585,2025-11-06
17075608,2025-11-06
17075974,2025-11-06
17075979,2025-11-06
17076089,2025-11-06
17076583,2025-11-06
17077455,2025-11-06
17078896,2025-11-06
17079187,2025-11-06
17079359,2025-11-06
17079697,2025-11-06
17080136,2025-11-06
17080445,2025-11-06
17082702,2025-11-06
17083305,2025-11-06
17083567,2025-11-06
17084137,2025-11-06
17086657,2025-11-07
17086679,2025-11-07
17087565,2025-11-07
17089556,2025-11-08
17089726,2025-11-08
17090051,2025-11-08
17090661,2025-11-07
17090946,2025-11-08
17091617,2025-11-07
17092112,2025-11-07
17092331,2025-11-07
17092522,2025-11-07
17092763,2025-11-07
17092808,2025-11-07
17092987,2025-11-07
17093153,2025-11-07
17096694,2025-11-07
17097095,2025-11-07
17097181,2025-11-07
17097753,2025-11-07
17097959,2025-11-07
17098173,2025-11-07
17098188,2025-11-07
17099240,2025-11-07
17101813,2025-11-07
17102439,2025-11-07
17102728,2025-11-07
17103679,2025-11-07
17103829,2025-11-07
17105224,2025-11-07
17105659,2025-11-07
17106085,2025-11-07
17106171,2025-11-07
17106924,2025-11-07
17107512,2025-11-07
17108381,2025-11-07
17108563,2025-11-07
17108584,2025-11-07
17110990,2025-11-09
17111043,2025-11-08
17111234,2025-11-08
17111296,2025-11-08
17112516,2025-11-08
17112729,2025-11-08
17112974,2025-11-08
17113072,2025-11-08
17113147,2025-11-08
17113155,2025-11-08
17114378,2025-11-08
17114681,2025-11-08
17115058,2025-11-08
17115289,2025-11-08
17115494,2025-11-08
17115854,2025-11-08
17116196,2025-11-08
17116513,2025-11-08
17118684,2025-11-08
17119642,2025-11-08
17120051,2025-11-09
17120825,2025-11-09
17121250,2025-11-10
17121347,2025-11-10
17121453,2025-11-09
17121924,2025-11-09
17122760,2025-11-10
17123083,2025-11-09
17123764,2025-11-09
17123809,2025-11-09
17123884,2025-11-09
17124226,2025-11-09
17124301,2025-11-09
17124399,2025-11-09
17124720,2025-11-09
17124908,2025-11-09
17125194,2025-11-09
17125910,2025-11-09
17126102,2025-11-09
17126156,2025-11-09
17126252,2025-11-09
17126254,2025-11-09
17127248,2025-11-09
17128239,2025-11-10
17128615,2025-11-10
17129248,2025-11-10
17129377,2025-11-10
17130269,2025-11-10
17130310,2025-11-10
17132080,2025-11-11
17132263,2025-11-11
17132421,2025-11-10
17133047,2025-11-10
17133232,2025-11-11
17133438,2025-11-11
17133548,2025-11-11
17134411,2025-11-11
17135347,2025-11-11
17135597,2025-11-11
17135643,2025-11-11
17135820,2025-11-11
17136058,2025-11-11
17136066,2025-11-11
17136492,2025-11-11
17137068,2025-11-11
17137877,2025-11-10
17138154,2025-11-10
17139396,2025-11-10
17139599,2025-11-10
17139659,2025-11-10
17139752,2025-11-10
17140336,2025-11-10
17140367,2025-11-10
17140379,2025-11-10
17140501,2025-11-10
17140659,2025-11-10
17140664,2025-11-10
17140854,2025-11-10
17142100,2025-11-10
17142762,2025-11-10
17143164,2025-11-10
17143476,2025-11-10
17143817,2025-11-10
17143993,2025-11-10
17144052,2025-11-10
17144061,2025-11-10
17144071,2025-11-10
17145287,2025-11-10
17145439,2025-11-10
17146543,2025-11-10
17148449,2025-11-10
17148583,2025-11-10
17149186,2025-11-10
17149314,2025-11-10
17151116,2025-11-10
17152246,2025-11-10
17152695,2025-11-10
17152792,2025-11-10
17153638,2025-11-10
17154446,2025-11-12
17154573,2025-11-12
17155004,2025-11-12
17156017,2025-11-12
17156291,2025-11-12
17156576,2025-11-12
17158828,2025-11-11
17158868,2025-11-12
17160540,2025-11-11
17160631,2025-11-11
17160670,2025-11-11
17161707,2025-11-11
17163204,2025-11-11
17163244,2025-11-11
17165063,2025-11-11
17165286,2025-11-11
17165868,2025-11-11
17166425,2025-11-11
17166833,2025-11-11
17167052,2025-11-11
17167308,2025-11-11
17168629,2025-11-11
17168642,2025-11-11
17168991,2025-11-11
17169274,2025-11-11
17169424,2025-11-11
17169659,2025-11-11
17169846,2025-11-11
17170170,2025-11-11
17170450,2025-11-11
17172115,2025-11-11
17172236,2025-11-11
17172249,2025-11-11
17173365,2025-11-11
17173685,2025-11-11
17174207,2025-11-11
17174267,2025-11-11
17174286,2025-11-11
17174870,2025-11-11
17175019,2025-11-11
17175083,2025-11-11
17175282,2025-11-11
17175604,2025-11-11
17177055,2025-11-11
17177837,2025-11-11
17179155,2025-11-11
17180328,2025-11-12
17180401,2025-11-12
17181116,2025-11-12
17183508,2025-11-13
17183582,2025-11-12
17184730,2025-11-12
17184812,2025-11-12
17184944,2025-11-12
17185591,2025-11-12
17186131,2025-11-12
17186864,2025-11-12
17187445,2025-11-12
17188780,2025-11-12
17188988,2025-11-12
17189219,2025-11-12
17189297,2025-11-12
17189318,2025-11-12
17189641,2025-11-12
17189785,2025-11-12
17190072,2025-11-12
17190624,2025-11-12
17190763,2025-11-12
17190840,2025-11-12
17190911,2025-11-12
17191438,2025-11-12
17191553,2025-11-12
17191940,2025-11-12
17192258,2025-11-12
17192307,2025-11-12
17192361,2025-11-12
17192908,2025-11-12
17193146,2025-11-12
17193696,2025-11-12
17193820,2025-11-12
17194008,2025-11-12
17194434,2025-11-12
17194724,2025-11-12
17195436,2025-11-12
17196468,2025-11-12
17196835,2025-11-12
17196966,2025-11-12
17197700,2025-11-12
17199541,2025-11-12
17200479,2025-11-12
17201711,2025-11-12
17202209,2025-11-12
17203345,2025-11-12
17205175,2025-11-12
17206326,2025-11-12
17208027,2025-11-12
17208066,2025-11-13
17208097,2025-11-13
17208126,2025-11-13
17208137,2025-11-13
17208381,2025-11-13
17208984,2025-11-13
17209415,2025-11-13
17209472,2025-11-13
17209478,2025-11-13
17210122,2025-11-13
17210132,2025-11-13
17211781,2025-11-14
17211852,2025-11-14
17213019,2025-11-13
17213270,2025-11-14
17213411,2025-11-13
17213914,2025-11-14
17214076,2025-11-14
17214096,2025-11-14
17214117,2025-11-14
17214226,2025-11-14
17214245,2025-11-14
17214247,2025-11-14
17214270,2025-11-14
17216239,2025-11-14
17216442,2025-11-14
17216884,2025-11-13
17217068,2025-11-13
17217155,2025-11-13
17217637,2025-11-13
17217660,2025-11-13
17217748,2025-11-13
17218188,2025-11-13
17218238,2025-11-13
17218866,2025-11-13
17219125,2025-11-13
17219785,2025-11-14
17219862,2025-11-13
17219877,2025-11-13
17220868,2025-11-13
17221556,2025-11-13
17221676,2025-11-13
17222778,2025-11-13
17223219,2025-11-13
17224206,2025-11-13
17224731,2025-11-13
17225747,2025-11-13
17226514,2025-11-13
17226521,2025-11-13
17227014,2025-11-13
17227018,2025-11-13
17227105,2025-11-13
17227957,2025-11-13
17227964,2025-11-13
17228446,2025-11-13
17229188,2025-11-13
17229642,2025-11-13
17229845,2025-11-13
17229962,2025-11-13
17231386,2025-11-13
17231656,2025-11-13
17231704,2025-11-13
17232827,2025-11-13
17233081,2025-11-13
17233275,2025-11-13
17233904,2025-11-13
17235195,2025-11-13
17236078,2025-11-13
17236138,2025-11-13
17236383,2025-11-13
17238240,2025-11-13
17239114,2025-11-14
17239186,2025-11-14
17240597,2025-11-14
17241945,2025-11-15
17243468,2025-11-15
17244336,2025-11-15
17246638,2025-11-14
17246662,2025-11-14
17246965,2025-11-14
17247030,2025-11-14
17247436,2025-11-14
17247766,2025-11-14
17247808,2025-11-14
17247881,2025-11-14
17248218,2025-11-14
17248277,2025-11-14
17248591,2025-11-14
17248712,2025-11-14
17249315,2025-11-14
17249579,2025-11-14
17249763,2025-11-14
17250712,2025-11-14
17250791,2025-11-14
17251009,2025-11-14
17251403,2025-11-14
17251965,2025-11-14
17252510,2025-11-14
17252557,2025-11-14
17252654,2025-11-14
17253324,2025-11-14
17253351,2025-11-14
17253389,2025-11-14
17253943,2025-11-14
17253949,2025-11-14
17254269,2025-11-14
17255723,2025-11-14
17256328,2025-11-14
17256515,2025-11-14
17256592,2025-11-14
17256593,2025-11-14
17256629,2025-11-14
17256684,2025-11-14
17256955,2025-11-14
17258462,2025-11-14
17258506,2025-11-14
17258789,2025-11-14
17258937,2025-11-14
17259637,2025-11-14
17264060,2025-11-14
17264569,2025-11-14
17265990,2025-11-14
17269077,2025-11-16
17269185,2025-11-16
17269193,2025-11-16
17269362,2025-11-16
17269480,2025-11-16
17269778,2025-11-15
17269959,2025-11-15
17270181,2025-11-15
17270470,2025-11-15
17270605,2025-11-15
17271342,2025-11-15
17271633,2025-11-15
17272991,2025-11-15
17273023,2025-11-15
17273367,2025-11-15
17273615,2025-11-15
17273659,2025-11-15
17274030,2025-11-15
17274044,2025-11-15
17274469,2025-11-15
17274534,2025-11-15
17274950,2025-11-15
17274976,2025-11-15
17275369,2025-11-15
17275852,2025-11-15
17277083,2025-11-15
17277215,2025-11-15
17277383,2025-11-15
17277612,2025-11-15
17277790,2025-11-15
17279846,2025-11-17
17280311,2025-11-16
17280331,2025-11-16
17280508,2025-11-16
17280574,2025-11-17
17280803,2025-11-16
17280994,2025-11-16
17281107,2025-11-16
17281172,2025-11-16
17281198,2025-11-16
17281427,2025-11-16
17281502,2025-11-16
17281815,2025-11-16
17282526,2025-11-16
17283197,2025-11-16
17283339,2025-11-16
17283408,2025-11-16
17283431,2025-11-16
17283561,2025-11-16
17283915,2025-11-16
17284231,2025-11-16
17284729,2025-11-16
17285285,2025-11-16
17285415,2025-11-16
17285773,2025-11-16
17286076,2025-11-16
17286142,2025-11-16
17286713,2025-11-16
17287754,2025-11-17
17288071,2025-11-17
17288647,2025-11-17
17289111,2025-11-17
17290370,2025-11-18
17290563,2025-11-18
17290594,2025-11-18
17290934,2025-11-17
17291926,2025-11-17
17292281,2025-11-18
17292420,2025-11-18
17292726,2025-11-18
17292750,2025-11-18
17293139,2025-11-18
17293752,2025-11-18
17293827,2025-11-18
17294557,2025-11-17
17295323,2025-11-17
17295647,2025-11-17
17296088,2025-11-17
17296839,2025-11-17
17296935,2025-11-17
17298163,2025-11-17
17298566,2025-11-17
17298727,2025-11-17
17299031,2025-11-17
17299378,2025-11-17
17300044,2025-11-17
17300118,2025-11-17
17300669,2025-11-17
17300843,2025-11-17
17300885,2025-11-17
17301607,2025-11-17
17301902,2025-11-17
17302278,2025-11-17
17302285,2025-11-17
17303041,2025-11-17
17303141,2025-11-17
17303165,2025-11-17
17303744,2025-11-17
17304305,2025-11-17
17304866,2025-11-17
17305066,2025-11-17
17305394,2025-11-17
17305417,2025-11-17
17306497,2025-11-17
17307446,2025-11-17
17307989,2025-11-17
17310122,2025-11-17
17310343,2025-11-17
17310636,2025-11-17
17310773,2025-11-17
17312052,2025-11-17
17312061,2025-11-17
17312243,2025-11-17
17313689,2025-11-18
17313968,2025-11-17
17314821,2025-11-18
17314823,2025-11-17
17316177,2025-11-18
17316496,2025-11-19
17316501,2025-11-19
17316591,2025-11-19
17316628,2025-11-19
17317686,2025-11-19
17317689,2025-11-19
17317705,2025-11-19
17317970,2025-11-19
17318008,2025-11-19
17318025,2025-11-19
17318034,2025-11-19
17318289,2025-11-19
17318349,2025-11-19
17318514,2025-11-19
17318638,2025-11-19
17318677,2025-11-19
17318680,2025-11-18
17318756,2025-11-19
17318834,2025-11-18
17322849,2025-11-18
17323228,2025-11-18
17323992,2025-11-18
17324672,2025-11-18
17324771,2025-11-18
17325026,2025-11-18
17325815,2025-11-18
17326023,2025-11-18
17326957,2025-11-18
17327035,2025-11-18
17328186,2025-11-18
17328263,2025-11-18
17328416,2025-11-18
17328762,2025-11-18
17329482,2025-11-18
17329566,2025-11-18
17330450,2025-11-18
17330538,2025-11-18
17332001,2025-11-18
17332021,2025-11-18
17332171,2025-11-18
17332399,2025-11-18
17333030,2025-11-18
17333369,2025-11-18
17333552,2025-11-18
17333741,2025-11-18
17333848,2025-11-18
17333866,2025-11-18
17334591,2025-11-18
17335417,2025-11-18
17335434,2025-11-18
17336102,2025-11-18
17336762,2025-11-18
17336846,2025-11-18
17336963,2025-11-18
17337125,2025-11-18
17337455,2025-11-18
17339794,2025-11-18
17340212,2025-11-18
17340571,2025-11-18
17340744,2025-11-18
17341060,2025-11-18
17341353,2025-11-18
17342221,2025-11-18
17345273,2025-11-18
17346229,2025-11-19
17350129,2025-11-19
17350417,2025-11-19
17350790,2025-11-20
17350816,2025-11-20
17350912,2025-11-20
17352255,2025-11-20
17352307,2025-11-20
17353075,2025-11-20
17353085,2025-11-20
17353298,2025-11-20
17353440,2025-11-19
17353511,2025-11-20
17353698,2025-11-20
17353704,2025-11-20
17356467,2025-11-20
17357016,2025-11-20
17357023,2025-11-19
17357034,2025-11-20
17357630,2025-11-19
17357973,2025-11-19
17358058,2025-11-19
17358093,2025-11-19
17358291,2025-11-19
17359041,2025-11-19
17359395,2025-11-19
17359587,2025-11-19
17359697,2025-11-19
17359746,2025-11-19
17360118,2025-11-19
17360538,2025-11-19
17360908,2025-11-19
17361539,2025-11-19
17361830,2025-11-19
17361881,2025-11-19
17362415,2025-11-19
17362793,2025-11-19
17363925,2025-11-19
17365464,2025-11-19
17365742,2025-11-19
17365857,2025-11-19
17366235,2025-11-19
17366913,2025-11-19
17367625,2025-11-19
17367824,2025-11-19
17367874,2025-11-19
17368393,2025-11-19
17368871,2025-11-19
17369187,2025-11-19
17369689,2025-11-19
17369805,2025-11-19
17370045,2025-11-19
17370885,2025-11-19
17371089,2025-11-19
17371734,2025-11-19
17373026,2025-11-19
17373137,2025-11-19
17373994,2025-11-19
17374715,2025-11-19
17377608,2025-11-20
17378429,2025-11-20
17378563,2025-11-20
17379630,2025-11-20
17379677,2025-11-20
17379914,2025-11-20
17380070,2025-11-20
17385420,2025-11-20
17385867,2025-11-20
17386524,2025-11-20
17387517,2025-11-20
17387675,2025-11-20
17388095,2025-11-20
17388305,2025-11-20
17388336,2025-11-20
17388815,2025-11-20
17389735,2025-11-20
17390206,2025-11-20
17390584,2025-11-20
17392839,2025-11-20
17395600,2025-11-20
17396369,2025-11-21
17396641,2025-11-21
17398945,2025-11-20
17399632,2025-11-20
17399697,2025-11-21
17401115,2025-11-20
17401150,2025-11-20
17401711,2025-11-20
17401909,2025-11-20
17401981,2025-11-20
17402078,2025-11-21
17402335,2025-11-20
17404192,2025-11-21
17404260,2025-11-21
17404648,2025-11-21
17404829,2025-11-20
17404856,2025-11-20
17405078,2025-11-20
17410494,2025-11-22
17411177,2025-11-21
17411610,2025-11-21
17412947,2025-11-21
17413288,2025-11-21
17413734,2025-11-21
17414416,2025-11-21
17414970,2025-11-21
17414992,2025-11-21
17415308,2025-11-21
17415324,2025-11-21
17416309,2025-11-21
17416633,2025-11-21
17416661,2025-11-21
17417770,2025-11-21
17417776,2025-11-21
17417888,2025-11-21
17418683,2025-11-21
17419286,2025-11-21
17419512,2025-11-21
17419928,2025-11-21
17420416,2025-11-21
17420699,2025-11-21
17420795,2025-11-21
17420808,2025-11-21
17421632,2025-11-21
17422288,2025-11-21
17423119,2025-11-21
17424012,2025-11-21
17425859,2025-11-21
17425887,2025-11-21
17426974,2025-11-21
17426976,2025-11-21
17428364,2025-11-21
17430496,2025-11-21
17430655,2025-11-21
17433003,2025-11-21
17433224,2025-11-21
17433313,2025-11-21
17434156,2025-11-21
17434341,2025-11-21
17436822,2025-11-22
17436829,2025-11-22
17442174,2025-11-22
17443984,2025-11-23
17445228,2025-11-23
17448049,2025-11-23
17448803,2025-11-23
17449784,2025-11-22
17451609,2025-11-24
17453137,2025-11-23
17453174,2025-11-24
17454036,2025-11-23
17454414,2025-11-23
17454868,2025-11-23
17455001,2025-11-23
17455041,2025-11-23
17458043,2025-11-24
17458590,2025-11-25
17459420,2025-11-24
17462381,2025-11-25
17462577,2025-11-25
17463982,2025-11-25
17465665,2025-11-24
17466469,2025-11-25
17466568,2025-11-25
17468662,2025-11-24
17472078,2025-11-24
17473630,2025-11-24
17473730,2025-11-24
17474086,2025-11-24
17474131,2025-11-24
17474342,2025-11-24
17475271,2025-11-24
17475649,2025-11-24
17476173,2025-11-24
17476597,2025-11-24
17477271,2025-11-24
17477653,2025-11-24
17478833,2025-11-24
17479169,2025-11-24
17480374,2025-11-24
17482193,2025-11-24
17483326,2025-11-24
17487715,2025-11-25
17489503,2025-11-25
17490581,2025-11-25
17490622,2025-11-25
17490846,2025-11-25
17491838,2025-11-25
17492171,2025-11-25
17492803,2025-11-25
17492936,2025-11-25
17493748,2025-11-25
17495648,2025-11-25
17496583,2025-11-25
17498387,2025-11-25
17502974,2025-11-26
17503588,2025-11-26
17506338,2025-11-25
17506374,2025-11-25
17511293,2025-11-25
17511981,2025-11-25
17512116,2025-11-25
17512961,2025-11-25
17514297,2025-11-25
17514877,2025-11-25
17515227,2025-11-25
17516219,2025-11-25
17517916,2025-11-26
17518928,2025-11-26
17520881,2025-11-26
17524511,2025-11-26
17526107,2025-11-26
17526388,2025-11-26
17528440,2025-11-26
17528518,2025-11-26
17529842,2025-11-26
17531896,2025-11-26
17533366,2025-11-26
17535366,2025-11-27
17535876,2025-11-27
17536155,2025-11-27
17539947,2025-11-27
17546699,2025-11-28
17548201,2025-11-27
17549350,2025-11-27
17551487,2025-11-27
17552267,2025-11-27
17555815,2025-11-27
17557005,2025-11-27
17557338,2025-11-27
17560061,2025-11-27
17560528,2025-11-27
17561130,2025-11-27
17562017,2025-11-28
17563163,2025-11-28
17563705,2025-11-27
17564601,2025-11-29
17571157,2025-11-28
17573702,2025-11-28
17574266,2025-11-28
17575638,2025-11-28
17581326,2025-11-28
17582001,2025-11-28
17582247,2025-11-28
17584721,2025-11-29
17584754,2025-11-29
17585644,2025-11-28
17591915,2025-11-29
17593500,2025-11-29
17598529,2025-12-01
17599723,2025-11-30
17600120,2025-11-30
17600398,2025-11-30
17601048,2025-11-30
17602681,2025-11-30
17607665,2025-12-01
17607904,2025-12-01
17607962,2025-12-01
17608352,2025-12-02
17610456,2025-12-01
17612899,2025-12-01
17614290,2025-12-01
17614830,2025-12-01
17618826,2025-12-01
17619605,2025-12-01
17621457,2025-12-01
17622827,2025-12-01
17624260,2025-12-01
17628818,2025-12-02
17632041,2025-12-02
17632088,2025-12-01
17632116,2025-12-02
17632407,2025-12-02
17633355,2025-12-02
17633891,2025-12-01
17638709,2025-12-01
17640603,2025-12-03
17640620,2025-12-03
17641630,2025-12-03
17646279,2025-12-02
17647965,2025-12-02
17651295,2025-12-02
17652966,2025-12-02
17656122,2025-12-02
17659572,2025-12-02
17661707,2025-12-02
17663878,2025-12-02
17664718,2025-12-02
17664752,2025-12-02
17666482,2025-12-03
17669622,2025-12-03
17670081,2025-12-03
17670193,2025-12-03
17672804,2025-12-03
17675552,2025-12-03
17676759,2025-12-03
17677293,2025-12-03
17678904,2025-12-03
17679094,2025-12-03
17680686,2025-12-03
17688158,2025-12-04
17691338,2025-12-04
17691398,2025-12-03
17693525,2025-12-04
17695465,2025-12-03
17699114,2025-12-03
17699287,2025-12-03
17705376,2025-12-04
17750273,2025-11-28
17751190,2025-12-04
17751593,2025-11-22
17752040,2025-12-04
17752525,2025-12-04
17752746,2025-12-04
17752755,2025-12-04
17752883,2025-12-04
17753526,2025-12-04
17753809,2025-11-27
17753825,2025-11-22
17754242,2025-12-04
17754666,2025-12-04
17754776,2025-12-04
17756157,2025-12-04
17756221,2025-11-20
17756580,2025-12-04
17756748,2025-12-04
17756978,2025-12-04
17757692,2025-12-04
17757843,2025-12-04
17757993,2025-12-04
17758135,2025-12-04
17758679,2025-11-20
17759006,2025-12-04
17759310,2025-12-04
17759649,2025-12-04
17759817,2025-12-04
17760236,2025-12-05
17760552,2025-12-05
17760913,2025-12-05
17761328,2025-12-05
17761539,2025-12-05
17761593,2025-12-05
17762625,2025-12-05
17762911,2025-12-05
17763396,2025-12-05
17763403,2025-12-05
17763892,2025-12-05
17764074,2025-12-05
17764099,2025-12-04
17765456,2025-12-05
17765690,2025-12-05
17765757,2025-12-05
17765814,2025-12-05
17765821,2025-11-20
17766598,2025-12-05
17769541,2025-11-24
17773716,2025-11-21
17774355,2025-11-20
17774888,2025-11-21
17776591,2025-11-20
17776712,2025-11-22
17777989,2025-11-21
17778192,2025-11-22
17779251,2025-12-05
17780752,2025-11-25
17785162,2025-11-21
17785904,2025-11-22
17785997,2025-10-13
17786260,2025-11-20
17791546,2025-11-20
17792210,2025-10-11
17797018,2025-11-20
17797511,2025-12-06
17797704,2025-11-21
17797725,2025-11-20
17798516,2025-11-21
17798572,2025-11-21
17798621,2025-11-21
17800169,2025-11-29
17800376,2025-11-21
17800511,2025-11-21
17801618,2025-11-21
17801935,2025-11-21
17802181,2025-11-21
17808222,2025-12-07
17810425,2025-12-07
17810821,2025-12-07
17810862,2025-12-07
17811247,2025-12-07
17812108,2025-12-07
17812211,2025-12-07
17812459,2025-12-07
17813773,2025-12-07
17814100,2025-11-23
17814125,2025-12-07
17814146,2025-12-07
17814224,2025-12-07
17814287,2025-12-07
17814945,2025-12-07
17815151,2025-12-07
17816047,2025-12-08
17816218,2025-12-08
17816940,2025-12-08
17818022,2025-12-08
17818398,2025-12-08
17818721,2025-12-08
17819339,2025-09-29
17819531,2025-11-24
17819839,2025-12-08
17819930,2025-12-08
17820996,2025-12-08
17822701,2025-11-23
17825232,2025-11-25
17825782,2025-11-24
17826110,2025-12-08
17826308,2025-12-08
17827126,2025-12-08
17827240,2025-11-22
17827459,2025-12-08
17827648,2025-12-08
17827724,2025-12-08
17827750,2025-11-25
17828235,2025-12-03
17828366,2025-11-24
17829180,2025-12-08
17829321,2025-11-23
17829577,2025-10-14
17829752,2025-11-28
17829770,2025-12-08
17830086,2025-11-23
17830243,2025-11-30
17830395,2025-11-24
17830422,2025-11-24
17830536,2025-11-29
17831158,2025-12-08
17831236,2025-11-25
17831270,2025-12-08
17831554,2025-12-08
17831581,2025-12-01
17831654,2025-10-22
17831656,2025-11-25
17831839,2025-11-29
17832195,2025-12-08
17832244,2025-12-03
17834935,2025-12-08
17835046,2025-11-24
17835532,2025-12-01
17836084,2025-12-08
17836213,2025-11-23
17836243,2025-11-23
17836518,2025-12-01
17836650,2025-11-24
17836931,2025-12-08
17836934,2025-12-08
17837174,2025-11-30
17837519,2025-11-23
17837565,2025-11-28
17837872,2025-12-01
17838379,2025-11-24
17838439,2025-11-23
17838946,2025-11-23
17838952,2025-11-23
17839044,2025-12-08
17839201,2025-11-23
17839266,2025-12-08
17840670,2025-12-08
17841115,2025-12-03
17841373,2025-12-02
17843107,2025-11-23
17843482,2025-12-08
17843671,2025-12-08
17843865,2025-11-24
17844196,2025-12-08
17845096,2025-11-24
17845409,2025-12-08
17845478,2025-12-08
17845897,2025-11-23
17846419,2025-12-08
17847049,2025-12-08
17847502,2025-12-03
17847904,2025-12-08
17848217,2025-12-08
17848449,2025-11-25
17848495,2025-11-29
17850331,2025-12-08
17850711,2025-12-08
17850906,2025-12-08
17851774,2025-12-08
17852463,2025-12-08
17853466,2025-12-08
17853771,2025-12-09
17854003,2025-12-02
17854733,2025-11-24
17854855,2025-12-09
17855256,2025-12-09
17855529,2025-12-09
17856580,2025-11-24
17856628,2025-12-09
17856951,2025-12-09
17857226,2025-12-09
17857366,2025-12-09
17857521,2025-12-04
17858628,2025-12-09
17858637,2025-12-09
17859383,2025-12-09
17859481,2025-11-25
17860749,2025-12-09
17861105,2025-12-09
17861767,2025-12-09
17862062,2025-12-09
17862498,2025-12-09
17864143,2025-12-09
17866496,2025-12-09
17866569,2025-10-15
17866600,2025-11-26
17866874,2025-11-26
17867730,2025-10-28
17868151,2025-12-09
17868235,2025-10-15
17868277,2025-12-09
17868313,2025-11-25
17869498,2025-10-28
17869515,2025-12-09
17869853,2025-12-02
17869854,2025-11-26
17870132,2025-11-13
17870244,2025-11-17
17870250,2025-11-21
17870291,2025-11-21
17870940,2025-11-13
17870984,2025-11-21
17871061,2025-11-18
17871243,2025-11-26
17871278,2025-11-24
17871348,2025-12-09
17872182,2025-12-09
17873619,2025-12-02
17873791,2025-12-09
17874155,2025-12-09
17874314,2025-11-24
17874579,2025-11-30
17874709,2025-11-14
17874716,2025-11-19
17874766,2025-11-19
17875203,2025-11-21
17875265,2025-11-14
17875282,2025-11-20
17875337,2025-11-30
17875344,2025-12-09
17875388,2025-11-18
17875389,2025-11-19
17875399,2025-12-09
17875412,2025-12-01
17875527,2025-11-27
17875571,2025-11-19
17875618,2025-12-09
17875673,2025-11-28
17875771,2025-11-26
17877254,2025-11-29
17877430,2025-11-27
17877474,2025-11-26
17877500,2025-11-19
17877504,2025-11-24
17878092,2025-12-02
17878152,2025-12-09
17878230,2025-09-30
17878380,2025-12-09
17878624,2025-11-25
17878962,2025-11-29
17878976,2025-11-25
17879038,2025-11-26
17879121,2025-10-28
17879182,2025-12-09
17879510,2025-12-09
17879869,2025-12-09
17880283,2025-12-09
17880489,2025-12-09
17880663,2025-11-24
17880709,2025-12-09
17880833,2025-12-09
17881282,2025-12-01
17881690,2025-11-24
17882063,2025-11-24
17882283,2025-12-09
17882286,2025-11-25
17882514,2025-11-26
17882989,2025-11-25
17883881,2025-12-09
17884074,2025-12-09
17884529,2025-12-09
17884861,2025-12-09
17884901,2025-11-26
17884905,2025-10-28
17885160,2025-12-01
17885660,2025-12-09
17886049,2025-11-29
17886130,2025-12-09
17886408,2025-12-02
17886572,2025-11-24
17886633,2025-11-24
17886774,2025-10-15
17887716,2025-12-09
17887900,2025-11-30
17887902,2025-10-29
17887930,2025-10-25
17887985,2025-12-09
17888205,2025-12-02
17888692,2025-12-09
17889493,2025-11-24
17889713,2025-11-26
17889785,2025-11-24
17890737,2025-11-26
17891026,2025-11-30
17891138,2025-12-09
17891300,2025-11-29
17891308,2025-12-09
17891634,2025-10-28
17891688,2025-12-09
17891822,2025-12-09
17891843,2025-11-26
17892064,2025-12-09
17892161,2025-11-26
17892487,2025-12-09
17892552,2025-12-09
17892938,2025-11-25
17892998,2025-10-17
17893114,2025-12-03
17893323,2025-12-09
17893484,2025-10-20
17894325,2025-12-09
17894369,2025-11-26
17894542,2025-12-09
17894816,2025-11-29
17894953,2025-11-26
17895116,2025-12-09
17895303,2025-11-25
17895677,2025-11-27
17895740,2025-12-09
17895864,2025-12-09
17895896,2025-11-25
17896093,2025-12-09
17896544,2025-12-03
17896697,2025-12-09
17896812,2025-12-01
17896863,2025-11-25
17896898,2025-11-25
17897064,2025-12-09
17897170,2025-11-26
17898292,2025-12-02
17898775,2025-12-09
17898784,2025-12-09
17898965,2025-11-24
17899384,2025-12-09
17899428,2025-12-09
17899836,2025-12-09
17900172,2025-12-09
17900665,2025-12-09
17900755,2025-11-25
17900872,2025-12-09
17900958,2025-12-09
17901212,2025-12-01
17901256,2025-12-01
17901330,2025-12-09
17901545,2025-12-09
17901551,2025-12-09
17902105,2025-12-09
17902140,2025-11-27
17902170,2025-11-26
17902183,2025-11-25
17902255,2025-11-25
17902413,2025-12-09
17902780,2025-12-02
17902884,2025-11-30
17902984,2025-12-09
17903077,2025-12-09
17903396,2025-12-09
17903515,2025-12-09
17904360,2025-11-25
17904995,2025-12-10
17905095,2025-12-10
17905385,2025-12-10
17905469,2025-11-26
17905549,2025-12-03
17906089,2025-12-10
17906294,2025-12-10
17906758,2025-12-10
17907533,2025-12-10
17907782,2025-12-10
17908603,2025-12-10
17909094,2025-12-10
17909207,2025-12-10
17909221,2025-12-10
17914819,2025-11-30
17915615,2025-11-26
17915845,2025-11-26
17916173,2025-11-21
17916254,2025-11-25
17916774,2025-12-04
17917178,2025-11-25
17917738,2025-11-26
17918157,2025-11-25
17918470,2025-11-25
17918955,2025-11-28
17919873,2025-11-25
17920888,2025-11-26
17921414,2025-11-27
17922676,2025-12-01
17922773,2025-11-26
17924120,2025-11-25
17924314,2025-11-25
17924447,2025-12-05
17924758,2025-10-16
17925103,2025-09-08
17926066,2025-11-28
17926147,2025-12-05
17928243,2025-11-27
17928357,2025-11-25
17929181,2025-11-25
17930145,2025-11-25
17930552,2025-11-25
17931588,2025-11-25
17931774,2025-12-04
17931899,2025-12-02
17932358,2025-11-26
17932531,2025-11-25
17933422,2025-11-14
17933837,2025-11-26
17934074,2025-11-26
17935541,2025-11-25
17937432,2025-11-26
17938497,2025-11-26
17938757,2025-11-28
17940177,2025-11-26
17941446,2025-11-26
17941673,2025-12-11
17941880,2025-12-03
17944213,2025-12-01
17944517,2025-11-27
17951126,2025-11-26
17952014,2025-11-27
17952103,2025-11-27
17952703,2025-11-27
17952775,2025-11-29
17952962,2025-11-26
17954271,2025-12-01
17954476,2025-12-02
17954758,2025-11-26
17954760,2025-12-11
17955246,2025-10-17
17955377,2025-11-26
17955454,2025-11-29
17955529,2025-12-01
17956043,2025-11-26
17956382,2025-11-26
17956421,2025-11-29
17956650,2025-11-28
17958642,2025-11-26
17958817,2025-11-26
17960863,2025-11-28
17960954,2025-11-30
17961030,2025-11-26
17961290,2025-11-26
17961293,2025-11-26
17961456,2025-12-03
17962698,2025-12-03
17963489,2025-11-27
17963723,2025-11-28
17966357,2025-12-11
17966729,2025-11-28
17966882,2025-11-28
17967179,2025-12-01
17967299,2025-10-21
17967681,2025-11-28
17970357,2025-11-27
17971311,2025-11-27
17972623,2025-11-28
17979485,2025-11-20
17980579,2025-11-27
17981858,2025-12-02
17981947,2025-12-02
17982026,2025-12-02
17982133,2025-12-02
17986040,2025-11-03
17986500,2025-11-28
17986987,2025-11-29
17986991,2025-12-02
17987060,2025-12-01
17987700,2025-11-20
17987839,2025-12-04
17990126,2025-12-04
17992734,2025-11-29
17994063,2025-11-28
17994227,2025-11-28
17996400,2025-11-28
17996495,2025-11-28
17996703,2025-11-29
17997210,2025-11-28
17998151,2025-12-01
17999513,2025-12-04
18000997,2025-11-29
18001453,2025-11-30
18001833,2025-11-28
18002124,2025-12-01
18003113,2025-12-04
18003690,2025-12-04
18003780,2025-11-29
18003853,2025-11-29
18004584,2025-12-04
18004649,2025-12-02
18004882,2025-12-02
18005020,2025-12-02
18005360,2025-11-30
18005714,2025-12-01
18006317,2025-12-04
18006589,2025-12-12
18007332,2025-12-01
18018789,2025-12-13
18025169,2025-12-14
18026759,2025-12-14
18027615,2025-12-14
18028266,2025-12-14
18028789,2025-12-14
18028948,2025-12-14
18028965,2025-12-14
18029511,2025-12-14
18029711,2025-12-14
18029965,2025-12-14
18030630,2025-12-15
18030652,2025-12-14
18030901,2025-12-15
18031862,2025-12-15
18031927,2025-12-15
18031975,2025-12-15
18032238,2025-12-01
18032495,2025-12-15
18032759,2025-12-15
18033102,2025-12-15
18033182,2025-12-15
18033469,2025-12-15
18034290,2025-12-15
18035408,2025-12-15
18037299,2025-12-01
18037387,2025-12-01
18037746,2025-11-30
18038381,2025-12-15
18038402,2025-11-30
18038483,2025-12-15
18039295,2025-12-15
18039812,2025-11-30
18040218,2025-12-03
18040459,2025-12-15
18040528,2025-10-19
18040541,2025-12-15
18040543,2025-12-04
18041007,2025-12-15
18041105,2025-12-03
18041120,2025-12-15
18041125,2025-12-15
18041274,2025-11-30
18041379,2025-12-02
18041607,2025-12-02
18041612,2025-12-15
18042180,2025-10-21
18042349,2025-12-15
18042772,2025-12-15
18042965,2025-12-15
18043028,2025-12-02
18043668,2025-12-15
18044221,2025-12-02
18044556,2025-12-02
18044736,2025-12-15
18045099,2025-12-15
18045757,2025-12-01
18046051,2025-12-01
18046083,2025-12-15
18046437,2025-12-15
18046624,2025-12-15
18047243,2025-12-15
18047470,2025-12-15
18047503,2025-12-02
18047710,2025-12-15
18047876,2025-12-15
18048041,2025-12-15
18048079,2025-12-15
18048100,2025-11-04
18048123,2025-12-15
18048176,2025-11-05
18048626,2025-12-01
18048663,2025-12-15
18048701,2025-12-01
18049209,2025-12-15
18049251,2025-12-15
18050521,2025-12-03
18050757,2025-12-15
18051059,2025-12-15
18051244,2025-12-01
18051364,2025-12-01
18051562,2025-12-15
18051752,2025-12-15
18052397,2025-12-15
18052423,2025-12-15
18052769,2025-12-15
18052809,2025-12-03
18052874,2025-12-15
18052959,2025-12-01
18053232,2025-12-15
18053303,2025-12-03
18053376,2025-12-03
18053681,2025-12-02
18053725,2025-12-15
18054652,2025-12-15
18054689,2025-12-15
18055225,2025-12-01
18055234,2025-12-15
18056086,2025-12-15
18057983,2025-12-15
18057990,2025-12-15
18058093,2025-12-15
18058282,2025-12-02
18058390,2025-12-15
18058998,2025-12-15
18059408,2025-12-15
18059674,2025-12-15
18060150,2025-12-16
18060492,2025-12-01
18060752,2025-12-16
18062096,2025-12-16
18062135,2025-12-16
18062693,2025-12-16
18062821,2025-12-16
18063213,2025-12-16
18063871,2025-12-16
18064172,2025-12-16
18064604,2025-12-16
18065264,2025-12-16
18065641,2025-12-16
18065801,2025-12-16
18066301,2025-12-16
18066535,2025-12-02
18066940,2025-12-16
18068700,2025-12-16
18069206,2025-12-02
18069386,2025-12-02
18069478,2025-12-16
18069494,2025-12-03
18070055,2025-12-02
18070065,2025-12-02
18070602,2025-11-19
18070846,2025-12-01
18071117,2025-12-02
18071495,2025-12-02
18071497,2025-12-02
18071628,2025-12-16
18071722,2025-12-16
18071742,2025-12-03
18071826,2025-12-16
18071869,2025-12-16
18072354,2025-12-16
18072547,2025-12-16
18072954,2025-12-16
18073460,2025-11-05
18073621,2025-12-16
18074286,2025-12-01
18074368,2025-12-04
18074457,2025-12-16
18074655,2025-12-16
18075148,2025-12-16
18075542,2025-12-02
18075894,2025-12-16
18075932,2025-12-16
18076218,2025-12-03
18076515,2025-12-03
18076535,2025-12-03
18076696,2025-12-03
18076811,2025-12-03
18076818,2025-12-16
18076819,2025-12-03
18076885,2025-12-02
18077100,2025-12-02
18077346,2025-12-02
18077867,2025-12-03
18078102,2025-12-16
18078174,2025-12-04
18078637,2025-12-03
18078880,2025-12-02
18078990,2025-12-16
18079066,2025-12-16
18079975,2025-12-05
18080218,2025-12-16
18080478,2025-12-04
18080757,2025-12-16
18080952,2025-12-02
18081477,2025-12-16
18081638,2025-12-16
18081707,2025-12-16
18081795,2025-12-16
18082678,2025-12-03
18083012,2025-12-16
18083271,2025-12-04
18083332,2025-12-16
18083504,2025-12-02
18083543,2025-12-02
18083587,2025-12-03
18084750,2025-12-16
18085279,2025-12-16
18085778,2025-10-20
18086083,2025-12-03
18086111,2025-12-16
18086287,2025-12-16
18086472,2025-12-16
18086991,2025-12-16
18087034,2025-12-16
18087237,2025-12-16
18087891,2025-12-16
18088071,2025-12-16
18088233,2025-12-16
18089014,2025-12-16
18089254,2025-12-16
18089649,2025-12-16
18089651,2025-12-02
18089937,2025-12-03
18091351,2025-12-02
18092987,2025-12-02
18100838,2025-12-17
18104631,2025-12-02
18104649,2025-12-03
18104706,2025-12-03
18105356,2025-12-04
18105759,2025-12-03
18106117,2025-12-03
18106134,2025-12-02
18106171,2025-12-04
18107288,2025-12-04
18109967,2025-12-02
18110507,2025-12-04
18110747,2025-12-03
18112288,2025-12-02
18112360,2025-12-04
18113498,2025-12-04
18113985,2025-12-04
18114180,2025-12-03
18114444,2025-12-04
18115363,2025-12-03
18116265,2025-12-03
18116889,2025-12-03
18117539,2025-12-03
18117557,2025-12-03
18117953,2025-12-03
18118115,2025-12-03
18118652,2025-12-03
18119195,2025-12-03
18119477,2025-12-02
18119701,2025-12-03
18123178,2025-12-03
18123528,2025-10-22
18123627,2025-10-22
18123799,2025-10-23
18124152,2025-12-03
18126003,2025-12-17
18126447,2025-12-04
18126939,2025-12-04
18127195,2025-12-03
18127374,2025-12-03
18128909,2025-12-18
18129294,2025-12-18
18129350,2025-12-18
18130208,2025-12-18
18130722,2025-12-18
18130895,2025-12-18
18133093,2025-12-18
18133384,2025-12-18
18133537,2025-12-18
18133583,2025-12-18
18134104,2025-12-18
18137121,2025-12-18
18137191,2025-12-18
18138577,2025-12-18
18139065,2025-12-18
18139202,2025-12-04
18139557,2025-12-04
18139589,2025-12-03
18139936,2025-12-18
18140844,2025-12-18
18141812,2025-12-18
18143120,2025-12-18
18143370,2025-12-03
18143810,2025-11-07
18144631,2025-12-04
18145585,2025-12-18
18145786,2025-12-18
18145859,2025-12-04
18146020,2025-12-04
18146245,2025-12-18
18146256,2025-12-18
18146289,2025-12-04
18146786,2025-12-18
18147095,2025-12-18
18147462,2025-12-18
18148791,2025-11-20
18148919,2025-12-18
18148936,2025-09-30
18149120,2025-12-18
18149154,2025-12-18
18149472,2025-12-18
18150281,2025-12-03
18150617,2025-12-18
18150624,2025-12-18
18151382,2025-12-18
18151398,2025-12-18
18151751,2025-12-18
18152202,2025-12-18
18152403,2025-12-18
18152915,2025-12-18
18153281,2025-12-18
18154296,2025-12-18
18154466,2025-12-18
18155897,2025-12-18
18156547,2025-12-18
18156799,2025-12-18
18157536,2025-12-18
18157764,2025-12-18
18158663,2025-12-18
18158667,2025-12-18
18159499,2025-12-18
18159508,2025-12-18
18159659,2025-12-18
18159863,2025-12-19
18160114,2025-12-18
18160332,2025-12-19
18160610,2025-12-19
18160677,2025-12-19
18161911,2025-12-19
18162460,2025-12-19
18162897,2025-12-19
18163172,2025-12-19
18164268,2025-12-19
18164530,2025-12-19
18165037,2025-12-19
18166345,2025-12-19
18166576,2025-12-19
18166885,2025-12-19
18170209,2025-10-23
18170720,2025-12-04
18170829,2025-12-04
18171179,2025-10-22
18171351,2025-12-04
18171539,2025-12-04
18175289,2025-12-04
18192427,2025-11-19
18201616,2025-12-20
18203818,2025-12-21
18203865,2025-12-21
18204139,2025-12-21
18204482,2025-12-21
18204941,2025-12-21
18205556,2025-12-21
18205839,2025-12-21
18205908,2025-12-21
18206319,2025-12-21
18206489,2025-12-21
18207123,2025-12-21
18207129,2025-12-21
18207293,2025-12-21
18207328,2025-12-21
18207338,2025-12-21
18207691,2025-12-21
18207804,2025-12-21
18208293,2025-12-21
18208516,2025-12-21
18208722,2025-12-21
18208730,2025-12-21
18209105,2025-12-21
18209687,2025-12-22
18210254,2025-12-22
18212732,2025-12-22
18213652,2025-12-22
18214123,2025-12-22
18214724,2025-12-22
18215276,2025-12-22
18215278,2025-12-22
18215951,2025-12-22
18216464,2025-12-22
18217687,2025-12-22
18217892,2025-12-22
18218633,2025-12-22
18218677,2025-12-22
18219442,2025-12-22
18219892,2025-12-22
18220112,2025-12-22
18220275,2025-12-22
18220391,2025-12-22
18220576,2025-12-22
18220792,2025-12-22
18221112,2025-12-22
18221454,2025-11-16
18221768,2025-12-22
18222192,2025-12-22
18222895,2025-12-22
18223061,2025-12-22
18223323,2025-12-22
18223369,2025-12-22
18224160,2025-12-22
18224437,2025-12-22
18224458,2025-12-22
18224470,2025-12-22
18224676,2025-12-22
18224775,2025-12-22
18225747,2025-11-09
18225780,2025-12-22
18226323,2025-12-22
18226469,2025-12-22
18226754,2025-12-22
18226969,2025-12-22
18227225,2025-11-08
18227231,2025-12-22
18228287,2025-12-22
18228360,2025-12-22
18228420,2025-12-22
18229074,2025-12-22
18229338,2025-12-22
18230251,2025-12-22
18230399,2025-12-22
18231093,2025-12-22
18231712,2025-12-22
18231882,2025-12-22
18232083,2025-12-22
18232221,2025-12-22
18232507,2025-12-22
18233125,2025-12-22
18233372,2025-12-22
18233612,2025-12-22
18233694,2025-12-22
18233720,2025-12-22
18233722,2025-12-22
18233745,2025-12-22
18234396,2025-12-22
18234740,2025-12-23
18234934,2025-12-23
18235371,2025-12-23
18235622,2025-12-23
18235818,2025-12-23
18236515,2025-12-23
18236940,2025-12-23
18237515,2025-12-23
18237626,2025-12-23
18238464,2025-12-23
18238924,2025-12-23
18239554,2025-12-23
18240575,2025-12-23
18242630,2025-12-23
18243364,2025-12-23
18244186,2025-11-16
18244307,2025-11-14
18245047,2025-12-23
18245355,2025-12-23
18246775,2025-12-23
18246847,2025-12-23
18247676,2025-12-23
18247790,2025-11-26
18247957,2025-11-20
18247965,2025-12-04
18248707,2025-12-23
18248807,2025-12-23
18248808,2025-12-23
18249318,2025-12-23
18249331,2025-12-23
18250923,2025-12-23
18251320,2025-12-23
18251530,2025-12-23
18252335,2025-12-23
18252705,2025-12-23
18253096,2025-12-23
18253646,2025-12-23
18253715,2025-12-23
18254715,2025-12-23
18255773,2025-12-23
18255878,2025-12-23
18256666,2025-12-23
18256814,2025-12-23
18256940,2025-12-23
18256987,2025-12-23
18258110,2025-12-23
18258353,2025-12-23
18258531,2025-12-23
18259583,2025-12-23
18259794,2025-12-23
18259971,2025-12-23
18261013,2025-12-23
18261264,2025-12-23
18261882,2025-12-23
18262000,2025-12-23
18262079,2025-12-23
18262123,2025-12-23
18262297,2025-12-23
18262760,2025-12-23
18263567,2025-12-23
18263923,2025-12-24
18264042,2025-12-24
18264322,2025-12-24
18264487,2025-12-24
18265230,2025-12-24
18266385,2025-12-24
18266536,2025-12-24
18267508,2025-12-24
18267571,2025-12-24
18268436,2025-12-24
18268655,2025-12-24
18268933,2025-12-24
18269034,2025-12-24
18269777,2025-12-24
18269839,2025-12-24
18271701,2025-12-24
18272304,2025-12-24
18273827,2025-12-24
18274550,2025-12-24
18274693,2025-12-24
18274750,2025-12-24
18274842,2025-12-24
18274995,2025-12-24
18275206,2025-12-24
18275462,2025-12-24
18275467,2025-12-24
18276020,2025-12-24
18276059,2025-12-24
18276063,2025-12-24
18276240,2025-12-24
18276974,2025-12-24
18277722,2025-12-24
18277990,2025-12-24
18278702,2025-12-25
18278765,2025-12-25
18279060,2025-12-25
18279104,2025-12-25
18279178,2025-12-25
18279311,2025-12-25
18279321,2025-12-25
18279382,2025-12-25
18279663,2025-12-25
18279774,2025-12-25
18279873,2025-12-25
18280078,2025-12-25
18280103,2025-12-25
18280329,2025-12-25
18280341,2025-12-25
18280361,2025-12-25
18280529,2025-12-25
18281232,2025-12-25
18281265,2025-12-25
18281407,2025-12-25
18281835,2025-12-25
18282362,2025-12-25
18282458,2025-12-25
18282508,2025-12-25
18282607,2025-12-25
18282821,2025-12-25
18283077,2025-12-25
18283496,2025-12-25
18283649,2025-12-25
18283889,2025-12-25
18285538,2025-12-25
18288019,2025-12-26
18288069,2025-12-26
18288859,2025-12-26
18289914,2025-12-26
18290096,2025-12-26
18290153,2025-12-26
18290194,2025-12-26
18290933,2025-12-26
18291606,2025-12-26
18291684,2025-12-26
18291820,2025-12-26
18292023,2025-12-26
18292199,2025-12-26
18293127,2025-12-26
18294592,2025-12-26
18294891,2025-12-26
18296066,2025-12-26
18296291,2025-12-26
18296768,2025-12-26
18296806,2025-12-26
18296902,2025-12-26
18297328,2025-12-26
18297875,2025-12-26
18298030,2025-12-26
18298624,2025-12-26
18298634,2025-12-26
18299348,2025-12-26
18300050,2025-12-26
18300060,2025-12-26
18300326,2025-12-26
18300398,2025-12-26
18300530,2025-12-26
18300536,2025-12-26
18300579,2025-12-26
18300636,2025-12-26
18301295,2025-12-26
18301369,2025-12-26
18301557,2025-12-26
18301668,2025-12-26
18301678,2025-12-26
18302899,2025-12-26
18303448,2025-12-26
18303518,2025-12-26
18304049,2025-12-26
18304760,2025-12-26
18305043,2025-12-26
18305597,2025-12-26
18306597,2025-12-26
18306748,2025-12-26
18307038,2025-12-26
18307850,2025-12-26
18308621,2025-12-26
18308797,2025-12-26
18308995,2025-12-26
18309300,2025-12-27
18309476,2025-12-27
18310360,2025-12-27
18310780,2025-12-27
18310934,2025-12-27
18311613,2025-12-27
18312950,2025-12-27
18313011,2025-12-27
18313678,2025-12-27
18314144,2025-12-27
18317094,2025-12-27
18317626,2025-12-27
18317711,2025-12-27
18318508,2025-12-27
18318626,2025-12-27
18318979,2025-12-27
18319101,2025-12-27
18319121,2025-12-27
18319549,2025-12-27
18319598,2025-12-27
18319715,2025-12-27
18319748,2025-12-27
18320484,2025-12-27
18320641,2025-12-27
18321123,2025-12-27
18321132,2025-12-27
18321373,2025-12-27
18321421,2025-12-27
18321575,2025-12-27
18322297,2025-12-27
18322569,2025-12-27
18323032,2025-12-28
18323684,2025-12-28
18323811,2025-12-28
18323991,2025-12-28
18324000,2025-12-28
18324356,2025-12-28
18325319,2025-12-28
18325595,2025-12-28
18325869,2025-12-28
18326350,2025-12-28
18326751,2025-12-28
18326857,2025-12-28
18327228,2025-12-28
18327286,2025-12-28
18327495,2025-12-28
18327864,2025-12-28
18327957,2025-12-28
18328307,2025-12-28
18328463,2025-12-28
18328489,2025-12-28
18328899,2025-12-28
18329016,2025-12-28
18329138,2025-12-28
18329544,2025-12-28
18329652,2025-12-28
18329710,2025-12-28
18329957,2025-12-28
18330166,2025-12-28
18330279,2025-12-28
18330288,2025-12-28
18330372,2025-12-28
18330914,2025-12-28
18331036,2025-12-28
18331442,2025-12-28
18331629,2025-12-28
18331727,2025-12-28
18331961,2025-12-28
18332334,2025-12-29
18332734,2025-12-29
18332740,2025-12-29
18333824,2025-12-29
18333962,2025-12-29
18333976,2025-12-29
18334132,2025-12-29
18334220,2025-12-29
18334633,2025-12-29
18335359,2025-12-29
18336544,2025-12-29
18336894,2025-12-29
18337327,2025-12-29
18338593,2025-12-29
18338644,2025-12-29
18339854,2025-12-29
18340069,2025-12-29
18340145,2025-12-29
18340597,2025-12-29
18340802,2025-12-29
18341061,2025-12-29
18342242,2025-12-29
18342526,2025-12-29
18343104,2025-12-29
18343989,2025-12-29
18344244,2025-12-29
18344315,2025-12-29
18344424,2025-12-29
18345301,2025-12-29
18345399,2025-12-29
18345633,2025-12-29
18346112,2025-12-29
18346419,2025-12-29
18346445,2025-12-29
18346568,2025-12-29
18347021,2025-12-29
18347611,2025-12-29
18347758,2025-12-29
18348180,2025-12-29
18348587,2025-12-29
18348978,2025-12-29
18350097,2025-12-29
18350136,2025-12-29
18350332,2025-12-29
18350609,2025-12-29
18350767,2025-12-29
18351509,2025-12-29
18353272,2025-12-29
18353523,2025-12-29
18353584,2025-12-29
18353899,2025-12-29
18353930,2025-12-29
18354056,2025-12-29
18354180,2025-12-29
18354977,2025-12-29
18355942,2025-12-29
18355964,2025-12-29
18356131,2025-12-29
18356485,2025-12-29
18356704,2025-12-29
18357198,2025-12-30
18357211,2025-12-29
18358174,2025-12-30
18358646,2025-12-30
18359799,2025-12-30
18359901,2025-12-30
18360110,2025-12-30
18360962,2025-12-30
18361722,2025-12-30
18361826,2025-12-30
18361855,2025-12-30
18361920,2025-12-30
18363772,2025-12-30
18366853,2025-12-30
18367058,2025-12-30
18367262,2025-12-30
18367711,2025-12-30
18367819,2025-12-30
18368448,2025-12-30
18368567,2025-12-30
18369316,2025-12-30
18369843,2025-12-30
18370092,2025-12-30
18370136,2025-12-30
18371244,2025-12-30
18371273,2025-12-30
18371994,2025-12-30
18372820,2025-12-30
18373467,2025-11-23
18373894,2025-12-30
18374462,2025-12-30
18374526,2025-12-30
18374827,2025-12-30
18375793,2025-12-30
18376572,2025-12-30
18376854,2025-12-30
18377346,2025-12-30
18377967,2025-12-30
18378266,2025-12-30
18378382,2025-12-30
18378769,2025-12-30
18378876,2025-12-30
18379238,2025-12-30
18379946,2025-12-30
18380019,2025-12-30
18380390,2025-12-30
18380427,2025-12-30
18380757,2025-12-30
18381670,2025-12-30
18381957,2025-12-30
18382299,2025-12-30
18382456,2025-12-30
18383955,2025-12-30
18384655,2025-12-30
18384870,2025-12-30
18385776,2025-12-31
18386221,2025-12-31
18386618,2025-12-30
18387230,2025-12-31
18387347,2025-12-31
18388284,2025-12-31
18388467,2025-12-31
18388541,2025-12-31
18388923,2025-12-31
18389590,2025-12-31
18389997,2025-12-31
18390608,2025-12-31
18390623,2025-12-31
18391272,2025-12-31
18391442,2025-12-31
18391597,2025-12-31
18391907,2025-12-31
18391966,2025-11-11
18391985,2025-12-31
18392003,2025-12-31
18393410,2025-12-31
18393885,2025-12-31
18394107,2025-12-31
18394231,2025-12-31
18394372,2025-12-31
18394457,2025-12-31
18394704,2025-12-31
18394746,2025-12-31
18394782,2025-12-31
18394863,2025-12-31
18394869,2025-12-31
18394934,2025-12-31
18395003,2025-12-31
18395250,2025-12-31
18395332,2025-12-31
18395798,2025-12-31
18395820,2025-12-31
18396034,2025-12-31
18396136,2025-12-31
18396278,2025-12-31
18396547,2025-12-31
18396915,2025-12-31
18396922,2025-12-31
18397159,2025-12-31
18397342,2025-12-31
18397367,2025-12-31
18397396,2025-12-31
18397400,2025-12-31
18397406,2025-12-31
18397457,2025-12-31
18397519,2025-12-31
18397622,2025-12-31
18397681,2025-12-31
18397756,2025-12-31
18397985,2025-12-31
18398072,2025-12-31
18398237,2025-12-31
18398645,2026-01-01
18398840,2026-01-01
18399026,2026-01-01
18399129,2026-01-01
18399165,2026-01-01
18399708,2026-01-01
18401401,2026-01-01
18401879,2026-01-01
18403378,2026-01-01
18404051,2026-01-01
18404185,2026-01-01
18404247,2026-01-01
18404259,2026-01-01
18404353,2026-01-01
18404659,2026-01-01
18404709,2026-01-01
18405272,2026-01-01
18405343,2026-01-01
18406415,2026-01-01
18406493,2026-01-01
18407401,2026-01-01
18407489,2026-01-01
18407771,2026-01-01
18407941,2026-01-01
18409318,2026-01-01
18409966,2026-01-01
18410952,2026-01-02
18411681,2026-01-02
18412031,2026-01-02
18412690,2026-01-02
18412981,2026-01-02
18413328,2026-01-02
18413947,2026-01-02
18415224,2026-01-02
18415466,2026-01-02
18415961,2026-01-02
18417147,2026-01-02
18417619,2026-01-02
18418335,2026-01-02
18418453,2026-01-02
18419204,2026-01-02
18419934,2026-01-02
18420042,2026-01-02
18420231,2026-01-02
18422161,2026-01-02
18423089,2026-01-02
18423197,2026-01-02
18423276,2026-01-02
18423702,2026-01-02
18424062,2026-01-02
18424499,2026-01-02
18425066,2026-01-02
18425721,2026-01-02
18425821,2026-01-02
18426590,2026-01-02
18426973,2026-01-02
18427397,2026-01-02
18427866,2026-01-02
18428404,2026-01-02
18429373,2026-01-02
18430534,2026-01-02
18430986,2026-01-02
18431456,2026-01-02
18431671,2026-01-02
18431867,2026-01-02
18432305,2026-01-02
18432620,2026-01-02
18432836,2026-01-02
18433915,2026-01-02
18435380,2026-01-03
18435724,2026-01-03
18435935,2026-01-03
18436607,2026-01-03
18436712,2026-01-03
18437175,2026-01-03
18437194,2026-01-03
18437451,2026-01-03
18437785,2026-01-03
18438129,2026-01-03
18438413,2026-01-03
18438468,2026-01-03
18438537,2026-01-03
18439205,2026-01-03
18439646,2026-01-03
18439753,2026-01-03
18439982,2026-01-03
18440255,2026-01-03
18440299,2026-01-03
18440699,2026-01-03
18440852,2026-01-03
18441973,2026-01-03
18442339,2026-01-03
18442799,2026-01-03
18442963,2026-01-03
18443177,2026-01-03
18443213,2026-01-03
18443964,2026-01-03
18444144,2026-01-03
18444264,2026-01-03
18445480,2026-01-03
18445782,2026-01-03
18446012,2026-01-03
18446096,2026-01-03
18446219,2026-01-03
18446362,2026-01-03
18446977,2026-01-03
18447047,2026-01-03
18447412,2026-01-03
18447492,2026-01-03
18447643,2026-01-03
18448512,2026-01-03
18448621,2026-01-04
18449089,2026-01-04
18449151,2026-01-03
18449280,2026-01-04
18450011,2026-01-04
18450564,2026-01-04
18450735,2026-01-04
18450829,2026-01-04
18451072,2026-01-04
18451761,2026-01-04
18451962,2026-01-04
18452171,2026-01-04
18452480,2026-01-04
18454591,2026-01-04
18459978,2026-01-05
18460070,2026-01-05
18460738,2026-01-05
18461229,2026-01-05
18462500,2026-01-05
18462727,2026-01-05
18464635,2026-01-05
18464905,2026-01-05
18467397,2026-01-05
18467545,2026-01-05
18467843,2026-01-05
18468270,2026-01-05
18469443,2026-01-05
18470194,2026-01-05
18481259,2026-01-05
18484396,2026-01-06
18488634,2026-01-06
18489305,2026-01-06
18489484,2026-01-06
18490272,2026-01-06
18490434,2026-01-06
18491969,2026-01-06
18492029,2026-01-06
18492139,2026-01-06
18493052,2026-01-06
18495494,2026-01-06
18496757,2026-01-06
18497001,2026-01-06
18498229,2026-01-06
18499002,2026-01-06
18499647,2026-01-06
18499792,2025-11-13
18500109,2026-01-06
18500716,2026-01-06
18500735,2026-01-06
18501202,2026-01-06
18502191,2026-01-06
18502487,2026-01-06
18502622,2026-01-06
18504572,2026-01-06
18504934,2026-01-06
18505239,2026-01-06
18505799,2025-10-29
18505828,2026-01-06
18507221,2026-01-06
18507660,2026-01-06
18507705,2026-01-06
18508121,2026-01-06
18508260,2026-01-06
18509493,2026-01-06
18510104,2026-01-06
18510106,2026-01-06
18512994,2026-01-06
18513376,2026-01-06
18513433,2026-01-06
18514022,2026-01-06
18514268,2026-01-06
18514793,2026-01-06
18515227,2026-01-06
18515603,2026-01-06
18515688,2026-01-06
18515713,2026-01-06
18519536,2026-01-07
18520955,2026-01-07
18521450,2026-01-07
18522301,2026-01-07
18523730,2026-01-07
18523865,2026-01-07
18527881,2026-01-07
18528690,2026-01-07
18528820,2025-11-14
18530267,2026-01-07
18531156,2026-01-07
18531708,2026-01-07
18531868,2026-01-07
18532712,2026-01-07
18533110,2025-11-14
18533285,2026-01-07
18534987,2026-01-07
18535421,2026-01-07
18536233,2025-11-14
18537232,2026-01-07
18537555,2026-01-07
18540128,2026-01-07
18540981,2026-01-07
18541138,2026-01-07
18541547,2026-01-07
18542622,2026-01-07
18542925,2026-01-07
18543475,2026-01-07
18543805,2026-01-07
18543891,2026-01-07
18544029,2026-01-07
18544650,2026-01-07
18545153,2026-01-07
18545715,2026-01-07
18546122,2026-01-07
18546460,2026-01-07
18546489,2026-01-07
18546871,2026-01-07
18547573,2026-01-07
18548029,2026-01-07
18548340,2026-01-07
18549001,2026-01-07
18549101,2026-01-07
18549437,2026-01-07
18549980,2026-01-07
18550146,2026-01-07
18550400,2026-01-07
18551214,2026-01-07
18551312,2026-01-08
18552284,2026-01-08
18552540,2026-01-08
18553189,2026-01-08
18553438,2026-01-08
18554611,2026-01-08
18556110,2026-01-08
18556201,2026-01-08
18556216,2026-01-08
18556444,2026-01-08
18556629,2026-01-08
18556838,2026-01-08
18557045,2026-01-08
18557324,2026-01-08
18557436,2026-01-08
18557443,2026-01-08
18557944,2026-01-08
18557965,2026-01-08
18558239,2026-01-08
18558923,2026-01-08
18559140,2026-01-08
18559412,2026-01-08
18561321,2026-01-08
18562982,2026-01-08
18564146,2026-01-08
18566271,2026-01-08
18566298,2026-01-08
18566591,2026-01-08
18566792,2026-01-08
18567077,2026-01-08
18567546,2026-01-08
18567841,2026-01-08
18568099,2026-01-08
18568460,2026-01-08
18568853,2026-01-08
18568859,2026-01-08
18569147,2026-01-08
18569335,2026-01-08
18569376,2026-01-08
18569652,2026-01-08
18570137,2026-01-08
18571024,2026-01-08
18571186,2026-01-08
18571328,2026-01-08
18571481,2026-01-08
18571647,2026-01-08
18572728,2026-01-08
18572763,2026-01-08
18573018,2025-11-16
18573142,2026-01-08
18574255,2026-01-08
18574903,2026-01-08
18575532,2026-01-08
18575533,2026-01-08
18575766,2026-01-08
18579657,2026-01-08
18579828,2026-01-08
18581266,2026-01-08
18581805,2026-01-08
18582434,2026-01-08
18582821,2026-01-08
18582935,2026-01-08
18583751,2026-01-08
18585185,2025-09-15
18585308,2026-01-08
18586646,2026-01-09
18587301,2026-01-09
18587491,2026-01-09
18587837,2026-01-09
18588753,2026-01-09
18591058,2026-01-09
18593767,2026-01-09
18594712,2026-01-09
18597056,2026-01-09
18598002,2026-01-09
18598253,2026-01-09
18598543,2026-01-09
18598579,2026-01-09
18598754,2026-01-09
18599011,2026-01-09
18599536,2026-01-09
18600471,2026-01-09
18600730,2026-01-09
18600886,2026-01-09
18601929,2026-01-09
18602483,2026-01-09
18603093,2026-01-09
18603203,2026-01-09
18603512,2026-01-09
18604274,2026-01-09
18604718,2026-01-09
18605165,2026-01-09
18606106,2026-01-09
18606962,2026-01-09
18607397,2026-01-09
18607832,2026-01-09
18608080,2026-01-09
18609704,2026-01-09
18610100,2026-01-09
18610216,2026-01-09
18610454,2026-01-09
18610522,2026-01-09
18610530,2026-01-09
18611323,2026-01-09
18611730,2026-01-09
18612172,2026-01-09
18614581,2025-11-17
18616050,2026-01-09
18628105,2026-01-10
18633076,2026-01-11
18633142,2026-01-11
18633804,2026-01-11
18635731,2026-01-11
18636315,2026-01-11
18636324,2026-01-11
18636408,2026-01-11
18636578,2026-01-11
18636715,2026-01-11
18636776,2026-01-11
18636797,2026-01-11
18636837,2026-01-11
18637140,2026-01-11
18637155,2026-01-11
18637170,2026-01-11
18637264,2026-01-11
18637853,2026-01-11
18637896,2026-01-11
18638055,2026-01-11
18638450,2026-01-11
18638467,2026-01-11
18638615,2026-01-11
18638738,2026-01-11
18638748,2026-01-11
18638812,2026-01-11
18639002,2026-01-11
18639986,2026-01-12
18640475,2026-01-12
18642259,2026-01-12
18644502,2026-01-12
18647992,2026-01-12
18648234,2026-01-12
18648380,2026-01-12
18649180,2026-01-12
18649545,2026-01-12
18649694,2026-01-12
18650537,2025-11-17
18651277,2026-01-12
18651527,2025-11-17
18651751,2026-01-12
18652123,2026-01-12
18652398,2025-11-18
18652673,2026-01-12
18653109,2026-01-12
18653159,2026-01-12
18653379,2026-01-12
18653812,2026-01-12
18654480,2026-01-12
18654507,2026-01-12
18655270,2026-01-12
18655572,2026-01-12
18656068,2026-01-12
18656320,2026-01-12
18657052,2026-01-12
18657816,2026-01-12
18658070,2026-01-12
18658130,2026-01-12
18658154,2026-01-12
18658171,2026-01-12
18658337,2026-01-12
18659028,2026-01-12
18660723,2026-01-12
18660957,2026-01-12
18661461,2026-01-12
18661783,2026-01-12
18661793,2026-01-12
18661862,2026-01-12
18662816,2026-01-12
18663208,2026-01-12
18664185,2026-01-12
18664815,2026-01-12
18664844,2026-01-12
18664905,2025-12-01
18665057,2026-01-12
18666077,2026-01-12
18666150,2026-01-12
18666319,2025-11-18
18666444,2026-01-12
18668471,2026-01-13
18668550,2026-01-13
18668649,2026-01-13
18668777,2026-01-13
18668898,2026-01-13
18669427,2026-01-13
18670479,2026-01-13
18670483,2026-01-13
18671024,2026-01-13
18671120,2026-01-13
18671313,2026-01-13
18671853,2026-01-13
18671882,2026-01-13
18672004,2026-01-13
18672823,2026-01-13
18673234,2026-01-13
18674431,2026-01-13
18675205,2026-01-13
18677355,2026-01-13
18677981,2026-01-13
18678852,2026-01-13
18678906,2026-01-13
18679312,2026-01-13
18679364,2026-01-13
18679605,2026-01-13
18679981,2026-01-13
18680112,2026-01-13
18680121,2026-01-13
18680365,2026-01-13
18680930,2026-01-13
18682050,2026-01-13
18683945,2026-01-13
18684062,2026-01-13
18684277,2026-01-13
18684643,2026-01-13
18684870,2026-01-13
18685166,2026-01-13
18685321,2026-01-13
18685504,2026-01-13
18685993,2026-01-13
18686181,2026-01-13
18686187,2026-01-13
18686410,2026-01-13
18686933,2026-01-13
18687187,2026-01-13
18687326,2026-01-13
18687825,2026-01-13
18687872,2026-01-13
18688244,2026-01-13
18689280,2026-01-13
18689966,2026-01-13
18690115,2026-01-13
18690335,2026-01-13
18690757,2026-01-13
18691179,2026-01-13
18691353,2026-01-13
18691769,2026-01-13
18692285,2026-01-13
18692287,2026-01-13
18692390,2026-01-13
18692542,2026-01-13
18692681,2026-01-13
18692912,2026-01-13
18693059,2026-01-13
18693747,2026-01-13
18694630,2026-01-13
18695431,2026-01-13
18695604,2026-01-13
18696256,2026-01-13
18696351,2026-01-13
18696584,2026-01-13
18697381,2026-01-13
18698865,2026-01-13
18699425,2026-01-13
18699483,2026-01-13
18700716,2026-01-13
18701375,2026-01-14
18701890,2026-01-14
18702405,2026-01-14
18702883,2026-01-14
18704079,2026-01-14
18704399,2026-01-14
18704727,2026-01-14
18705284,2026-01-14
18705296,2026-01-14
18705319,2026-01-14
18705387,2026-01-14
18706327,2026-01-14
18710335,2026-01-14
18710424,2026-01-14
18712072,2026-01-14
18712301,2026-01-14
18713706,2026-01-14
18713881,2026-01-14
18714627,2026-01-14
18714703,2026-01-14
18715079,2026-01-14
18715269,2026-01-14
18716512,2026-01-14
18716730,2026-01-14
18717117,2026-01-14
18717121,2026-01-14
18717136,2026-01-14
18717326,2026-01-14
18717992,2026-01-14
18718823,2026-01-14
18719284,2025-11-19
18719332,2026-01-14
18720252,2026-01-14
18720592,2026-01-14
18721522,2026-01-14
18722068,2026-01-14
18722725,2026-01-14
18723045,2026-01-14
18723404,2026-01-14
18724269,2026-01-14
18724272,2025-11-20
18725422,2026-01-14
18725445,2026-01-14
18726174,2026-01-14
18726419,2026-01-14
18726947,2026-01-14
18728022,2026-01-14
18738226,2026-01-15
18739747,2026-01-15
18740762,2026-01-15
18742369,2026-01-15
18743571,2026-01-15
18746051,2026-01-15
18764154,2026-01-15
18777627,2026-01-16
18783511,2026-01-16
18794594,2026-01-16
18808554,2026-01-17
18810080,2026-01-17
18811141,2026-01-18
18811233,2026-01-18
18811646,2026-01-18
18812427,2026-01-18
18812629,2026-01-18
18813433,2026-01-18
18814278,2026-01-18
18814595,2026-01-18
18814619,2026-01-18
18815025,2026-01-18
18815431,2026-01-18
18816540,2026-01-18
18816617,2026-01-18
18816739,2026-01-18
18816748,2026-01-18
18816962,2026-01-18
18817032,2026-01-18
18817268,2026-01-18
18817316,2026-01-18
18817850,2026-01-18
18817909,2026-01-18
18817960,2026-01-18
18822937,2026-01-19
18823963,2026-01-19
18824793,2026-01-19
18825916,2026-01-19
18827247,2026-01-19
18827472,2026-01-19
18827951,2026-01-19
18828703,2026-01-19
18829990,2026-01-19
18830732,2026-01-19
18830813,2026-01-19
18831012,2026-01-19
18831641,2026-01-19
18832050,2026-01-19
18832253,2026-01-19
18832469,2026-01-19
18832507,2026-01-19
18833281,2026-01-19
18833478,2026-01-19
18834068,2026-01-19
18834432,2026-01-19
18835292,2026-01-19
18835604,2026-01-19
18836525,2026-01-19
18836553,2026-01-19
18836723,2026-01-19
18837068,2026-01-19
18837125,2026-01-19
18837210,2026-01-19
18837852,2026-01-19
18837944,2026-01-19
18838570,2026-01-19
18839082,2026-01-19
18840185,2026-01-19
18841171,2026-01-19
18841355,2026-01-19
18841385,2026-01-19
18842255,2026-01-19
18842447,2026-01-19
18843208,2026-01-19
18844140,2026-01-19
18850036,2026-01-20
18850605,2026-01-20
18851359,2026-01-20
18853337,2026-01-20
18854123,2025-11-24
18855446,2026-01-20
18855535,2026-01-20
18856294,2026-01-20
18856398,2025-11-24
18856476,2025-11-24
18856659,2026-01-20
18857463,2026-01-20
18859044,2026-01-20
18859550,2026-01-20
18860320,2026-01-20
18860682,2026-01-20
18860912,2026-01-20
18860975,2026-01-20
18861208,2025-11-25
18861825,2026-01-20
18861975,2026-01-20
18862760,2026-01-20
18862822,2026-01-20
18863105,2026-01-20
18863702,2026-01-20
18864480,2026-01-20
18864608,2026-01-20
18865078,2026-01-20
18865340,2026-01-20
18865577,2025-11-25
18865656,2025-11-25
18866233,2026-01-20
18867255,2026-01-20
18867873,2026-01-20
18868272,2026-01-20
18868907,2026-01-20
18868935,2026-01-20
18868997,2026-01-20
18870636,2026-01-20
18870820,2026-01-20
18870909,2026-01-20
18870982,2026-01-20
18871956,2026-01-20
18872249,2026-01-20
18872347,2026-01-20
18872681,2026-01-20
18872909,2026-01-20
18872998,2026-01-20
18873143,2026-01-20
18873745,2026-01-20
18874137,2026-01-20
18874666,2026-01-20
18875038,2026-01-20
18875083,2026-01-20
18875552,2026-01-20
18876111,2026-01-20
18876676,2026-01-20
18876967,2026-01-20
18877257,2026-01-21
18877401,2026-01-21
18877524,2026-01-21
18877655,2026-01-21
18877837,2026-01-21
18878004,2026-01-21
18878540,2026-01-21
18880649,2026-01-21
18880753,2026-01-21
18880913,2026-01-21
18883512,2026-01-21
18883569,2026-01-21
18883573,2026-01-21
18884436,2026-01-21
18886454,2026-01-21
18888095,2026-01-21
18888657,2026-01-21
18888808,2026-01-21
18889078,2026-01-21
18889238,2026-01-21
18889761,2026-01-21
18889927,2026-01-21
18890646,2026-01-21
18891120,2026-01-21
18891393,2026-01-21
18891929,2026-01-21
18892135,2026-01-21
18892455,2026-01-21
18893724,2026-01-21
18894018,2026-01-21
18894270,2026-01-21
18894753,2026-01-21
18895281,2026-01-21
18895394,2026-01-21
18895398,2026-01-21
18895456,2026-01-21
18896203,2026-01-21
18897160,2026-01-21
18897363,2026-01-21
18897506,2026-01-21
18897768,2026-01-21
18898731,2026-01-21
18898851,2026-01-21
18899200,2026-01-21
18899631,2026-01-21
18899904,2026-01-21
18900230,2026-01-21
18901284,2026-01-21
18903391,2026-01-21
18903630,2026-01-21
18903879,2026-01-21
18904072,2026-01-21
18904491,2026-01-21
18904702,2026-01-21
18905314,2026-01-21
18905511,2026-01-21
18905908,2026-01-21
18906467,2026-01-21
18906599,2026-01-21
18906638,2026-01-21
18907248,2026-01-21
18907292,2026-01-21
18907739,2026-01-21
18908180,2026-01-21
18908584,2026-01-22
18908725,2026-01-22
18908761,2026-01-22
18908768,2026-01-21
18908894,2026-01-21
18909973,2026-01-22
18910746,2026-01-22
18911164,2026-01-22
18911627,2026-01-22
18911660,2026-01-22
18912820,2026-01-22
18913097,2026-01-22
18913432,2026-01-22
18915936,2026-01-22
18916442,2026-01-22
18916975,2026-01-22
18917281,2026-01-22
18917361,2026-01-22
18918594,2026-01-22
18919210,2026-01-22
18919671,2026-01-22
18921223,2026-01-22
18921776,2026-01-22
18922466,2025-11-29
18922946,2026-01-22
18924169,2026-01-22
18924224,2026-01-22
18924292,2026-01-22
18924438,2026-01-22
18925354,2026-01-22
18925906,2026-01-22
18926062,2025-11-28
18926239,2026-01-22
18926259,2026-01-22
18927946,2025-11-28
18928898,2026-01-22
18929427,2026-01-22
18930454,2026-01-22
18930624,2026-01-22
18930772,2026-01-22
18931152,2026-01-22
18931592,2026-01-22
18931690,2026-01-22
18933127,2026-01-22
18933416,2026-01-22
18934055,2026-01-22
18934497,2026-01-22
18934830,2026-01-22
18935266,2026-01-22
18935600,2026-01-22
18936281,2026-01-22
18936392,2026-01-22
18937546,2026-01-22
18937818,2026-01-22
18937969,2026-01-22
18938981,2026-01-22
18939170,2026-01-22
18939512,2026-01-22
18939698,2026-01-22
18939981,2026-01-22
18940779,2026-01-23
18940868,2026-01-23
18941991,2026-01-23
18942082,2026-01-23
18942837,2026-01-23
18943183,2026-01-23
18943499,2026-01-23
18944026,2026-01-23
18944367,2026-01-23
18944511,2026-01-23
18945146,2026-01-23
18945674,2026-01-23
18946140,2026-01-23
18946604,2026-01-23
18947133,2026-01-23
18947354,2026-01-23
18948893,2026-01-23
18949126,2026-01-23
18949782,2026-01-23
18951036,2026-01-23
18951148,2026-01-23
18951501,2026-01-23
18951952,2026-01-23
18952247,2026-01-23
18952317,2026-01-23
18953827,2026-01-23
18953931,2026-01-23
18954294,2026-01-23
18954301,2026-01-23
18954542,2026-01-23
18954726,2026-01-23
18954746,2026-01-23
18955541,2026-01-23
18957291,2026-01-23
18957360,2025-12-01
18957582,2026-01-23
18958085,2026-01-23
18958141,2026-01-23
18958159,2026-01-23
18958620,2026-01-23
18959339,2026-01-23
18959784,2026-01-23
18960418,2026-01-23
18961378,2026-01-23
18961487,2026-01-23
18961588,2026-01-23
18964043,2026-01-23
18964304,2026-01-23
18964474,2026-01-23
18964770,2026-01-23
18964879,2026-01-23
18965470,2026-01-23
18965975,2026-01-23
18966190,2026-01-23
18966198,2026-01-23
18966720,2026-01-23
18967111,2026-01-23
18967118,2026-01-23
18968200,2026-01-23
18968418,2026-01-23
18968482,2026-01-23
18968657,2026-01-23
18968758,2026-01-23
18968976,2026-01-23
18969208,2026-01-23
18969625,2026-01-23
18969640,2026-01-23
18969668,2026-01-23
18969722,2026-01-23
18970315,2026-01-23
18970858,2026-01-23
18971031,2026-01-23
18971853,2026-01-24
18972201,2026-01-24
18973742,2026-01-24
18974024,2026-01-24
18974168,2026-01-24
18975652,2026-01-24
18976644,2026-01-24
18976710,2026-01-24
18977579,2026-01-24
18978416,2026-01-24
18980123,2026-01-24
18980649,2026-01-24
18981033,2026-01-24
18981638,2026-01-24
18981729,2026-01-24
18982029,2026-01-24
18982159,2026-01-24
18982798,2026-01-24
18983223,2026-01-24
18983450,2026-01-24
18983491,2026-01-24
18983701,2026-01-24
18983798,2026-01-24
18983832,2026-01-24
18983934,2026-01-24
18984349,2026-01-24
18984596,2026-01-24
18984672,2026-01-24
18985136,2026-01-24
18985210,2026-01-24
18985451,2026-01-24
18985806,2026-01-24
18986519,2026-01-25
18986772,2026-01-25
18986878,2026-01-25
18987076,2026-01-25
18987469,2026-01-25
18987686,2026-01-25
18989075,2026-01-25
18989245,2026-01-25
18989364,2026-01-25
18989811,2026-01-25
18990380,2026-01-25
18990761,2026-01-25
18990821,2026-01-25
18991085,2026-01-25
18991117,2026-01-25
18991204,2026-01-25
18991440,2026-01-25
18991581,2026-01-25
18991780,2026-01-25
18991974,2026-01-25
18992186,2026-01-25
18992421,2026-01-25
18992496,2026-01-25
18993961,2026-01-25
18994078,2026-01-25
18994214,2026-01-25
18994257,2026-01-25
18994381,2026-01-25
18994641,2026-01-25
18994950,2026-01-25
18995256,2026-01-25
18995270,2026-01-25
18996128,2026-01-26
18996283,2026-01-26
18996380,2026-01-26
18996829,2026-01-26
18999024,2026-01-26
18999087,2026-01-26
18999129,2026-01-26
18999201,2026-01-26
18999509,2026-01-26
19000786,2026-01-26
19000925,2026-01-26
19001768,2026-01-26
19002268,2026-01-26
19002538,2025-12-02
19002661,2025-10-12
19004784,2026-01-26
19005124,2026-01-26
19005234,2026-01-26
19006539,2026-01-26
19007020,2026-01-26
19007373,2025-10-13
19007586,2025-12-03
19008602,2026-01-26
19008789,2026-01-26
19009024,2026-01-26
19009103,2026-01-26
19009664,2026-01-26
19009835,2026-01-26
19010416,2026-01-26
19010790,2026-01-26
19010840,2026-01-26
19011195,2026-01-26
19011519,2026-01-26
19012496,2026-01-26
19013686,2026-01-26
19014185,2026-01-26
19014269,2026-01-26
19015498,2026-01-26
19015990,2026-01-26
19016085,2026-01-26
19016427,2026-01-26
19016778,2026-01-26
19016793,2026-01-26
19016898,2026-01-26
19016978,2026-01-26
19017627,2026-01-26
19018013,2026-01-26
19018056,2026-01-26
19018057,2025-12-02
19018107,2026-01-26
19018259,2026-01-26
19018863,2026-01-26
19018889,2026-01-26
19019743,2026-01-26
19019785,2026-01-26
19019811,2026-01-26
19020042,2026-01-26
19020118,2026-01-26
19020302,2026-01-26
19020434,2026-01-26
19021151,2026-01-26
19021632,2026-01-26
19022226,2026-01-26
19022346,2026-01-27
19022630,2026-01-26
19022949,2026-01-27
19023821,2026-01-27
19024553,2026-01-27
19025481,2026-01-27
19025540,2026-01-27
19025662,2026-01-27
19026091,2026-01-27
19026399,2026-01-27
19026420,2026-01-27
19028272,2026-01-27
19029496,2026-01-27
19030565,2026-01-27
19034038,2025-12-04
19034454,2026-01-27
19034670,2026-01-27
19034889,2026-01-27
19035597,2026-01-27
19036559,2026-01-27
19036781,2026-01-27
19037004,2026-01-27
19037177,2026-01-27
19038074,2026-01-27
19039767,2025-10-14
19040445,2026-01-27
19040555,2026-01-27
19040685,2026-01-27
19041519,2026-01-27
19041993,2026-01-27
19042418,2026-01-27
19042772,2026-01-27
19042836,2026-01-27
19042857,2026-01-27
19042996,2026-01-27
19043287,2026-01-27
19043429,2026-01-27
19043533,2026-01-27
19043880,2026-01-27
19043983,2026-01-27
19043997,2026-01-27
19044080,2026-01-27
19044682,2026-01-27
19046574,2026-01-27
19047129,2026-01-27
19049723,2026-01-27
19051954,2026-01-27
19051959,2026-01-27
19052872,2026-01-27
19053075,2026-01-27
19053443,2026-01-27
19053910,2026-01-27
19054343,2026-01-27
19054436,2026-01-27
19055139,2026-01-27
19055221,2026-01-27
19055393,2026-01-27
19055947,2026-01-28
19056672,2026-01-28
19056921,2026-01-28
19057596,2026-01-28
19057804,2026-01-28
19058644,2026-01-28
19058871,2026-01-28
19058931,2026-01-28
19059172,2026-01-28
19059346,2026-01-28
19059932,2026-01-28
19060037,2026-01-28
19060237,2026-01-28
19060785,2026-01-28
19061139,2026-01-28
19061755,2026-01-28
19061930,2026-01-28
19062763,2026-01-28
19065258,2026-01-28
19067343,2026-01-28
19067419,2026-01-28
19067607,2026-01-28
19069110,2026-01-28
19069648,2026-01-28
19069785,2026-01-28
19070101,2026-01-28
19070361,2026-01-28
19072122,2026-01-28
19072267,2026-01-28
19072291,2026-01-28
19072741,2026-01-28
19073461,2026-01-28
19073755,2026-01-28
19074220,2026-01-28
19074710,2026-01-28
19074761,2026-01-28
19074935,2026-01-28
19075241,2026-01-28
19075710,2026-01-28
19076115,2026-01-28
19076148,2026-01-28
19076348,2026-01-28
19076615,2026-01-28
19076626,2026-01-28
19077061,2026-01-28
19077883,2026-01-28
19078654,2026-01-28
19078806,2026-01-28
19079232,2026-01-28
19080324,2026-01-28
19080447,2026-01-28
19080732,2026-01-28
19082176,2026-01-28
19083000,2026-01-28
19083590,2026-01-28
19084636,2026-01-28
19084644,2026-01-28
19085057,2026-01-28
19086136,2026-01-28
19086258,2026-01-28
19086933,2026-01-28
19087030,2026-01-28
19087277,2026-01-28
19088162,2026-01-29
19088772,2026-01-29
19089481,2026-01-29
19089515,2026-01-29
19089550,2026-01-29
19089684,2026-01-29
19089693,2026-01-29
19089766,2026-01-29
19090677,2026-01-29
19090722,2026-01-29
19090770,2026-01-29
19090809,2026-01-29
19091482,2026-01-29
19091650,2026-01-29
19091820,2026-01-29
19093018,2026-01-29
19093185,2026-01-29
19093298,2026-01-29
19093491,2026-01-29
19094087,2026-01-29
19095216,2026-01-29
19095263,2026-01-29
19097015,2026-01-29
19097400,2026-01-29
19098711,2026-01-29
19100497,2026-01-29
19101269,2026-01-29
19101470,2026-01-29
19101606,2026-01-29
19101670,2026-01-29
19103108,2026-01-29
19103505,2026-01-29
19103573,2026-01-29
19104407,2026-01-29
19105364,2026-01-29
19105637,2026-01-29
19105859,2026-01-29
19106258,2026-01-29
19107007,2026-01-29
19107146,2026-01-29
19107278,2026-01-29
19107285,2026-01-29
19107959,2026-01-29
19108317,2026-01-29
19108321,2026-01-29
19108922,2026-01-29
19109156,2026-01-29
19109249,2026-01-29
19109341,2026-01-29
19109618,2026-01-29
19110267,2026-01-29
19110610,2026-01-29
19111011,2026-01-29
19111029,2026-01-29
19111065,2026-01-29
19111568,2026-01-29
19111746,2026-01-29
19112388,2026-01-29
19112649,2026-01-29
19112824,2026-01-29
19113279,2026-01-29
19113654,2026-01-29
19114294,2026-01-29
19114658,2026-01-29
19114908,2026-01-29
19115204,2026-01-29
19115486,2026-01-29
19115615,2026-01-29
19115787,2026-01-29
19116275,2026-01-29
19116532,2026-01-29
19116638,2026-01-29
19118222,2026-01-29
19118393,2026-01-29
19118813,2026-01-29
19118976,2026-01-29
19119477,2026-01-30
19119503,2026-01-30
19119695,2026-01-30
19119926,2026-01-30
19120013,2026-01-30
19120554,2026-01-30
19121213,2026-01-30
19121364,2026-01-30
19121789,2026-01-30
19121808,2026-01-30
19121906,2026-01-30
19122013,2026-01-30
19122028,2026-01-30
19122170,2026-01-30
19122412,2026-01-30
19123830,2026-01-30
19124397,2026-01-30
19124550,2026-01-30
19125517,2026-01-30
19125619,2026-01-30
19126279,2026-01-30
19126858,2026-01-30
19127949,2026-01-30
19128056,2026-01-30
19128453,2026-01-30
19128655,2026-01-30
19130465,2026-01-30
19130596,2026-01-30
19131394,2026-01-30
19132220,2026-01-30
19133012,2026-01-30
19133135,2026-01-30
19133500,2026-01-30
19133701,2026-01-30
19134024,2026-01-30
19135198,2026-01-30
19135847,2026-01-30
19136749,2026-01-30
19137797,2026-01-30
19138331,2026-01-30
19138561,2026-01-30
19138647,2026-01-30
19138839,2026-01-30
19139129,2026-01-30
19139263,2026-01-30
19140171,2026-01-30
19140256,2026-01-30
19141286,2026-01-30
19142310,2026-01-30
19143042,2026-01-30
19143096,2026-01-30
19144422,2026-01-30
19149713,2026-01-31
19150840,2026-01-31
19155164,2026-01-31
19160967,2026-01-31
19167534,2026-02-01
19170471,2026-02-02
19172300,2026-02-02
19172990,2026-02-02
19174040,2026-02-02
19174164,2026-02-02
19175172,2026-02-02
19175782,2026-02-02
19177143,2026-02-02
19177928,2026-02-02
19179240,2026-02-02
19179465,2026-02-02
19180237,2026-02-02
19180640,2026-02-02
19180829,2026-02-02
19180977,2026-02-02
19181126,2026-02-02
19181952,2026-02-02
19182211,2026-02-02
19182491,2026-02-02
19183328,2026-02-02
19183455,2026-02-02
19189991,2026-02-02
19196942,2026-02-03
19201967,2026-02-03
19202226,2026-02-03
19202880,2026-02-03
19202945,2026-02-03
19203220,2026-02-03
19203581,2026-02-03
19204001,2026-02-03
19204333,2026-02-03
19204891,2026-02-03
19205357,2026-02-03
19205756,2026-02-03
19207327,2026-02-03
19208158,2026-02-03
19208231,2026-02-03
19208374,2026-02-03
19208541,2026-02-03
19208688,2026-02-03
19209472,2026-02-03
19209697,2026-02-03
19210231,2026-02-03
19210486,2026-02-03
19212776,2026-02-03
19212881,2026-02-03
19213339,2026-02-03
19213657,2026-02-03
19214062,2026-02-03
19214204,2026-02-03
19214267,2026-02-03
19214378,2026-02-03
19214944,2026-02-03
19215093,2026-02-03
19215397,2026-02-03
19215512,2026-02-03
19215626,2026-02-03
19216401,2026-02-03
19216516,2026-02-03
19217126,2026-02-03
19217565,2026-02-03
19217611,2026-02-03
19217682,2026-02-03
19218613,2026-02-03
19218860,2026-02-03
19219542,2026-02-03
19220815,2026-02-03
19221266,2026-02-03
19221428,2026-02-03
19222124,2026-02-03
19222560,2026-02-03
19223130,2026-02-03
19225034,2026-02-03
19226532,2026-02-03
19232777,2026-02-04
19233371,2026-02-04
19234902,2026-02-04
19236224,2026-02-04
19236392,2026-02-04
19236590,2026-02-04
19237885,2026-02-04
19238655,2026-02-04
19239109,2026-02-04
19240510,2026-02-04
19240667,2026-02-04
19240673,2026-02-04
19240727,2026-02-04
19241458,2026-02-04
19241710,2026-02-04
19242951,2026-02-04
19244247,2026-02-04
19244929,2026-02-04
19245150,2026-02-04
19245467,2026-02-04
19245791,2026-02-04
19246227,2026-02-04
19247051,2026-02-04
19247964,2026-02-04
19248771,2026-02-04
19252121,2026-02-04
19254428,2026-02-04
19263527,2026-02-05
19264048,2026-02-05
19264054,2026-02-05
19264720,2026-02-05
19265961,2026-02-05
19267073,2026-02-05
19267465,2026-02-05
19267829,2026-02-05
19267918,2026-02-05
19268021,2026-02-05
19268587,2026-02-05
19268788,2026-02-05
19271481,2026-02-05
19272654,2026-02-05
19273285,2026-02-05
19277698,2026-02-05
19278066,2026-02-05
19278442,2026-02-05
19278456,2026-02-05
19278507,2026-02-05
19278954,2026-02-05
19280207,2026-02-05
19281075,2026-02-05
19281087,2026-02-05
19284103,2026-02-05
19284391,2026-02-05
19284520,2026-02-05
19286638,2026-02-05
19286827,2026-02-05
19286957,2026-02-05
19287616,2026-02-05
19288573,2026-02-05
19290858,2026-02-05
19315176,2026-02-06
19318527,2026-02-06
19333741,2026-02-07
19336758,2026-02-08
19336808,2026-02-08
19336922,2026-02-08
19337144,2026-02-08
19337145,2026-02-08
19337186,2026-02-08
19337304,2026-02-08
19339653,2026-02-08
19339854,2026-02-08
19341204,2026-02-08
19341355,2026-02-08
19342213,2026-02-08
19342445,2026-02-08
19342519,2026-02-08
19342796,2026-02-08
19342815,2026-02-08
19342992,2026-02-08
19343628,2026-02-09
19343750,2026-02-09
19344406,2026-02-09
19345095,2026-02-09
19345147,2026-02-09
19345627,2026-02-09
19346157,2026-02-09
19346516,2026-02-09
19348452,2026-02-09
19349679,2026-02-09
19349890,2026-02-09
19350101,2026-02-09
19351082,2026-02-09
19351605,2026-02-09
19351813,2026-02-09
19353061,2026-02-09
19354026,2026-02-09
19354231,2026-02-09
19355504,2026-02-09
19355558,2026-02-09
19357418,2026-02-09
19358099,2026-02-09
19359819,2026-02-09
19360144,2026-02-09
19362907,2026-02-09
19364157,2026-02-09
19365123,2026-02-09
19365837,2026-02-09
19366223,2026-02-09
19367427,2026-02-09
19376332,2026-02-10
19376355,2026-02-10
19378835,2026-02-10
19379162,2026-02-10
19380443,2026-02-10
19380447,2026-02-10
19380485,2026-02-10
19381294,2026-02-10
19382274,2026-02-10
19382610,2026-02-10
19382765,2026-02-10
19384337,2026-02-10
19384574,2026-02-10
19385311,2026-02-10
19385674,2026-02-10
19385679,2026-02-10
19385879,2026-02-10
19386449,2026-02-10
19386539,2026-02-10
19387302,2026-02-10
19387503,2026-02-10
19388100,2026-02-10
19408962,2026-02-11
19409745,2026-02-11
19409832,2026-02-11
19409920,2026-02-11
19410442,2026-02-11
19412068,2026-02-11
19417069,2026-02-11
19418050,2026-02-11
19418404,2026-02-11
19419544,2026-02-11
19420246,2026-02-11
19422286,2026-02-11
19424627,2026-02-11
19438437,2026-02-12
19439538,2026-02-12
19439940,2026-02-12
19440420,2026-02-12
19441863,2026-02-12
19444088,2026-02-12
19448878,2026-02-12
19449268,2026-02-12
19449365,2026-02-12
19449553,2026-02-12
19449705,2026-02-12
19450134,2026-02-12
19450188,2026-02-12
19450548,2026-02-12
19451870,2026-02-12
19451976,2026-02-12
19452009,2026-02-12
19452537,2026-02-12
19452745,2026-02-12
19454642,2026-02-12
19455322,2026-02-12
19455664,2026-02-12
19455890,2026-02-12
19457040,2026-02-12
19457592,2026-02-12
19458169,2026-02-12
19458498,2026-02-12
19458508,2026-02-12
19458598,2026-02-12
19458684,2026-02-12
19458686,2026-02-12
19458694,2026-02-12
19460630,2026-02-12
19461066,2026-02-12
19463830,2026-02-12
19464604,2026-02-12
19465192,2026-02-12
19498511,2026-02-14
19506434,2026-02-14
19511243,2026-02-15
19512469,2026-02-15
19514084,2026-02-15
19514300,2026-02-15
19514925,2026-02-15
19515359,2026-02-15
19515734,2026-02-15
19515800,2026-02-15
19516510,2026-02-15
19516563,2026-02-15
19516653,2026-02-15
19516825,2026-02-15
19516926,2026-02-15
19517498,2026-02-16
19517914,2026-02-16
19518181,2026-02-16
19518235,2026-02-16
19519162,2026-02-16
19520191,2026-02-16
19520708,2026-02-16
19524136,2026-02-16
19524191,2026-02-16
19526202,2026-02-16
19526657,2026-02-16
19526960,2026-02-16
19527310,2026-02-16
19527572,2026-02-16
19527860,2026-02-16
19528197,2026-02-16
19529520,2026-02-16
19529725,2026-02-16
19530048,2026-02-16
19534552,2026-02-16
19534737,2026-02-16
19535108,2026-02-16
19535284,2026-02-16
19535375,2026-02-16
19535694,2026-02-16
19536013,2026-02-16
19536204,2026-02-16
19536367,2026-02-16
19536958,2026-02-16
19537492,2026-02-16
19538229,2026-02-16
19538448,2026-02-16
19538916,2026-02-16
19539784,2026-02-16
19539990,2026-02-16
19541925,2026-02-16
19542481,2026-02-16
19544067,2026-02-17
19544116,2026-02-17
19546305,2026-02-17
19546428,2026-02-17
19546728,2026-02-17
19546764,2026-02-17
19546963,2026-02-17
19548213,2026-02-17
19551136,2026-02-17
19551328,2026-02-17
19553671,2026-02-17
19555356,2026-02-17
19555440,2026-02-17
19555887,2026-02-17
19557187,2026-02-17
19557382,2026-02-17
19557777,2026-02-17
19558016,2026-02-17
19558482,2026-02-17
19558486,2026-02-17
19559306,2026-02-17
19559455,2026-02-17
19559991,2026-02-17
19560358,2026-02-17
19560613,2026-02-17
19561133,2026-02-17
19561975,2026-02-17
19562106,2026-02-17
19562762,2026-02-17
19563116,2026-02-17
19563136,2026-02-17
19563533,2026-02-17
19563715,2026-02-17
19563728,2026-02-17
19563916,2026-02-17
19565808,2026-02-17
19569963,2026-02-17
19569995,2026-02-17
19570311,2026-02-17
19570358,2026-02-17
19570492,2026-02-17
19570766,2026-02-17
19570872,2026-02-17
19571077,2026-02-17
19572127,2026-02-17
19572389,2026-02-17
19572896,2026-02-17
19573546,2026-02-17
19573837,2026-02-17
19573986,2026-02-17
19574081,2026-02-17
19574419,2026-02-18
19574796,2026-02-18
19575485,2026-02-18
19576518,2026-02-18
19576728,2026-02-18
19577443,2026-02-18
19577901,2026-02-18
19578228,2026-02-18
19578726,2026-02-18
19579051,2026-02-18
19579255,2026-02-18
19579576,2026-02-18
19586623,2026-02-18
19588489,2026-02-18
19589273,2026-02-18
19590472,2026-02-18
19590749,2026-02-18
19595698,2026-02-18
19598777,2026-02-18
19605752,2026-02-18
19606326,2026-02-18
19613644,2026-02-19
19615827,2026-02-19
19615879,2026-02-19
19616375,2026-02-19
19616530,2026-02-19
19617043,2026-02-19
19618102,2026-02-19
19618830,2026-02-19
19619310,2026-02-19
19619578,2026-02-19
19620682,2026-02-19
19620957,2026-02-19
19621144,2026-02-19
19621472,2026-02-19
19621709,2026-02-19
19622001,2026-02-19
19622634,2026-02-19
19622894,2026-02-19
19623014,2026-02-19
19624007,2026-02-19
19624428,2026-02-19
19624748,2026-02-19
19625379,2026-02-19
19625661,2026-02-19
19625817,2026-02-19
19626322,2026-02-19
19627003,2026-02-19
19627046,2026-02-19
19627471,2026-02-19
19627691,2026-02-19
19628020,2026-02-19
19628227,2026-02-19
19628523,2026-02-19
19628772,2026-02-19
19629035,2026-02-19
19629378,2025-10-29
19629641,2026-02-19
19629667,2026-02-19
19630712,2026-02-19
19631374,2026-02-19
19631667,2026-02-19
19631765,2026-02-19
19632593,2026-02-19
19632910,2026-02-19
19633299,2026-02-19
19633411,2026-02-19
19633627,2026-02-19
19634532,2026-02-19
19635129,2026-02-19
19635309,2026-02-19
19636604,2026-02-19
19636820,2026-02-19
19637077,2026-02-19
19642361,2026-02-20
19654050,2026-02-20
19654186,2026-02-20
19654490,2026-02-20
19655434,2026-02-20
19655998,2026-02-20
19656013,2026-02-20
19656369,2026-02-20
19657293,2026-02-20
19657650,2026-02-20
19658037,2026-02-20
19658098,2026-02-20
19658108,2026-02-20
19658139,2026-02-20
19658202,2026-02-20
19659428,2026-02-20
19659498,2026-02-20
19659870,2026-02-20
19661505,2026-02-20
19661626,2026-02-20
19662157,2026-02-20
19662387,2026-02-20
19662521,2026-02-20
19662543,2026-02-20
19663416,2026-02-20
19664078,2026-02-20
19664163,2025-10-31
19665663,2026-02-20
19666157,2026-02-20
19666240,2026-02-20
19666568,2026-02-20
19666901,2026-02-20
19667311,2026-02-20
19667817,2026-02-20
19668946,2026-02-20
19670752,2026-02-20
19670792,2026-02-20
19671530,2026-02-20
19672045,2026-02-21
19672662,2026-02-21
19672789,2026-02-21
19673036,2026-02-21
19673153,2026-02-21
19673328,2026-02-21
19673996,2026-02-21
19674314,2026-02-21
19675248,2026-02-21
19679582,2026-02-21
19679749,2026-02-21
19679909,2026-02-21
19680291,2026-02-21
19680476,2026-02-21
19680785,2026-02-21
19680855,2026-02-21
19681294,2026-02-21
19681742,2026-02-21
19681866,2026-02-21
19682337,2026-02-21
19682365,2026-02-21
19682504,2026-02-21
19683322,2026-02-21
19683330,2026-02-21
19683413,2026-02-21
19684020,2026-02-21
19684312,2026-02-21
19684584,2026-02-21
19684594,2026-02-21
19685822,2026-02-22
19686165,2026-02-22
19687090,2026-02-22
19687784,2026-02-22
19687877,2026-02-22
19688043,2026-02-22
19688192,2026-02-22
19688329,2026-02-22
19689255,2026-02-22
19689377,2026-02-22
19689549,2026-02-22
19689719,2026-02-22
19690762,2026-02-22
19691163,2026-02-22
19691235,2026-02-22
19691256,2026-02-22
19692031,2026-02-22
19692616,2026-02-22
19692627,2026-02-22
19693208,2026-02-22
19693414,2026-02-22
19693709,2026-02-22
19693743,2026-02-22
19693963,2026-02-23
19694176,2026-02-23
19694243,2026-02-23
19694281,2026-02-23
19694437,2026-02-23
19694594,2026-02-23
19695051,2026-02-23
19695150,2026-02-23
19695158,2026-02-23
19695422,2026-02-23
19695667,2026-02-23
19695731,2026-02-23
19696456,2026-02-23
19697449,2026-02-23
19700619,2026-02-23
19700924,2026-02-23
19702940,2026-02-23
19702954,2026-02-23
19707681,2026-02-23
19708170,2026-02-23
19723850,2026-02-24
19724718,2026-02-24
19725032,2026-02-24
19727961,2026-02-24
19728275,2026-02-24
19730308,2026-02-24
19732626,2026-02-24
19735420,2026-02-24
19735593,2026-02-24
19735619,2026-02-24
19737495,2026-02-24
19738164,2026-02-24
19738707,2026-02-24
19739278,2026-02-24
19739847,2026-02-24
19740472,2026-02-24
19741331,2026-02-24
19741460,2026-02-24
19741671,2026-02-24
19742609,2026-02-24
19742935,2026-02-24
19743381,2026-02-24
19743593,2026-02-24
19744053,2026-02-24
19744223,2026-02-24
19744389,2026-02-24
19745297,2026-02-24
19746113,2026-02-24
19747103,2026-02-24
19747235,2026-02-24
19748074,2026-02-24
19748448,2026-02-24
19748728,2026-02-24
19749236,2026-02-24
19749740,2026-02-24
19750836,2026-02-24
19750979,2026-02-24
19751269,2026-02-24
19751505,2026-02-24
19752149,2026-02-24
19754742,2026-02-24
19760480,2026-02-25
19762099,2026-02-25
19763598,2026-02-25
19775019,2026-02-25
19775698,2026-02-25
19777936,2026-02-25
19778032,2026-02-25
19778122,2026-02-25
19779460,2026-02-25
19779979,2026-02-25
19780052,2026-02-25
19781683,2026-02-25
19782344,2026-02-25
19782464,2026-02-25
19782719,2026-02-25
19782878,2026-02-25
19783416,2026-02-25
19783776,2026-02-25
19785053,2026-02-25
19786241,2026-02-25
19786686,2026-02-25
19786873,2026-02-25
19786949,2026-02-25
19787293,2026-02-25
19787602,2026-02-25
19787788,2026-02-25
19787913,2026-02-25
19788595,2026-02-25
19788709,2026-02-25
19789064,2026-02-25
19789409,2026-02-25
19789777,2026-02-25
19789953,2026-02-25
19792207,2026-02-25
19792595,2026-02-25
19792909,2026-02-25
19793202,2026-02-25
19793724,2026-02-25
19794010,2026-02-25
19794404,2026-02-26
19795225,2026-02-26
19795861,2026-02-26
19795870,2026-02-26
19795904,2026-02-26
19796276,2026-02-26
19797047,2026-02-26
19797173,2026-02-26
19797557,2026-02-26
19805530,2026-02-26
19812930,2026-02-26
19827195,2026-02-27
19845975,2026-02-27
19846870,2026-02-27
19860514,2026-02-28
19864551,2026-02-28
19864806,2026-02-28
19868328,2026-02-28
19871310,2026-02-28
19872502,2026-02-28
19875406,2026-03-01
19878404,2026-03-01
19878737,2026-03-01
19879164,2026-03-01
19879909,2026-03-01
19881007,2026-03-01
19881609,2026-03-01
19881612,2026-03-01
19883108,2026-03-01
19883521,2026-03-01
19884735,2026-03-02
19886081,2026-03-02
19886652,2026-03-02
19888555,2026-03-02
19891283,2026-03-02
19891697,2026-03-02
19891820,2026-03-02
19891832,2026-03-02
19891981,2026-03-02
19892502,2026-03-02
19893558,2026-03-02
19894707,2026-03-02
19895415,2026-03-02
19896246,2026-03-02
19896376,2026-03-02
19896490,2026-03-02
19897114,2026-03-02
19897244,2026-03-02
19898671,2026-03-02
19899568,2026-03-02
19899702,2026-03-02
19899766,2026-03-02
19899792,2026-03-02
19900078,2026-03-02
19900430,2026-03-02
19900432,2026-03-02
19900762,2026-03-02
19901293,2026-03-02
19901582,2026-03-02
19902068,2026-03-02
19902324,2026-03-02
19902738,2026-03-02
19902797,2026-03-02
19903947,2026-03-02
19904745,2026-03-02
19905329,2026-03-02
19905439,2026-03-02
19905810,2026-03-02
19906077,2026-03-02
19906361,2026-03-02
19906365,2026-03-02
19906677,2026-03-02
19906909,2026-03-02
19907121,2026-03-02
19908333,2026-03-02
19908674,2026-03-02
19908898,2026-03-02
19909209,2026-03-02
19909467,2026-03-02
19909580,2026-03-02
19910260,2026-03-02
19910274,2026-03-02
19910346,2026-03-02
19910743,2026-03-02
19910848,2026-03-02
19911502,2026-03-02
19911547,2026-03-02
19911705,2026-03-02
19912440,2026-03-02
19912562,2026-03-02
19913835,2026-03-03
19914521,2026-03-03
19915435,2026-03-03
19917967,2026-03-03
19918867,2026-03-03
19918936,2026-03-03
19919173,2026-03-03
19919588,2026-03-03
19919982,2026-03-03
19920298,2026-03-03
19921342,2026-03-03
19923932,2026-03-03
19924521,2026-03-03
19924777,2026-03-03
19925065,2026-03-03
19925314,2026-03-03
19926498,2026-03-03
19926809,2026-03-03
19927809,2026-03-03
19929100,2026-03-03
19931436,2026-03-03
19931619,2026-03-03
19932134,2026-03-03
19932215,2026-03-03
19932719,2026-03-03
19933190,2026-03-03
19933580,2026-03-03
19934050,2026-03-03
19936483,2026-03-03
19936783,2026-03-03
19938225,2026-03-03
19939278,2026-03-03
19942008,2026-03-03
19942268,2026-03-03
19942803,2026-03-03
19943030,2026-03-03
19944111,2026-03-03
19944888,2026-03-03
19945874,2026-03-03
19946326,2026-03-03
19946488,2026-03-03
19946665,2026-03-03
19947510,2026-03-03
19948430,2026-03-03
19948593,2026-03-04
19948814,2026-03-04
19949956,2026-03-04
19950539,2026-03-04
19950653,2026-03-04
19951082,2026-03-04
19951272,2026-03-04
19951276,2026-03-04
19951545,2026-03-04
19951993,2026-03-04
19952088,2026-03-04
19952199,2026-03-04
19952250,2026-03-04
19953034,2026-03-04
19953117,2026-03-04
19953119,2026-03-04
19953966,2026-03-04
19954469,2026-03-04
19955547,2026-03-04
19961857,2026-03-04
19962192,2026-03-04
19962821,2026-03-04
19962896,2026-03-04
19963342,2026-03-04
19964280,2026-03-04
19964965,2026-03-04
19966258,2026-03-04
19966546,2026-03-04
19966610,2026-03-04
19967423,2026-03-04
19967651,2026-03-04
19968590,2026-03-04
19968659,2026-03-04
19968838,2026-03-04
19969763,2026-03-04
19972010,2026-03-04
19972514,2026-03-04
19972795,2026-03-04
19972930,2026-03-04
19974261,2026-03-04
19974357,2026-03-04
19974801,2026-03-04
19975036,2026-03-04
19975395,2026-03-04
19976480,2026-03-04
19976841,2026-03-04
19976999,2026-03-04
19978068,2026-03-04
19978185,2026-03-04
19978594,2026-03-04
19978656,2026-03-04
19979905,2026-03-04
19980953,2026-03-04
19981600,2026-03-04
19981685,2026-03-04
19981758,2026-03-04
19982323,2026-03-04
19982614,2026-03-04
19982884,2026-03-04
19983480,2026-03-04
19983528,2026-03-04
19983906,2026-03-04
19984604,2026-03-04
19984924,2026-03-05
19985471,2026-03-05
19985660,2026-03-05
19985680,2026-03-05
19986122,2026-03-05
19986196,2026-03-05
19987261,2026-03-05
19988280,2026-03-05
19988876,2026-03-05
19989788,2026-03-05
19989945,2026-03-05
19990097,2026-03-05
19991364,2026-03-05
19992244,2026-03-05
19992885,2026-03-05
19993656,2026-03-05
19994740,2026-03-05
19995548,2026-03-05
19995714,2026-03-05
19997528,2026-03-05
19997564,2026-03-05
19997595,2026-03-05
19998242,2026-03-05
19999778,2026-03-05
20000399,2026-03-05
20001172,2026-03-05
20002401,2026-03-05
20002793,2026-03-05
20003106,2026-03-05
20003557,2026-03-05
20004847,2026-03-05
20005170,2026-03-05
20005941,2026-03-05
20006796,2026-03-05
20007226,2026-03-05
20008168,2026-03-05
20008589,2026-03-05
20009056,2026-03-05
20009630,2026-03-05
20010236,2026-03-05
20010405,2026-03-05
20011082,2026-03-05
20011841,2026-03-05
20012756,2026-03-05
20012856,2026-03-05
20013417,2026-03-05
20014094,2026-03-05
20014734,2026-03-05
20015005,2026-03-05
20015725,2026-03-05
20016124,2026-03-05
20016919,2026-03-05
20018152,2026-03-05
20018215,2026-03-05
20018327,2026-03-05
20018461,2026-03-05
20018995,2026-03-05
20019119,2026-03-05
20019581,2026-03-05
20021045,2026-03-05
20021265,2026-03-05
20021401,2026-03-05
20021470,2026-03-05
20021871,2026-03-05
20021932,2026-03-06
20022409,2026-03-05
20022559,2026-03-06
20022742,2026-03-06
20022882,2026-03-06
20023613,2026-03-06
20024120,2026-03-06
20024406,2026-03-06
20024449,2026-03-06
20025075,2026-03-06
20026293,2026-03-06
20026977,2026-03-06
20027049,2026-03-06
20027512,2026-03-06
20027701,2026-03-06
20027778,2026-03-06
20027794,2026-03-06
20028479,2026-03-06
20028566,2026-03-06
20028799,2026-03-06
20030869,2026-03-06
20030901,2026-03-06
20031077,2026-03-06
20032331,2026-03-06
20033410,2026-03-06
20034112,2026-03-06
20034410,2026-03-06
20035287,2026-03-06
20035741,2026-03-06
20036726,2026-03-06
20037375,2026-03-06
20038184,2026-03-06
20039807,2026-03-06
20039847,2026-03-06
20040714,2026-03-06
20041017,2026-03-06
20041224,2026-03-06
20041830,2026-03-06
20042661,2026-03-06
20042799,2026-03-06
20043263,2026-03-06
20043720,2026-03-06
20044160,2026-03-06
20044216,2025-11-07
20044703,2026-03-06
20045229,2026-03-06
20045281,2026-03-06
20045997,2026-03-06
20046381,2026-03-06
20046454,2026-03-06
20047200,2026-03-06
20047816,2026-03-06
20048196,2026-03-06
20048771,2026-03-06
20050070,2026-03-06
20051040,2026-03-06
20051559,2026-03-06
20051996,2026-03-06
20052640,2026-03-06
20052793,2026-03-06
20053093,2026-03-06
20055599,2026-03-06
20055878,2026-03-06
20056507,2026-03-07
20057723,2026-03-07
20058110,2026-03-07
20058192,2026-03-07
20058324,2026-03-07
20058880,2026-03-07
20059276,2026-03-07
20060007,2026-03-07
20060066,2026-03-07
20060079,2026-03-07
20060251,2026-03-07
20060738,2026-03-07
20060933,2026-03-07
20061542,2026-03-07
20061875,2026-03-07
20062081,2026-03-07
20062206,2026-03-07
20062357,2026-03-07
20063430,2026-03-07
20064249,2026-03-07
20064778,2026-03-07
20065322,2026-03-07
20065584,2026-03-07
20065796,2026-03-07
20066246,2026-03-07
20066572,2026-03-07
20066798,2026-03-07
20067076,2026-03-07
20067096,2026-03-07
20067397,2026-03-07
20067403,2026-03-07
20067575,2026-03-07
20067666,2026-03-07
20067709,2026-03-07
20067789,2026-03-07
20068276,2026-03-07
20068498,2026-03-07
20068641,2026-03-07
20068768,2026-03-07
20069108,2026-03-07
20069279,2026-03-07
20069650,2026-03-07
20069666,2026-03-07
20069676,2026-03-07
20070151,2026-03-07
20070154,2026-03-07
20070862,2026-03-07
20070965,2026-03-07
20071283,2026-03-07
20071387,2026-03-07
20071796,2026-03-08
20071799,2026-03-08
20071941,2026-03-08
20072027,2026-03-07
20072517,2026-03-08
20073185,2026-03-08
20073229,2026-03-08
20073506,2026-03-08
20074248,2026-03-08
20074715,2026-03-08
20074796,2026-03-08
20075641,2026-03-08
20076917,2026-03-08
20077225,2026-03-08
20077398,2026-03-08
20077558,2026-03-08
20078423,2026-03-08
20078631,2026-03-08
20078874,2026-03-08
20079464,2026-03-08
20079472,2026-03-08
20079984,2026-03-08
20080003,2026-03-08
20080072,2026-03-08
20080179,2026-03-08
20080199,2026-03-08
20080529,2026-03-08
20080728,2026-03-08
20081098,2026-03-09
20081274,2026-03-09
20081885,2026-03-09
20081914,2026-03-09
20083104,2026-03-09
20083192,2026-03-09
20084916,2026-03-09
20085856,2026-03-09
20085906,2026-03-09
20088733,2026-03-09
20088818,2026-03-09
20089247,2026-03-09
20089768,2026-03-09
20090413,2026-03-09
20091836,2026-03-09
20091888,2026-03-09
20092181,2026-03-09
20092564,2026-03-09
20093190,2026-03-09
20093337,2026-03-09
20094269,2026-03-09
20095645,2026-03-09
20096036,2026-03-09
20096409,2026-03-09
20098832,2026-03-09
20099522,2026-03-09
20099797,2026-03-09
20100711,2026-03-09
20100946,2026-03-09
20101696,2026-03-09
20101709,2026-03-09
20102324,2026-03-09
20102642,2026-03-09
20102938,2026-03-09
20104545,2026-03-09
20105021,2026-03-09
20105946,2026-03-09
20105953,2026-03-09
20106584,2026-03-09
20108011,2026-03-09
20108084,2026-03-09
20108640,2026-03-09
20109586,2026-03-09
20109640,2026-03-09
20110018,2026-03-09
20110444,2026-03-09
20110942,2026-03-09
20111312,2026-03-09
20111446,2026-03-09
20111879,2026-03-09
20112753,2026-03-10
20112922,2026-03-10
20113023,2026-03-10
20114115,2026-03-10
20114248,2026-03-10
20114786,2026-03-10
20115046,2026-03-10
20115543,2026-03-10
20115548,2026-03-10
20115741,2026-03-10
20116708,2026-03-10
20117977,2026-03-10
20119059,2026-03-10
20119331,2026-03-10
20119785,2026-03-10
20120558,2026-03-10
20121427,2026-03-10
20121684,2026-03-10
20122221,2026-03-10
20122510,2026-03-10
20123625,2026-03-10
20124661,2026-03-10
20125034,2026-03-10
20125231,2026-03-10
20125668,2026-03-10
20125904,2026-03-10
20125980,2026-03-10
20126151,2026-03-10
20127568,2026-03-10
20127924,2026-03-10
20128007,2026-03-10
20129380,2026-03-10
20129427,2026-03-10
20129923,2026-03-10
20130342,2026-03-10
20130766,2026-03-10
20131003,2026-03-10
20131125,2026-03-10
20131665,2026-03-10
20132061,2026-03-10
20132987,2026-03-10
20133121,2026-03-10
20133123,2026-03-10
20133568,2026-03-10
20133634,2026-03-10
20133979,2026-03-10
20134497,2026-03-10
20136810,2026-03-10
20137047,2026-03-10
20137458,2026-03-10
20137661,2026-03-10
20138126,2026-03-10
20138827,2026-03-10
20141200,2026-03-10
20141658,2026-03-10
20142570,2026-03-10
20142690,2026-03-10
20142713,2026-03-10
20142887,2026-03-10
20143016,2026-03-10
20143400,2026-03-10
20143620,2026-03-10
20143635,2026-03-10
20143829,2026-03-10
20144350,2026-03-10
20145378,2026-03-10
20145450,2026-03-10
20145669,2026-03-10
20145700,2026-03-10
20145722,2026-03-10
20146405,2026-03-10
20146696,2026-03-10
20146934,2026-03-10
20147776,2026-03-10
20147811,2026-03-10
20148932,2026-03-10
20149787,2026-03-11
20150007,2026-03-11
20150383,2026-03-11
20150789,2026-03-11
20151007,2026-03-11
20151172,2026-03-11
20151613,2026-03-11
20151773,2026-03-11
20152555,2026-03-11
20152854,2026-03-11
20152968,2026-03-11
20153182,2026-03-11
20153417,2026-03-11
20153508,2026-03-11
20153605,2026-03-11
20153777,2026-03-11
20153791,2026-03-11
20154840,2026-03-11
20155272,2026-03-11
20157446,2026-03-11
20157501,2026-03-11
20158145,2026-03-11
20159076,2026-03-11
20159206,2026-03-11
20159882,2026-03-11
20160736,2026-03-11
20161557,2026-03-11
20162775,2026-03-11
20162824,2026-03-11
20163320,2026-03-11
20163458,2026-03-11
20163487,2026-03-11
20165977,2026-03-11
20166033,2026-03-11
20166275,2026-03-11
20166279,2026-03-11
20167330,2026-03-11
20167793,2026-03-11
20168718,2026-03-11
20169998,2026-03-11
20171773,2026-03-11
20171781,2026-03-11
20172152,2026-03-11
20172206,2026-03-11
20173926,2026-03-11
20173929,2026-03-11
20174197,2026-03-11
20174311,2026-03-11
20174355,2026-03-11
20175189,2026-03-11
20176429,2026-03-11
20176746,2026-03-11
20177647,2026-03-11
20177773,2026-03-11
20177858,2026-03-11
20178192,2026-03-11
20179320,2026-03-11
20180138,2026-03-11
20180728,2026-03-11
20180816,2026-03-11
20181016,2026-03-11
20182036,2026-03-11
20182389,2026-03-11
20183506,2026-03-11
20183562,2026-03-11
20183746,2026-03-11
20184007,2026-03-11
20184425,2026-03-11
20184485,2026-03-11
20185186,2026-03-11
20185406,2026-03-11
20185806,2026-03-11
20186005,2026-03-11
20187017,2026-03-11
20187049,2026-03-12
20187793,2026-03-12
20188696,2026-03-12
20188924,2026-03-12
20189171,2026-03-12
20189630,2026-03-12
20189675,2026-03-12
20190806,2026-03-12
20191779,2026-03-12
20193951,2026-03-12
20194072,2026-03-12
20194267,2026-03-12
20194504,2026-03-12
20195292,2026-03-12
20197429,2026-03-12
20197740,2026-03-12
20198467,2026-03-12
20198586,2026-03-12
20199690,2026-03-12
20199701,2026-03-12
20199960,2026-03-12
20200075,2026-03-12
20200469,2026-03-12
20200848,2026-03-12
20201227,2026-03-12
20201328,2026-03-12
20201657,2026-03-12
20202505,2026-03-12
20202972,2026-03-12
20203273,2026-03-12
20203592,2026-03-12
20203886,2026-03-12
20204238,2026-03-12
20204765,2026-03-12
20205651,2026-03-12
20206548,2026-03-12
20206678,2026-03-12
20206940,2026-03-12
20208505,2026-03-12
20208849,2026-03-12
20209602,2026-03-12
20209649,2026-03-12
20210291,2026-03-12
20211007,2026-03-12
20211689,2026-03-12
20211781,2026-03-12
20212619,2026-03-12
20212997,2026-03-12
20214125,2026-03-12
20215576,2026-03-12
20216286,2026-03-12
20216658,2026-03-12
20217996,2026-03-12
20218693,2026-03-12
20219195,2026-03-12
20219314,2026-03-12
20219755,2026-03-12
20221197,2026-03-12
20221536,2026-03-12
20221574,2026-03-12
20222723,2026-03-12
20223986,2026-03-13
20224960,2026-03-13
20225676,2026-03-13
20227347,2026-03-13
20227571,2026-03-13
20227604,2026-03-13
20228130,2026-03-13
20228839,2026-03-13
20230113,2026-03-13
20231035,2026-03-13
20231995,2026-03-13
20234813,2026-03-13
20235475,2026-03-13
20235688,2026-03-13
20235795,2026-03-13
20235881,2026-03-13
20235926,2026-03-13
20236134,2026-03-13
20237135,2026-03-13
20268807,2026-03-14
20271887,2026-03-14
20276380,2026-03-15
20276497,2026-03-15
20277712,2026-03-15
20278532,2026-03-15
20279563,2026-03-15
20279799,2026-03-15
20280203,2026-03-15
20281725,2026-03-15
20281798,2026-03-15
20281899,2026-03-15
20282307,2026-03-15
20282423,2026-03-15
20282566,2026-03-15
20282737,2026-03-15
20283061,2026-03-15
20283093,2026-03-15
20283496,2026-03-15
20284214,2026-03-15
20284740,2026-03-15
20284758,2026-03-15
20285160,2026-03-16
20285750,2026-03-16
20285919,2026-03-16
20286238,2026-03-16
20286293,2026-03-16
20286755,2026-03-16
20287765,2026-03-16
20288200,2026-03-16
20289042,2026-03-16
20289126,2026-03-16
20289303,2026-03-16
20289938,2026-03-16
20291256,2026-03-16
20292121,2026-03-16
20292705,2026-03-16
20292920,2026-03-16
20293021,2026-03-16
20293738,2026-03-16
20294339,2026-03-16
20294605,2026-03-16
20294988,2026-03-16
20295000,2026-03-16
20295063,2026-03-16
20295186,2026-03-16
20295234,2026-03-16
20295595,2026-03-16
20295631,2026-03-16
20295919,2026-03-16
20297360,2026-03-16
20297499,2026-03-16
20298117,2026-03-16
20298578,2026-03-16
20298828,2026-03-16
20299346,2026-03-16
20299916,2026-03-16
20300017,2026-03-16
20300039,2026-03-16
20300312,2026-03-16
20300783,2026-03-16
20301255,2026-03-16
20302292,2026-03-16
20303096,2026-03-16
20307710,2026-03-16
20308576,2026-03-16
20309060,2026-03-16
20316811,2026-03-17
20317884,2026-03-17
20319466,2026-03-17
20321024,2026-03-17
20321595,2026-03-17
20323036,2026-03-17
20323499,2026-03-17
20325195,2026-03-17
20326233,2026-03-17
20327081,2026-03-17
20328346,2026-03-17
20329450,2026-03-17
20330479,2026-03-17
20330909,2026-03-17
20331149,2026-03-17
20331340,2026-03-17
20331401,2026-03-17
20331414,2026-03-17
20331936,2026-03-17
20331974,2026-03-17
20332571,2026-03-17
20332641,2026-03-17
20332835,2026-03-17
20333346,2026-03-17
20334830,2026-03-17
20335090,2026-03-17
20335325,2026-03-17
20335772,2026-03-17
20336649,2026-03-17
20336729,2026-03-17
20336930,2026-03-17
20337326,2026-03-17
20338090,2026-03-17
20338310,2026-03-17
20338679,2026-03-17
20339257,2026-03-17
20340988,2026-03-17
20341557,2026-03-17
20343153,2026-03-17
20343929,2026-03-17
20344936,2026-03-17
20345548,2025-11-13
20345760,2025-11-17
20348305,2026-03-17
20348553,2026-03-17
20355086,2026-03-17
20355386,2026-03-17
20355602,2026-03-17
20356041,2026-03-18
20356993,2026-03-18
20357241,2026-03-18
20357864,2026-03-18
20358456,2026-03-18
20359562,2026-03-18
20359576,2026-03-18
20360509,2026-03-18
20360635,2026-03-18
20360934,2026-03-18
20362210,2026-03-18
20363270,2026-03-18
20363790,2026-03-18
20365130,2026-03-18
20367195,2026-03-18
20367280,2026-03-18
20367847,2026-03-18
20367912,2026-03-18
20368357,2026-03-18
20368595,2025-11-07
20368802,2026-03-18
20368933,2026-03-18
20370769,2026-03-18
20372203,2026-03-18
20373913,2026-03-18
20374260,2026-03-18
20375763,2026-03-18
20376434,2026-03-18
20377129,2026-03-18
20377191,2026-03-18
20377301,2026-03-18
20377341,2026-03-18
20377489,2026-03-18
20377953,2026-03-18
20379006,2026-03-18
20379406,2026-03-18
20379770,2026-03-18
20382669,2026-03-18
20382928,2026-03-18
20383031,2026-03-18
20383734,2026-03-18
20383993,2026-03-18
20384208,2026-03-18
20384467,2026-03-18
20384762,2026-03-18
20384938,2026-03-18
20386757,2026-03-18
20387451,2026-03-18
20387491,2026-03-18
20388765,2026-03-18
20389871,2026-03-18
20393786,2026-03-18
20394389,2026-03-19
20394832,2026-03-19
20395497,2026-03-19
20395824,2026-03-19
20396254,2026-03-19
20397042,2026-03-19
20397215,2026-03-19
20398185,2026-03-19
20398512,2026-03-19
20399687,2026-03-19
20399724,2026-03-19
20400554,2026-03-19
20404446,2026-03-19
20404574,2026-03-19
20405709,2026-03-19
20406413,2026-03-19
20406677,2026-03-19
20406695,2026-03-19
20406696,2026-03-19
20406907,2026-03-19
20407178,2026-03-19
20407938,2026-03-19
20408560,2026-03-19
20408762,2026-03-19
20409482,2026-03-19
20420032,2026-03-19
20421928,2026-03-19
20438195,2026-03-20
20455674,2026-03-20
20461540,2026-03-20
20480550,2026-03-21
20485957,2026-03-22
20486579,2026-03-22
20486819,2026-03-22
20487102,2026-03-22
20488440,2026-03-22
20488702,2026-03-22
20489109,2026-03-22
20489888,2026-03-22
20490099,2026-03-22
20490189,2026-03-22
20490300,2026-03-22
20490302,2026-03-22
20490848,2026-03-22
20491206,2026-03-22
20492325,2026-03-22
20492669,2026-03-23
20492951,2026-03-23
20493689,2026-03-23
20494266,2026-03-23
20494421,2026-03-23
20497202,2026-03-23
20498442,2026-03-23
20499076,2026-03-23
20499089,2026-03-23
20500355,2026-03-23
20500485,2026-03-23
20501191,2026-03-23
20501453,2026-03-23
20501688,2026-03-23
20502109,2026-03-23
20502467,2026-03-23
20502640,2026-03-23
20503623,2026-03-23
20504355,2026-03-23
20504584,2026-03-23
20505269,2026-03-23
20505750,2026-03-23
20506006,2026-03-23
20506337,2026-03-23
20506433,2026-03-23
20507300,2026-03-23
20507503,2026-03-23
20507664,2026-03-23
20507904,2026-03-23
20508204,2026-03-23
20509118,2026-03-23
20509747,2026-03-23
20509861,2026-03-23
20510917,2026-03-23
20511129,2026-03-23
20511315,2026-03-23
20511435,2026-03-23
20512424,2026-03-23
20513392,2026-03-23
20513616,2026-03-23
20514313,2026-03-23
20514971,2026-03-23
20515864,2026-03-23
20515998,2026-03-23
20516074,2026-03-23
20516851,2026-03-23
20517681,2026-03-23
20517998,2026-03-23
20518358,2026-03-23
20519816,2026-03-23
20519943,2026-03-23
20525616,2026-03-24
20525650,2026-03-24
20526092,2026-03-24
20527957,2026-03-24
20528662,2026-03-24
20528793,2026-03-24
20528822,2026-03-24
20530325,2026-03-24
20530889,2026-03-24
20531100,2026-03-24
20532647,2026-03-24
20535381,2026-03-24
20535669,2026-03-24
20537949,2026-03-24
20539221,2026-03-24
20539443,2026-03-24
20540051,2026-03-24
20540700,2026-03-24
20541693,2026-03-24
20543148,2026-03-24
20543660,2026-03-24
20544066,2026-03-24
20544312,2026-03-24
20545392,2026-03-24
20545859,2026-03-24
20546209,2026-03-24
20546306,2026-03-24
20546505,2026-03-24
20546954,2026-03-24
20549547,2026-03-24
20549668,2026-03-24
20549860,2026-03-24
20550226,2025-11-12
20550227,2026-03-24
20550367,2026-03-24
20550499,2026-03-24
20550586,2026-03-24
20550710,2026-03-24
20550736,2026-03-24
20551642,2026-03-24
20551767,2026-03-24
20553077,2026-03-24
20553230,2026-03-24
20559124,2026-03-24
20561769,2026-03-24
20564493,2026-03-25
20565179,2026-03-25
20565395,2026-03-25
20565794,2026-03-25
20566175,2026-03-25
20567098,2026-03-25
20567446,2026-03-25
20567495,2026-03-25
20568248,2026-03-25
20568377,2026-03-25
20569595,2026-03-25
20570070,2026-03-25
20571857,2026-03-25
20572056,2026-03-25
20573526,2026-03-25
20575224,2026-03-25
20576705,2026-03-25
20576785,2026-03-25
20577077,2026-03-25
20577367,2025-11-14
20577440,2026-03-25
20578079,2025-11-15
20578505,2026-03-25
20578542,2026-03-25
20579299,2026-03-25
20580254,2026-03-25
20580813,2026-03-25
20581073,2026-03-25
20582919,2026-03-25
20586487,2026-03-25
20595847,2026-03-25
20602738,2026-03-25
20603125,2026-03-25
20603177,2026-03-25
20603642,2026-03-26
20603883,2026-03-26
20604753,2026-03-26
20604758,2026-03-26
20605272,2026-03-26
20606295,2026-03-26
20606413,2026-03-26
20606497,2026-03-26
20606525,2026-03-26
20606670,2026-03-26
20607595,2026-03-26
20607765,2026-03-26
20608039,2026-03-26
20608189,2026-03-26
20608375,2026-03-26
20608670,2026-03-26
20609611,2026-03-26
20609798,2026-03-26
20609799,2026-03-26
20609879,2026-03-26
20610733,2026-03-26
20612680,2026-03-26
20613485,2026-03-26
20614764,2026-03-26
20615914,2026-03-26
20616024,2026-03-26
20616820,2026-03-26
20618142,2026-03-26
20623336,2026-03-26
20630157,2026-03-26
20639032,2026-03-26
20639138,2026-03-26
20639667,2026-03-26
20666012,2026-03-26
20680319,2026-03-26
20680875,2026-03-26
20681472,2026-03-26
20682274,2026-03-26
20682636,2026-03-26
20683055,2026-03-26
20683331,2026-03-26
20683483,2026-03-26
20685516,2026-03-26
20685787,2026-03-26
20686253,2026-03-26
20686966,2026-03-26
20687685,2026-03-26
20688201,2026-03-26
20688819,2026-03-26
20689809,2026-03-26
20691027,2026-03-26
20691710,2026-03-26
20691839,2026-03-26
20691913,2026-03-26
20692145,2026-03-26
20692428,2026-03-26
20692617,2026-03-26
20692713,2026-03-26
20692721,2026-03-26
20693431,2026-03-26
20693681,2026-03-26
20695043,2026-03-26
20695331,2026-03-26
20695581,2026-03-26
20696901,2026-03-26
20697821,2026-03-26
20698676,2026-03-26
20699570,2026-03-26
20700562,2026-03-26
20700753,2026-03-26
20701944,2026-03-27
20702164,2026-03-27
20702842,2026-03-27
20703023,2026-03-27
20703739,2026-03-27
20704485,2026-03-27
20704838,2026-03-27
20705276,2026-03-27
20711470,2026-03-27
20727728,2026-03-27
20730097,2026-03-27
20738544,2026-03-28
20745633,2026-03-28
20749729,2026-03-28
20753565,2026-03-29
20754004,2026-03-29
20754472,2026-03-29
20754641,2026-03-29
20755500,2026-03-29
20755941,2026-03-29
20756715,2026-03-29
20756775,2026-03-29
20757546,2026-03-29
20757710,2026-03-29
20759183,2026-03-29
20759185,2026-03-29
20759196,2026-03-29
20759506,2026-03-29
20759903,2026-03-29
20760198,2026-03-29
20760826,2026-03-30
20761161,2026-03-30
20761969,2026-03-30
20762663,2026-03-30
20763397,2026-03-30
20767644,2026-03-30
20767670,2026-03-30
20767892,2026-03-30
20768078,2026-03-30
20770093,2026-03-30
20770120,2026-03-30
20770567,2026-03-30
20770813,2026-03-30
20771423,2026-03-30
20771686,2026-03-30
20771766,2026-03-30
20771874,2026-03-30
20772331,2026-03-30
20772410,2026-03-30
20772767,2026-03-30
20773238,2026-03-30
20773999,2026-03-30
20774224,2026-03-30
20774399,2026-03-30
20775082,2026-03-30
20776434,2026-03-30
20776942,2026-03-30
20776947,2026-03-30
20778654,2026-03-30
20778983,2026-03-30
20779025,2026-03-30
20779035,2026-03-30
20779184,2026-03-30
20779390,2026-03-30
20779614,2026-03-30
20779848,2026-03-30
20780442,2026-03-30
20780798,2026-03-30
20781961,2026-03-30
20782024,2026-03-30
20782734,2026-03-30
20783019,2026-03-30
20784284,2026-03-30
20784329,2026-03-30
20785214,2026-03-30
20785429,2026-03-30
20785449,2026-03-30
20785529,2026-03-30
20786285,2026-03-30
20786621,2026-03-30
20787012,2026-03-30
20789066,2026-03-30
20789681,2026-03-30
20789814,2026-03-30
20790911,2026-03-30
20791231,2026-03-30
20791445,2026-03-30
20791689,2026-03-30
20793499,2026-03-31
20793748,2026-03-30
20794500,2026-03-31
20795318,2026-03-31
20795338,2026-03-31
20795703,2026-03-31
20795999,2026-03-31
20796083,2026-03-31
20796117,2026-03-31
20796720,2026-03-31
20796722,2026-03-31
20797145,2026-03-31
20797753,2026-03-31
20798083,2026-03-31
20800306,2026-03-31
20802628,2026-03-31
20804504,2026-03-31
20804590,2026-03-31
20804901,2026-03-31
20804974,2026-03-31
20805262,2026-03-31
20805375,2026-03-31
20805721,2026-03-31
20805817,2026-03-31
20807717,2026-03-31
20808232,2026-03-31
20809853,2026-03-31
20810476,2026-03-31
20810899,2026-03-31
20811087,2026-03-31
20811539,2026-03-31
20811954,2026-03-31
20813188,2026-03-31
20814587,2026-03-31
20814615,2026-03-31
20815694,2026-03-31
20816177,2026-03-31
20816602,2026-03-31
20817167,2026-03-31
20817454,2026-03-31
20819512,2026-03-31
20821530,2026-03-31
20824186,2026-03-31
20824994,2026-03-31
20825699,2026-03-31
20825718,2026-03-31
20825931,2026-03-31
20826253,2026-03-31
20827174,2026-03-31
20827457,2026-03-31
20827640,2026-03-31
20830686,2026-04-01
20831379,2026-04-01
20832849,2026-04-01
20834028,2026-04-01
20834575,2026-04-01
20834791,2026-04-01
20837808,2026-04-01
20838992,2026-04-01
20839159,2026-04-01
20840087,2026-04-01
20840937,2026-04-01
20841393,2026-04-01
20842409,2026-04-01
20843646,2026-04-01
20843688,2026-04-01
20844376,2026-04-01
20844455,2026-04-01
20845028,2026-04-01
20845303,2026-04-01
20845865,2026-04-01
20846112,2026-04-01
20848102,2026-04-01
20850787,2026-04-01
20850901,2026-04-01
20851673,2026-04-01
20851819,2026-04-01
20852185,2026-04-01
20852969,2026-04-01
20853802,2026-04-01
20855514,2026-04-01
20855882,2026-04-01
20856313,2026-04-01
20856854,2026-04-01
20857640,2026-04-01
20859257,2026-04-01
20859595,2026-04-01
20859648,2026-04-01
20860167,2026-04-01
20860745,2026-04-01
20861320,2026-04-01
20861419,2026-04-01
20861421,2026-04-01
20862323,2026-04-01
20862476,2026-04-01
20864341,2026-04-01
20864536,2026-04-01
20864736,2026-04-01
20864749,2026-04-01
20864957,2026-04-01
20865514,2026-04-01
20865739,2026-04-01
20866012,2026-04-01
20869311,2026-04-02
20869519,2026-04-02
20870404,2026-04-02
20871665,2026-04-02
20872101,2026-04-02
20874010,2026-04-02
20874202,2026-04-02
20876118,2026-04-02
20877121,2026-04-02
20877798,2026-04-02
20878979,2026-04-02
20879619,2026-04-02
20880275,2026-04-02
20880372,2026-04-02
20880641,2026-04-02
20880748,2026-04-02
20881283,2026-04-02
20881323,2026-04-02
20881337,2026-04-02
20881675,2026-04-02
20882502,2026-04-02
20882510,2026-04-02
20882999,2026-04-02
20883491,2026-04-02
20883915,2026-04-02
20886842,2026-04-02
20888606,2026-04-02
20889588,2026-04-02
20890046,2026-04-02
20892235,2026-04-02
20892594,2026-04-02
20906595,2026-04-03
20907434,2026-04-03
20908495,2026-04-03
20911520,2026-04-03
20914301,2026-04-03
20916069,2026-04-03
20926310,2026-04-03
20942259,2026-04-04
20954820,2026-04-04
20955559,2026-04-05
20957046,2026-04-05
20957322,2026-04-05
20957482,2026-04-05
20957714,2026-04-05
20958632,2026-04-05
20958768,2026-04-05
20958878,2026-04-05
20958934,2026-04-05
20960201,2026-04-05
20960709,2026-04-05
20960934,2026-04-05
20961008,2026-04-05
20961135,2026-04-05
20961534,2026-04-05
20961673,2026-04-05
20961679,2026-04-05
20961698,2026-04-05
20962742,2026-04-05
20962760,2026-04-05
20962820,2026-04-06
20962894,2026-04-06
20964024,2026-04-06
20964686,2026-04-06
20964702,2026-04-06
20967049,2026-04-06
20967126,2026-04-06
20968059,2026-04-06
20968271,2026-04-06
20968836,2026-04-06
20969569,2026-04-06
20970581,2026-04-06
20970945,2026-04-06
20970993,2026-04-06
20971467,2026-04-06
20971520,2026-04-06
20972654,2026-04-06
20973781,2026-04-06
20974614,2026-04-06
20975304,2026-04-06
20975932,2026-04-06
20976010,2026-04-06
20976116,2026-04-06
20977935,2026-04-06
20978793,2026-04-06
20978919,2026-04-06
20979243,2026-04-06
20981299,2026-04-06
20983770,2026-04-06
20983862,2026-04-06
20984110,2026-04-06
20984186,2026-04-06
20984720,2026-04-06
20985119,2026-04-06
20985231,2026-04-06
20985536,2026-04-06
20985821,2026-04-06
20985915,2026-04-06
20986031,2026-04-06
20986468,2026-04-06
20987172,2026-04-06
20987244,2026-04-06
20987352,2026-04-06
20989434,2026-04-06
20990374,2026-04-06
20990399,2026-04-06
20991039,2026-04-06
20991309,2026-04-06
20991655,2026-04-06
20992503,2026-04-06
20992628,2026-04-06
20992712,2026-04-06
20994153,2026-04-07
20994754,2026-04-07
20994868,2026-04-07
20995960,2026-04-07
20996173,2026-04-07
20996898,2026-04-07
20999100,2026-04-07
20999237,2026-04-07
21000258,2026-04-07
21000600,2026-04-07
21001121,2026-04-07
21002075,2026-04-07
21004577,2026-04-07
21005200,2026-04-07
21007644,2026-04-07
21007675,2026-04-07
21008088,2026-04-07
21009260,2026-04-07
21009584,2026-04-07
21010489,2026-04-07
21010968,2026-04-07
21012245,2026-04-07
21013022,2026-04-07
21013792,2026-04-07
21015701,2026-04-07
21015961,2026-04-07
21018675,2026-04-07
21018984,2026-04-07
21019435,2026-04-07
21019804,2026-04-07
21020351,2026-04-07
21022224,2026-04-07
21022626,2026-04-07
21022656,2026-04-07
21023471,2026-04-07
21024245,2026-04-07
21025015,2026-04-07
21025868,2026-04-07
21026716,2026-04-07
21026822,2026-04-07
21030377,2026-04-07
21031000,2026-04-07
21031004,2026-04-07
21031288,2026-04-07
21031660,2026-04-07
21031753,2026-04-07
21031916,2026-04-07
21032013,2026-04-07
21032376,2026-04-07
21032406,2026-04-07
21033527,2026-04-08
21033685,2026-04-08
21033769,2026-04-07
21034940,2026-04-08
21036627,2026-04-08
21038747,2026-04-08
21039407,2026-04-08
21040602,2026-04-08
21040741,2026-04-08
21040962,2026-04-08
21042405,2026-04-08
21043264,2026-04-08
21044047,2026-04-08
21046624,2026-04-08
21046743,2026-04-08
21046811,2026-04-08
21048431,2026-04-08
21048593,2026-04-08
21048837,2026-04-08
21049714,2026-04-08
21050283,2026-04-08
21051447,2026-04-08
21051864,2026-04-08
21052840,2026-04-08
21053970,2026-04-08
21055669,2026-04-08
21055889,2026-04-08
21056572,2026-04-08
21057310,2026-04-08
21057616,2026-04-08
21058198,2026-04-08
21058304,2026-04-08
21058738,2026-04-08
21058971,2026-04-08
21059566,2026-04-08
21060318,2026-04-08
21060355,2026-04-08
21060940,2026-04-08
21061764,2026-04-08
21062408,2026-04-08
21062472,2026-04-08
21062819,2026-04-08
21063936,2026-04-08
21064166,2026-04-08
21064609,2026-04-08
21064735,2026-04-08
21064834,2026-04-08
21065002,2026-04-08
21065078,2026-04-08
21066186,2026-04-08
21067320,2026-04-08
21067352,2026-04-08
21068036,2026-04-08
21068308,2026-04-08
21070226,2026-04-08
21072504,2026-04-08
21072646,2026-04-08
21073465,2026-04-08
21074422,2026-04-08
21074598,2026-04-09
21075445,2026-04-09
21075590,2026-04-09
21076640,2026-04-09
21077217,2026-04-09
21077354,2026-04-09
21078261,2026-04-09
21078929,2026-04-09
21079037,2026-04-09
21079885,2026-04-09
21080013,2026-04-09
21080464,2026-04-09
21080579,2026-04-09
21084460,2026-04-09
21084722,2026-04-09
21086752,2026-04-09
21086853,2026-04-09
21087458,2026-04-09
21088102,2026-04-09
21090047,2026-04-09
21090519,2026-04-09
21090559,2026-04-09
21090993,2026-04-09
21091381,2026-04-09
21092456,2026-04-09
21094372,2026-04-09
21097252,2026-04-09
21097352,2026-04-09
21098549,2026-04-09
21099768,2026-04-09
21099808,2026-04-09
21102503,2026-04-09
21102519,2026-04-09
21102625,2026-04-09
21103673,2026-04-09
21103798,2026-04-09
21104089,2026-04-09
21104871,2026-04-09
21106196,2026-04-09
21106224,2026-04-09
21106551,2026-04-09
21106932,2026-04-09
21107438,2026-04-09
21108347,2026-04-09
21108348,2026-04-09
21108385,2026-04-09
21108442,2026-04-09
21108877,2026-04-09
21110053,2026-04-09
21110317,2026-04-09
21111553,2026-04-09
21111991,2026-04-09
21112350,2026-04-09
21112434,2026-04-09
21112995,2026-04-09
21113803,2026-04-10
21114226,2026-04-10
21114257,2026-04-10
21114472,2026-04-10
21115073,2026-04-10
21117913,2026-04-10
21118348,2026-04-10
21118437,2026-04-10
21118619,2026-04-10
21119395,2026-04-10
21119403,2026-04-10
21120619,2026-04-10
21121042,2026-04-10
21121046,2026-04-10
21121146,2026-04-10
21121706,2026-04-10
21123091,2026-04-10
21123876,2026-04-10
21124038,2026-04-10
21124818,2026-04-10
21125487,2026-04-10
21126553,2026-04-10
21127257,2026-04-10
21128511,2026-04-10
21129010,2026-04-10
21130101,2026-04-10
21130198,2026-04-10
21130972,2026-04-10
21131417,2026-04-10
21132680,2026-04-10
21132896,2026-04-10
21133321,2026-04-10
21134780,2026-04-10
21135691,2026-04-10
21136753,2026-04-10
21138315,2026-04-10
21138731,2026-04-10
21139478,2026-04-10
21141718,2026-04-10
21142721,2026-04-10
21142745,2026-04-10
21142876,2026-04-10
21144133,2026-04-10
21144372,2026-04-10
21144821,2026-04-10
21146447,2026-04-10
21146706,2026-04-10
21147236,2026-04-10
21147614,2026-04-10
21149989,2026-04-11
21150124,2026-04-10
21151268,2026-04-11
21153596,2026-04-11
21153651,2026-04-11
21156017,2026-04-11
21156246,2026-04-11
21156270,2026-04-11
21157976,2026-04-11
21158461,2026-04-11
21158661,2026-04-11
21159315,2026-04-11
21159938,2026-04-11
21161006,2026-04-11
21161515,2026-04-11
21162107,2026-04-11
21162812,2026-04-11
21163247,2026-04-11
21163346,2026-04-11
21163445,2026-04-11
21164115,2026-04-11
21164163,2026-04-11
21164308,2026-04-11
21164673,2026-04-11
21165075,2026-04-11
21165327,2026-04-11
21165586,2026-04-11
21165771,2026-04-11
21166082,2026-04-11
21166102,2026-04-11
21166235,2026-04-11
21167187,2026-04-12
21167399,2026-04-12
21168114,2026-04-12
21169066,2026-04-12
21170183,2026-04-12
21171038,2026-04-12
21172205,2026-04-12
21173035,2026-04-12
21173691,2026-04-12
21174043,2026-04-12
21174246,2026-04-12
21174511,2026-04-12
21174769,2026-04-12
21174796,2026-04-12
21175305,2026-04-12
21175406,2026-04-12
21175871,2026-04-13
21175924,2026-04-12
21176382,2026-04-13
21176532,2026-04-13
21176868,2026-04-13
21177158,2026-04-13
21177458,2026-04-13
21179489,2026-04-13
21180178,2026-04-13
21180883,2026-04-13
21183355,2026-04-13
21184170,2026-04-13
21184807,2026-04-13
21185555,2026-04-13
21185864,2026-04-13
21186899,2026-04-13
21186968,2026-04-13
21187268,2026-04-13
21187307,2026-04-13
21188326,2026-04-13
21188333,2026-04-13
21188375,2026-04-13
21188735,2026-04-13
21189157,2026-04-13
21189339,2026-04-13
21189654,2026-04-13
21190134,2026-04-13
21191719,2026-04-13
21192060,2026-04-13
21192085,2026-04-13
21192090,2026-04-13
21192426,2026-04-13
21192522,2026-04-13
21192865,2026-04-13
21193109,2026-04-13
21193413,2026-04-13
21193910,2026-04-13
21194008,2026-04-13
21194035,2026-04-13
21195925,2026-04-13
21196865,2026-04-13
21198153,2026-04-13
21198573,2026-04-13
21198818,2026-04-13
21199023,2026-04-13
21199249,2026-04-13
21199483,2026-04-13
21199657,2026-04-13
21199739,2026-04-13
21200562,2026-04-13
21201887,2026-04-13
21202511,2026-04-13
21203038,2026-04-13
21205103,2026-04-13
21205564,2026-04-13
21206968,2026-04-13
21207144,2026-04-13
21207414,2026-04-13
21207418,2026-04-13
21207615,2026-04-14
21208424,2026-04-14
21209233,2026-04-14
21209699,2026-04-14
21210267,2026-04-14
21210286,2026-04-14
21210818,2026-04-14
21210967,2026-04-14
21211169,2026-04-14
21211249,2026-04-14
21211793,2026-04-14
21212053,2026-04-14
21212064,2026-04-14
21212526,2026-04-14
21217895,2026-04-14
21219786,2026-04-14
21220127,2026-04-14
21220177,2026-04-14
21221184,2026-04-14
21222158,2026-04-14
21222192,2026-04-14
21222695,2026-04-14
21223107,2026-04-14
21223205,2026-04-14
21223561,2026-04-14
21224197,2026-04-14
21225396,2026-04-14
21225775,2026-04-14
21226517,2026-04-14
21227238,2026-04-14
21227664,2026-04-14
21228232,2026-04-14
21229642,2026-04-14
21230027,2026-04-14
21230142,2026-04-14
21230195,2026-04-14
21230217,2026-04-14
21230411,2026-04-14
21230553,2026-04-14
21231160,2026-04-14
21231225,2026-04-14
21231284,2026-04-14
21231665,2026-04-14
21231864,2026-04-14
21231966,2026-04-14
21232767,2026-04-14
21233188,2026-04-14
21233558,2026-04-14
21233693,2026-04-14
21233786,2026-04-14
21234020,2026-04-14
21234260,2026-04-14
21234784,2026-04-14
21234869,2026-04-14
21235649,2026-04-14
21235980,2026-04-14
21236160,2026-04-14
21236470,2026-04-14
21236932,2026-04-14
21239580,2026-04-14
21241108,2026-04-14
21241962,2026-04-14
21242314,2026-04-14
21242590,2026-04-14
21242899,2026-04-14
21243074,2026-04-14
21243223,2026-04-14
21243569,2026-04-14
21245171,2026-04-14
21245478,2026-04-14
21245662,2026-04-14
21246348,2026-04-14
21247171,2026-04-14
21247289,2026-04-14
21249098,2026-04-15
21249481,2026-04-15
21250120,2026-04-15
21251053,2026-04-15
21251176,2026-04-15
21252471,2026-04-15
21252789,2026-04-15
21253833,2026-04-15
21253929,2026-04-15
21254209,2026-04-15
21255108,2026-04-15
21258175,2026-04-15
21258875,2026-04-15
21258915,2026-04-15
21260329,2026-04-15
21261764,2026-04-15
21261775,2026-04-15
21261981,2026-04-15
21264381,2026-04-15
21264839,2026-04-15
21267017,2026-04-15
21268544,2026-04-15
21268732,2026-04-15
21269625,2026-04-15
21270915,2026-04-15
21271348,2026-04-15
21274667,2026-04-15
21278901,2026-04-15
21279072,2026-04-15
21279814,2026-04-15
21280269,2026-04-15
21280697,2026-04-15
21281054,2026-04-15
21281157,2026-04-15
21281445,2026-04-15
21281618,2026-04-15
21282257,2026-04-15
21283040,2026-04-15
21283072,2026-04-15
21284112,2026-04-15
21285226,2026-04-15
21285272,2026-04-15
21285281,2026-04-15
21285839,2026-04-15
21286065,2026-04-15
21286865,2026-04-16
21286959,2026-04-16
21287047,2026-04-16
21287669,2026-04-16
21288660,2026-04-16
21288882,2026-04-16
21289174,2026-04-16
21289428,2026-04-16
21289828,2026-04-16
21291029,2026-04-16
21291768,2026-04-16
21292071,2026-04-16
21293278,2026-04-16
21294900,2026-04-16
21298151,2026-04-16
21301759,2026-04-16
21304943,2026-04-16
21305417,2026-04-16
21305456,2026-04-16
21306258,2026-04-16
21306355,2026-04-16
21308161,2026-04-16
21308450,2026-04-16
21308714,2026-04-16
21310316,2026-04-16
21310668,2026-04-16
21310937,2026-04-16
21311742,2026-04-16
21311922,2026-04-16
21313337,2026-04-16
21313487,2026-04-16
21313542,2026-04-16
21313689,2026-04-16
21314009,2026-04-16
21314061,2026-04-16
21315199,2026-04-16
21316064,2026-04-16
21316772,2026-04-16
21316937,2026-04-16
21317437,2026-04-16
21318939,2026-04-16
21320152,2026-04-16
21331723,2026-04-17
21380132,2026-04-19
21381382,2026-04-19
21381528,2026-04-19
21382232,2026-04-19
21382412,2026-04-19
21382469,2026-04-19
21383302,2026-04-19
21383583,2026-04-19
21383858,2026-04-19
21384525,2026-04-19
21384780,2026-04-19
21385080,2026-04-19
21385633,2026-04-19
21385669,2026-04-19
21385789,2026-04-19
21387138,2026-04-19
21387474,2026-04-19
21387553,2026-04-19
21387618,2026-04-19
21387752,2026-04-19
21388479,2026-04-19
21388548,2026-04-19
21388878,2026-04-20
21390245,2026-04-20
21391213,2026-04-20
21393885,2026-04-20
21394360,2026-04-20
21395452,2026-04-20
21395498,2026-04-20
21397053,2026-04-20
21397564,2026-04-20
21397748,2026-04-20
21397769,2026-04-20
21398028,2026-04-20
21398031,2026-04-20
21398091,2026-04-20
21398259,2026-04-20
21398305,2026-04-20
21398969,2026-04-20
21399442,2026-04-20
21399875,2026-04-20
21399972,2026-04-20
21401269,2026-04-20
21401313,2026-04-20
21401344,2026-04-20
21402512,2026-04-20
21403479,2026-04-20
21409387,2026-04-20
21410282,2026-04-20
21411086,2026-04-20
21411308,2026-04-20
21412154,2026-04-20
21413608,2026-04-20
21414581,2026-04-20
21414925,2026-04-20
21415044,2026-04-20
21415297,2026-04-20
21415508,2026-04-20
21416127,2026-04-20
21416593,2026-04-20
21417912,2026-04-20
21418110,2026-04-20
21419271,2026-04-20
21419406,2026-04-20
21419594,2026-04-20
21422058,2026-04-21
21422382,2026-04-21
21422925,2026-04-21
21423154,2026-04-21
21423311,2026-04-21
21423338,2026-04-21
21425614,2026-04-21
21427165,2026-04-21
21427356,2026-04-21
21428541,2026-04-21
21429254,2026-04-21
21431570,2026-04-21
21433171,2026-04-21
21434138,2026-04-21
21434153,2026-04-21
21435061,2026-04-21
21435984,2026-04-21
21436111,2026-04-21
21436668,2026-04-21
21436740,2026-04-21
21437844,2026-04-21
21439619,2026-04-21
21439770,2026-04-21
21439930,2026-04-21
21441170,2026-04-21
21441732,2026-04-21
21442117,2026-04-21
21443193,2026-04-21
21444208,2026-04-21
21445562,2026-04-21
21445960,2026-04-21
21446440,2026-04-21
21447115,2026-04-21
21449358,2026-04-21
21449718,2026-04-21
21449977,2026-04-21
21450046,2026-04-21
21450105,2026-04-21
21450334,2026-04-21
21450767,2026-04-21
21451060,2026-04-21
21451665,2026-04-21
21452100,2026-04-21
21452131,2026-04-21
21452228,2026-04-21
21453216,2026-04-21
21453275,2026-04-21
21453626,2026-04-21
21455060,2026-04-21
21455319,2026-04-21
21456435,2026-04-21
21457192,2026-04-21
21457436,2026-04-21
21457762,2026-04-21
21458948,2026-04-21
21459635,2026-04-21
21459932,2026-04-21
21460242,2026-04-21
21460398,2026-04-21
21462150,2026-04-21
21463216,2026-04-21
21465174,2026-04-22
21465259,2026-04-22
21465417,2026-04-22
21465469,2026-04-22
21465588,2026-04-22
21466032,2026-04-22
21466477,2026-04-22
21467449,2026-04-22
21467736,2026-04-22
21468218,2026-04-22
21468669,2026-04-22
21468898,2026-04-22
21469490,2026-04-22
21470016,2026-04-22
21470243,2026-04-22
21470311,2026-04-22
21470383,2026-04-22
21471557,2026-04-22
21472445,2026-04-22
21475088,2026-04-22
21476990,2026-04-22
21477092,2026-04-22
21478526,2026-04-22
21478878,2026-04-22
21479282,2026-04-22
21480688,2026-04-22
21481851,2026-04-22
21484215,2026-04-22
21484887,2026-04-22
21485128,2026-04-22
21486413,2026-04-22
21487232,2026-04-22
21487677,2026-04-22
21487722,2026-04-22
21488645,2026-04-22
21489955,2026-04-22
21490441,2026-04-22
21490471,2026-04-22
21492748,2026-04-22
21493850,2026-04-22
21495424,2026-04-22
21499971,2026-04-22
21501389,2026-04-22
21501390,2026-04-22
21502137,2026-04-22
21502725,2026-04-22
21503864,2026-04-22
21504034,2026-04-22
21504037,2026-04-22
21505748,2026-04-22
21508218,2026-04-23
21508368,2026-04-23
21509001,2026-04-23
21510012,2026-04-23
21510527,2026-04-23
21511029,2026-04-23
21511107,2026-04-23
21512123,2026-04-23
21512637,2026-04-23
21513258,2026-04-23
21513265,2026-04-23
21513377,2026-04-23
21513498,2026-04-23
21514279,2026-04-23
21517817,2026-04-23
21518235,2026-04-23
21518903,2026-04-23
21522157,2026-04-23
21522279,2026-04-23
21522912,2026-04-23
21523091,2026-04-23
21523202,2026-04-23
21525288,2026-04-23
21526845,2026-04-23
21528285,2026-04-23
21528886,2026-04-23
21529618,2026-04-23
21529937,2026-04-23
21531256,2026-04-23
21532099,2026-04-23
21532692,2026-04-23
21533148,2026-04-23
21533355,2026-04-23
21534189,2026-04-23
21534607,2026-04-23
21534675,2026-04-23
21535767,2026-04-23
21536014,2026-04-23
21536756,2026-04-23
21537102,2026-04-23
21539273,2026-04-23
21540211,2026-04-23
21540229,2026-04-23
21540837,2026-04-23
21541426,2026-04-23
21542016,2026-04-23
21543558,2026-04-23
21544059,2026-04-23
21545150,2026-04-23
21545338,2026-04-23
21545408,2026-04-23
21545930,2026-04-23
21548097,2026-04-23
21548461,2026-04-23
21549318,2026-04-24
21550758,2026-04-24
21552102,2026-04-24
21552640,2026-04-24
21553133,2026-04-24
21553240,2026-04-24
21554221,2026-04-24
21555513,2026-04-24
21557713,2026-04-24
21563848,2026-04-24
21564078,2026-04-24
21565188,2026-04-24
21567663,2026-04-24
21571753,2026-04-24
21573428,2026-04-24
21574057,2026-04-24
21574623,2026-04-24
21574797,2026-04-24
21574861,2026-04-24
21575352,2026-04-24
21576724,2026-04-24
21576864,2026-04-24
21578206,2026-04-24
21579154,2026-04-24
21579621,2026-04-24
21579665,2026-04-24
21581049,2026-04-24
21582676,2026-04-24
21582722,2026-04-24
21584969,2026-04-24
21585928,2026-04-24
21605647,2026-04-25
21605862,2026-04-26
21607642,2026-04-26
21607738,2026-04-26
21608631,2026-04-26
21608640,2026-04-26
21610567,2026-04-26
21610568,2026-04-26
21610576,2026-04-26
21610779,2026-04-26
21611429,2026-04-26
21611845,2026-04-26
21612244,2026-04-26
21612318,2026-04-26
21612417,2026-04-26
21613157,2026-04-26
21613196,2026-04-26
21613321,2026-04-26
21613347,2026-04-26
21613846,2026-04-26
21613926,2026-04-26
21613973,2026-04-26
21614976,2026-04-27
21615146,2026-04-27
21615492,2026-04-27
21616083,2026-04-27
21616267,2026-04-27
21617118,2026-04-27
21617502,2026-04-27
21617516,2026-04-27
21618379,2026-04-27
21624011,2026-04-27
21624062,2026-04-27
21624380,2026-04-27
21624641,2026-04-27
21624948,2026-04-27
21625968,2026-04-27
21626305,2026-04-27
21627216,2026-04-27
21628574,2026-04-27
21629437,2026-04-27
21629448,2026-04-27
21629587,2026-04-27
21630188,2026-04-27
21630432,2026-04-27
21630786,2026-04-27
21630917,2026-04-27
21631453,2026-04-27
21631637,2026-04-27
21631956,2026-04-27
21632034,2026-04-27
21632277,2026-04-27
21632688,2026-04-27
21633752,2026-04-27
21633942,2026-04-27
21633954,2026-04-27
21634573,2026-04-27
21635032,2026-04-27
21635050,2026-04-27
21635634,2026-04-27
21636091,2026-04-27
21637126,2026-04-27
21639074,2026-04-27
21639918,2026-04-27
21640599,2026-04-27
21640649,2026-04-27
21645078,2026-04-27
21645595,2026-04-27
21646443,2026-04-27
21647896,2026-04-27
21647915,2026-04-27
21648144,2026-04-27
21648582,2026-04-27
21648673,2026-04-27
21648684,2026-04-27
21649029,2026-04-28
21650831,2026-04-28
21651681,2026-04-28
21653440,2026-04-28
21653843,2026-04-28
21655537,2026-04-28
21655922,2026-04-28
21661115,2026-04-28
21661155,2026-04-28
21662248,2026-04-28
21663524,2026-04-28
21663940,2026-04-28
21664038,2026-04-28
21665511,2026-04-28
21666208,2026-04-28
21666737,2026-04-28
21666897,2026-04-28
21668637,2026-04-28
21669261,2026-04-28
21672133,2026-04-28
21672193,2025-10-07
21672612,2026-04-28
21675126,2026-04-28
21675566,2026-04-28
21676514,2026-04-28
21676914,2026-04-28
21676932,2026-04-28
21677327,2026-04-28
21677607,2026-04-28
21677969,2026-04-28
21678447,2026-04-28
21678527,2026-04-28
21678954,2026-04-28
21679188,2026-04-28
21680151,2026-04-28
21680350,2026-04-28
21681734,2026-04-28
21682942,2026-04-28
21683064,2026-04-28
21683527,2026-04-28
21684693,2026-04-28
21684887,2026-04-28
21685088,2026-04-28
21685636,2026-04-28
21685757,2026-04-28
21686000,2026-04-28
21687061,2026-04-28
21687751,2026-04-28
21688087,2026-04-28
21689504,2026-04-28
21689624,2026-04-28
21689719,2026-04-28
21690006,2026-04-29
21690276,2026-04-29
21692204,2026-04-29
21692235,2026-04-29
21692270,2026-04-29
21692552,2026-04-29
21692723,2026-04-29
21692876,2026-04-29
21693780,2026-04-29
21693990,2026-04-29
21694072,2026-04-29
21694581,2026-04-29
21694728,2026-04-29
21696597,2026-04-29
21696646,2026-04-29
21698412,2026-04-29
21698863,2026-04-29
21700775,2026-04-29
21702042,2026-04-29
21702305,2026-04-29
21704021,2026-04-29
21704298,2026-04-29
21705124,2026-04-29
21706165,2026-04-29
21706622,2026-04-29
21706976,2026-04-29
21706983,2026-04-29
21710967,2026-04-29
21711749,2026-04-29
21711775,2026-04-29
21712319,2026-04-29
21712997,2026-04-29
21715057,2026-04-29
21716228,2026-04-29
21716451,2026-04-29
21716714,2026-04-29
21717723,2026-04-29
21719195,2026-04-29
21719204,2026-04-29
21719309,2026-04-29
21719790,2026-04-29
21720606,2026-04-29
21720903,2026-04-29
21721108,2026-04-29
21721714,2026-04-29
21721830,2026-04-29
21721990,2026-04-29
21722233,2026-04-29
21722705,2026-04-29
21722935,2026-04-29
21722966,2026-04-29
21723064,2026-04-29
21723943,2026-04-29
21723974,2026-04-29
21724425,2026-04-29
21724729,2026-04-29
21725301,2026-04-29
21727033,2026-04-29
21728893,2026-04-29
21728986,2026-04-29
21729192,2026-04-29
21729515,2026-04-29
21730662,2026-04-29
21730883,2026-04-29
21731165,2026-04-30
21731224,2026-04-29
21732773,2026-04-30
21736408,2026-04-30
21738630,2026-04-30
21740754,2026-04-30
21742297,2026-04-30
21742589,2026-04-30
21742720,2026-04-30
21743106,2026-04-30
21743351,2026-04-30
21744006,2026-04-30
21746075,2026-04-30
21746588,2026-04-30
21747201,2026-04-30
21748513,2026-04-30
21750375,2026-04-30
21750465,2026-04-30
21750580,2026-04-30
21750720,2026-04-30
21751129,2026-04-30
21751585,2026-04-30
21752358,2026-04-30
21754605,2026-04-30
21754983,2026-04-30
21755175,2026-04-30
21757537,2026-04-30
21757897,2026-04-30
21759440,2026-04-30
21760080,2026-04-30
21760138,2026-04-30
21760303,2026-04-30
21760798,2026-04-30
21763434,2026-04-30
21764752,2026-04-30
21764956,2026-04-30
21765597,2026-04-30
21765961,2026-04-30
21767714,2026-04-30
21768241,2026-04-30
21769182,2026-04-30
21769309,2026-04-30
21770268,2026-04-30
21770297,2026-04-30
21770947,2026-04-30
21771177,2026-04-30
21771650,2026-04-30
21772111,2026-04-30
21772467,2026-04-30
21772668,2026-04-30
21773538,2026-05-01
21774850,2026-05-01
21774936,2026-05-01
21775370,2026-05-01
21775488,2026-05-01
21775523,2026-05-01
21776254,2026-05-01
21778180,2026-05-01
21778504,2026-05-01
21779883,2026-05-01
21780256,2026-05-01
21783484,2026-05-01
21785277,2026-05-01
21786859,2026-05-01
21787150,2026-05-01
21791112,2026-05-01
21831941,2026-05-03
21832096,2026-05-03
21833208,2026-05-03
21834848,2026-05-03
21835026,2026-05-03
21835028,2026-05-03
21835198,2026-05-03
21835382,2026-05-03
21835802,2026-05-03
21835917,2026-05-03
21836086,2026-05-03
21836108,2026-05-03
21836702,2026-05-03
21836767,2026-05-03
21837158,2026-05-03
21837494,2026-05-03
21837668,2026-05-03
21837807,2026-05-03
21837842,2026-05-03
21838353,2026-05-03
21838357,2026-05-03
21838590,2026-05-03
21838609,2026-05-03
21838681,2026-05-03
21838729,2026-05-03
21838734,2026-05-03
21838785,2026-05-03
21839349,2026-05-04
21839575,2026-05-04
21841477,2026-05-04
21842085,2026-05-04
21842710,2026-05-04
21843604,2026-05-04
21844925,2026-05-04
21845259,2026-05-04
21845396,2026-05-04
21845935,2026-05-04
21847410,2026-05-04
21848338,2026-05-04
21850329,2026-05-04
21850926,2026-05-04
21853339,2026-05-04
21853771,2026-05-04
21853931,2026-05-04
21854293,2026-05-04
21854697,2026-05-04
21855689,2026-05-04
21855921,2026-05-04
21856068,2026-05-04
21856198,2026-05-04
21857076,2026-05-04
21857441,2026-05-04
21857929,2026-05-04
21858686,2026-05-04
21859067,2026-05-04
21861589,2026-05-04
21861738,2026-05-04
21861747,2026-05-04
21862455,2026-05-04
21863486,2026-05-04
21863954,2026-05-04
21865011,2026-05-04
21867231,2026-05-04
21869055,2026-05-04
21870031,2026-05-04
21871041,2026-05-04
21871089,2026-05-04
21872189,2026-05-04
21872253,2026-05-04
21872349,2026-05-04
21872821,2026-05-05
21873494,2026-05-05
21878174,2026-05-05
21879810,2026-05-05
21882013,2026-05-05
21883297,2026-05-05
21885105,2026-05-05
21885874,2026-05-05
21886117,2026-05-05
21888863,2026-05-05
21888951,2026-05-05
21889025,2026-05-05
21889782,2026-05-05
21890460,2026-05-05
21890474,2026-05-05
21890676,2026-05-05
21890913,2026-05-05
21890920,2026-05-05
21891256,2026-05-05
21892096,2026-05-05
21892906,2026-05-05
21895957,2026-05-05
21896900,2026-05-05
21897034,2026-05-05
21898245,2026-05-05
21898400,2026-05-05
21898477,2026-05-05
21898547,2026-05-05
21898818,2026-05-05
21899450,2026-05-05
21899837,2026-05-05
21900621,2026-05-05
21901115,2026-05-05
21901699,2026-05-05
21902036,2026-05-05
21902045,2026-05-05
21902123,2026-05-05
21902624,2026-05-05
21903805,2026-05-05
21903808,2026-05-05
21904144,2026-05-05
21904334,2026-05-05
21904910,2026-05-05
21905744,2026-05-05
21906517,2026-05-05
21908560,2026-05-05
21908661,2026-05-05
21910103,2026-05-05
21910988,2026-05-05
21916801,2026-05-06
21919912,2026-05-06
21921985,2026-05-06
21927909,2026-05-06
21928097,2026-05-06
21928505,2026-05-06
21929018,2026-05-06
21929673,2026-05-06
21929925,2026-05-06
21929990,2026-05-06
21930198,2026-05-06
21931114,2026-05-06
21931549,2026-05-06
21931895,2026-05-06
21932352,2026-05-06
21933870,2026-05-06
21934728,2026-05-06
21934745,2026-05-06
21934775,2026-05-06
21935293,2026-05-06
21935740,2026-05-06
21936213,2026-05-06
21937369,2026-05-06
21937393,2026-05-06
21937530,2026-05-06
21937660,2026-05-06
21937971,2026-05-06
21938793,2026-05-06
21938886,2026-05-06
21939465,2026-05-06
21939558,2026-05-06
21939667,2026-05-06
21940330,2026-05-06
21940572,2026-05-06
21941055,2026-05-06
21941209,2026-05-06
21941246,2026-05-06
21942442,2026-05-06
21943353,2026-05-06
21943371,2026-05-06
21943460,2026-05-06
21943533,2026-05-06
21943904,2026-05-06
21946269,2026-05-06
21946398,2026-05-06
21947949,2026-05-06
21948858,2026-05-06
21949019,2026-05-06
21950064,2026-05-06
21950178,2026-05-06
21950382,2026-05-06
21950467,2026-05-06
21961490,2026-05-07
21961589,2026-05-07
21964345,2026-05-07
21964718,2026-05-07
21966481,2026-05-07
21968116,2026-05-07
21970774,2026-05-07
21971540,2026-05-07
21973424,2026-05-07
21973504,2026-05-07
21973563,2026-05-07
21974319,2026-05-07
21974893,2026-05-07
21974916,2026-05-07
21974998,2026-05-07
21975263,2026-05-07
21976713,2026-05-07
21977718,2026-05-07
21977986,2026-05-07
21978605,2026-05-07
21981387,2026-05-07
21981466,2026-05-07
21981855,2026-05-07
21982715,2026-05-07
21982913,2026-05-07
21983769,2026-05-07
21983871,2026-05-07
21984439,2026-05-07
21985554,2026-05-07
21985725,2026-05-07
21987161,2026-05-07
21987248,2026-05-07
21987822,2026-05-07
21988900,2026-05-07
21989824,2026-05-07
21990590,2026-05-07
21991825,2026-05-07
21992212,2026-05-07
22044350,2026-05-09
22049878,2026-05-09
22051175,2026-05-09
22055134,2026-05-09
22063197,2026-05-10
22065944,2026-05-11
22069900,2026-05-11
22074251,2026-05-11
22074457,2026-05-11
22075283,2026-05-11
22075797,2026-05-11
22078284,2026-05-11
22078584,2026-05-11
22078596,2026-05-11
22078934,2026-05-11
22078993,2026-05-11
22079708,2026-05-11
22079755,2026-05-11
22080357,2026-05-11
22080579,2026-05-11
22081437,2026-05-11
22081639,2026-05-11
22081695,2026-05-11
22081969,2026-05-11
22082053,2026-05-11
22082382,2026-05-11
22082508,2026-05-11
22082695,2026-05-11
22083325,2026-05-11
22083328,2026-05-11
22083571,2026-05-11
22083882,2026-05-11
22083930,2026-05-11
22103023,2026-05-12
22103260,2026-05-12
22103322,2026-05-12
22103810,2026-05-12
22104341,2026-05-12
22105963,2026-05-12
22108641,2026-05-12
22108689,2026-05-12
22110371,2026-05-12
22111541,2026-05-12
22111828,2026-05-12
22112806,2026-05-12
22113703,2026-05-12
22114098,2026-05-12
22114467,2026-05-12
22114470,2026-05-12
22114794,2026-05-12
22115628,2026-05-12
22117632,2026-05-12
22118129,2026-05-12
22118479,2026-05-12
22118689,2026-05-12
22118867,2026-05-12
22119733,2026-05-12
22119818,2026-05-12
22120248,2026-05-12
22123231,2026-05-12
22124557,2026-05-12
22124861,2026-05-12
22125360,2026-05-12
22125646,2026-05-12
22146178,2026-05-13
22146804,2026-05-13
22150572,2026-05-13
22153792,2026-05-13
22153830,2026-05-13
22154391,2026-05-13
22154577,2026-05-13
22155174,2026-05-13
22155600,2026-05-13
22156005,2026-05-13
22156259,2026-05-13
22158272,2026-05-13
22158373,2026-05-13
22158484,2026-05-13
22158699,2026-05-13
22158832,2026-05-13
22159171,2026-05-13
22159368,2026-05-13
22159454,2026-05-13
22159770,2026-05-13
22161526,2026-05-13
22161748,2026-05-13
22161995,2026-05-13
22163147,2026-05-13
22164568,2026-05-13
22165389,2026-05-13
22165917,2026-05-13
22166840,2026-05-13
22166897,2026-05-13
22167092,2026-05-13
22167265,2026-05-13
22167298,2026-05-13
22168024,2026-05-13
22169896,2026-05-13
22173085,2026-05-13
22173926,2026-05-13
22174175,2026-05-13
22175235,2026-05-13
22175637,2026-05-13
22175857,2026-05-13
22176434,2026-05-13
22180692,2026-05-13
22180895,2026-05-13
22181399,2026-05-13
22183817,2026-05-14
22184326,2026-05-14
22184613,2026-05-14
22184971,2026-05-14
22185691,2026-05-14
22186087,2026-05-14
22186470,2026-05-14
22187334,2026-05-14
22187702,2026-05-14
22195346,2026-05-14
22195549,2026-05-14
22195905,2026-05-14
22196876,2026-05-14
22197370,2026-05-14
22197592,2026-05-14
22197864,2026-05-14
22198533,2026-05-14
22198617,2026-05-14
22198896,2026-05-14
22200071,2026-05-14
22201218,2026-05-14
22202266,2026-05-14
22202897,2026-05-14
22203308,2026-05-14
22203462,2026-05-14
22203846,2026-05-14
22204068,2026-05-14
22204644,2026-05-14
22204909,2026-05-14
22205866,2026-05-14
22206351,2026-05-14
22207302,2026-05-14
22207677,2026-05-14
22208547,2026-05-14
22208599,2026-05-14
22208611,2026-05-14
22209429,2026-05-14
22210533,2026-05-14
22211442,2026-05-14
22212756,2026-05-14
22212980,2026-05-14
22213447,2026-05-14
22213493,2026-05-14
22214336,2026-05-14
22215405,2026-05-14
22215466,2026-05-14
22215761,2026-05-14
22216370,2026-05-14
22216664,2026-05-14
22217014,2026-05-14
22217053,2026-05-14
22218795,2026-05-14
22220390,2026-05-14
22222253,2026-05-14
22222278,2026-05-14
22222546,2026-05-14
22223103,2026-05-14
22223652,2026-05-14
22224476,2026-05-14
22224666,2026-05-14
22225195,2026-05-14
22225231,2026-05-14
22226221,2026-05-15
22226332,2026-05-15
22227749,2026-05-15
22227911,2026-05-15
22228813,2026-05-15
22228833,2026-05-15
22228916,2026-05-15
22228948,2026-05-15
22229371,2026-05-15
22229950,2026-05-15
22231347,2026-05-15
22231893,2026-05-15
22234051,2026-05-15
22236596,2026-05-15
22238282,2026-05-15
22239327,2026-05-15
22242995,2026-05-15
22243158,2026-05-15
22244591,2026-05-15
22245260,2026-05-15
22265685,2026-05-15
22285795,2026-05-17
22286281,2026-05-17
22286292,2026-05-17
22287002,2026-05-17
22287332,2026-05-17
22287584,2026-05-17
22287624,2026-05-17
22287761,2026-05-17
22288481,2026-05-17
22288823,2026-05-17
22288839,2026-05-17
22288877,2026-05-17
22289778,2026-05-17
22290893,2026-05-17
22291155,2026-05-17
22291333,2026-05-17
22291363,2026-05-17
22291446,2026-05-17
22291535,2026-05-17
22291543,2026-05-17
22291576,2026-05-17
22292175,2026-05-17
22292527,2026-05-17
22292827,2026-05-17
22293101,2026-05-18
22293591,2026-05-18
22294096,2026-05-18
22294281,2026-05-18
22294343,2026-05-18
22295199,2026-05-18
22295481,2026-05-18
22295591,2026-05-18
22295632,2026-05-18
22295668,2026-05-18
22297849,2026-05-18
22298368,2026-05-18
22298517,2026-05-18
22299259,2026-05-18
22301077,2026-05-18
22302065,2026-05-18
22302866,2026-05-18
22304157,2026-05-18
22304501,2026-05-18
22306376,2026-05-18
22306710,2026-05-18
22307358,2026-05-18
22307790,2026-05-18
22307885,2026-05-18
22308482,2026-05-18
22308834,2026-05-18
22309956,2026-05-18
22313004,2026-05-18
22313161,2026-05-18
22314040,2026-05-18
22314079,2026-05-18
22314115,2026-05-18
22315218,2026-05-18
22315380,2026-05-18
22316742,2026-05-18
22317030,2026-05-18
22318303,2026-05-18
22318964,2026-05-18
22319220,2026-05-18
22319421,2026-05-18
22320443,2026-05-18
22320791,2026-05-18
22320800,2026-05-18
22320873,2026-05-18
22320927,2026-05-18
22321589,2026-05-18
22322097,2026-05-18
22322943,2026-05-18
22323045,2026-05-18
22324706,2026-05-18
22324767,2026-05-18
22326572,2026-05-19
22326905,2026-05-19
22327054,2026-05-18
22327820,2026-05-19
22328456,2026-05-19
22328464,2026-05-19
22328665,2026-05-19
22328801,2026-05-19
22329324,2026-05-19
22333129,2026-05-19
22333557,2026-05-19
22338645,2026-05-19
22340560,2026-05-19
22341520,2026-05-19
22342171,2026-05-19
22342374,2026-05-19
22342400,2026-05-19
22342694,2026-05-19
22343139,2026-05-19
22344190,2026-05-19
22344666,2026-05-19
22346461,2026-05-19
22346564,2026-05-19
22348809,2026-05-19
22349192,2026-05-19
22349244,2026-05-19
22350242,2026-05-19
22350477,2026-05-19
22350536,2026-05-19
22350616,2026-05-19
22350832,2026-05-19
22350859,2026-05-19
22351075,2026-05-19
22351379,2026-05-19
22351618,2026-05-19
22352625,2026-05-19
22352811,2026-05-19
22355293,2026-05-19
22355929,2026-05-19
22356537,2026-05-19
22357866,2026-05-19
22357975,2026-05-19
22359494,2026-05-19
22359739,2026-05-19
22360359,2026-05-19
22361133,2026-05-19
22361785,2026-05-19
22362196,2026-05-19
22362517,2026-05-19
22363658,2026-05-19
22364509,2026-05-19
22364728,2026-05-19
22365738,2026-05-19
22366146,2026-05-19
22366851,2026-05-19
22366917,2026-05-19
22367033,2026-05-19
22367877,2026-05-19
22368354,2026-05-19
22369588,2026-05-19
22371472,2026-05-20
22371510,2026-05-20
22372102,2026-05-20
22372867,2026-05-20
22373655,2026-05-20
22373802,2026-05-20
22374179,2026-05-20
22375297,2026-05-20
22376116,2026-05-20
22376865,2026-05-20
22376888,2026-05-20
22379659,2026-05-20
22380361,2026-05-20
22380831,2026-05-20
22382030,2026-05-20
22382251,2026-05-20
22382632,2026-05-20
22382672,2026-05-20
22383483,2026-05-20
22383634,2026-05-20
22384390,2026-05-20
22384974,2026-05-20
22385105,2026-05-20
22385145,2026-05-20
22388326,2026-05-20
22390026,2026-05-20
22390719,2026-05-20
22390802,2026-05-20
22391012,2026-05-20
22391553,2026-05-20
22391819,2026-05-20
22392322,2026-05-20
22393107,2026-05-20
22393120,2026-05-20
22396354,2026-05-20
22398735,2026-05-20
22399465,2026-05-20
22399610,2026-05-20
22399823,2026-05-20
22401816,2026-05-20
22402276,2026-05-20
22403431,2026-05-20
22404155,2026-05-20
22405116,2026-05-20
22411434,2026-05-21
22411812,2026-05-21
22412831,2026-05-21
22413140,2026-05-21
22413154,2026-05-21
22413394,2026-05-21
22414952,2026-05-21
22415350,2026-05-21
22415959,2026-05-21
22416728,2026-05-21
22416938,2026-05-21
22417180,2026-05-21
22418119,2026-05-21
22419365,2026-05-21
22420206,2026-05-21
22420958,2026-05-21
22421500,2026-05-21
22422833,2026-05-21
22425432,2026-05-21
22425554,2026-05-21
22426089,2026-05-21
22426503,2026-05-21
22426517,2026-05-21
22426759,2026-05-21
22427464,2026-05-21
22427761,2026-05-21
22428501,2026-05-21
22428505,2026-05-21
22431500,2026-05-21
22432291,2026-05-21
22432595,2026-05-21
22434193,2026-05-21
22434276,2026-05-21
22434809,2026-05-21
22434970,2026-05-21
22435192,2026-05-21
22436828,2026-05-21
22437675,2026-05-21
22438072,2026-05-21
22438545,2026-05-21
22439157,2026-05-21
22440411,2026-05-21
22440445,2026-05-21
22440559,2026-05-21
22442528,2026-05-21
22443348,2026-05-21
22443724,2026-05-21
22444022,2026-05-21
22446165,2026-05-21
22446352,2026-05-21
22446582,2026-05-21
22447321,2026-05-21
22447487,2026-05-21
22449444,2026-05-21
22450653,2026-05-21
22450985,2026-05-21
22451426,2026-05-21
22451973,2026-05-21
22452740,2026-05-21
22452746,2026-05-21
22453614,2026-05-21
22454469,2026-05-22
22455149,2026-05-22
22455159,2026-05-22
22455522,2026-05-22
22457231,2026-05-22
22457238,2026-05-22
22457367,2026-05-22
22457746,2026-05-22
22458343,2026-05-22
22458810,2026-05-22
22460998,2026-05-22
22464211,2026-05-22
22464398,2026-05-22
22464608,2026-05-22
22464872,2026-05-22
22465912,2026-05-22
22466984,2026-05-22
22467805,2026-05-22
22468662,2026-05-22
22513883,2026-05-24
22515776,2026-05-24
22517016,2026-05-24
22518164,2026-05-24
22518379,2026-05-24
22518724,2026-05-24
22520660,2026-05-24
22520740,2026-05-24
22521079,2026-05-24
22521282,2026-05-24
22521944,2026-05-24
22522391,2026-05-24
22523995,2026-05-25
22527672,2026-05-25
22528031,2026-05-25
22531687,2026-05-25
22531947,2026-05-25
22534524,2026-05-25
22534567,2026-05-25
22535657,2026-05-25
22536085,2026-05-25
22536390,2026-05-25
22537260,2026-05-25
22539618,2026-05-25
22540040,2026-05-25
22540521,2026-05-25
22540751,2026-05-25
22543157,2026-05-25
22544208,2026-05-25
22547386,2026-05-25
22547809,2026-05-25
22550748,2026-05-25
22551457,2026-05-25
22551682,2026-05-25
22553071,2026-05-25
22554059,2026-05-25
22554266,2026-05-25
22555546,2026-05-26
22556106,2026-05-26
22556333,2026-05-26
22558565,2026-05-26
22558625,2026-05-26
22559310,2026-05-26
22559311,2026-05-26
22560748,2026-05-26
22561751,2026-05-26
22563584,2026-05-26
22563659,2026-05-26
22567259,2026-05-26
22567542,2026-05-26
22568124,2026-05-26
22569165,2026-05-26
22570000,2026-05-26
22570440,2026-05-26
22571697,2026-05-26
22571895,2026-05-26
22573551,2026-05-26
22575444,2026-05-26
22575470,2026-05-26
22576109,2026-05-26
22577463,2026-05-26
22578015,2026-05-26
22578320,2026-05-26
22578388,2026-05-26
22579158,2026-05-26
22579522,2026-05-26
22580455,2026-05-26
22581521,2026-05-26
22581979,2026-05-26
22582940,2026-05-26
22583423,2026-05-26
22586129,2026-05-26
22586485,2026-05-26
22586948,2026-05-26
22587729,2026-05-26
22587753,2026-05-26
22587994,2026-05-26
22588435,2026-05-26
22589565,2026-05-26
22589748,2026-05-26
22590608,2026-05-26
22590612,2026-05-26
22591260,2026-05-26
22591299,2026-05-26
22591479,2026-05-26
22592467,2026-05-26
22592828,2026-05-26
22592974,2026-05-26
22593212,2026-05-26
22593254,2026-05-26
22593340,2026-05-26
22593546,2026-05-26
22594603,2026-05-26
22594924,2026-05-26
22595888,2026-05-26
22595963,2026-05-26
22596772,2026-05-27
22597386,2026-05-27
22598632,2026-05-27
22599188,2026-05-27
22599433,2026-05-27
22599541,2026-05-27
22600831,2026-05-27
22602183,2026-05-27
22603237,2026-05-27
22605438,2026-05-27
22606156,2026-05-27
22607463,2026-05-27
22609146,2026-05-27
22609395,2026-05-27
22610086,2026-05-27
22610253,2026-05-27
22610547,2026-05-27
22611261,2026-05-27
22612475,2026-05-27
22614504,2026-05-27
22614986,2026-05-27
22615135,2026-05-27
22615237,2026-05-27
22617066,2026-05-27
22617273,2026-05-27
22617316,2026-05-27
22618993,2026-05-27
22619354,2026-05-27
22620471,2026-05-27
22621391,2026-05-27
22622335,2026-05-27
22623584,2026-05-27
22623881,2026-05-27
22623939,2026-05-27
22625997,2026-05-27
22626063,2026-05-27
22627085,2026-05-27
22628062,2026-05-27
22629457,2026-05-27
22629729,2026-05-27
22629853,2026-05-27
22630811,2026-05-27
22630820,2026-05-27
22631218,2026-05-27
22631306,2026-05-27
22631536,2026-05-27
22632262,2026-05-27
22633248,2026-05-27
22633579,2026-05-27
22634022,2026-05-27
22634576,2026-05-27
22635762,2026-05-27
22635917,2026-05-27
22636437,2026-05-27
22636815,2026-05-27
22637205,2026-05-27
22637389,2026-05-27
22637785,2026-05-27
22638182,2026-05-27
22638555,2026-05-27
22638646,2026-05-27
22638871,2026-05-27
22639022,2026-05-27
22640234,2026-05-27
22641147,2026-05-28
22641318,2026-05-28
22642394,2026-05-28
22644696,2026-05-28
22646946,2026-05-28
22647172,2026-05-28
22648603,2026-05-28
22649290,2026-05-28
22649508,2026-05-28
22651643,2026-05-28
22652350,2026-05-28
22652544,2026-05-28
22654458,2026-05-28
22654586,2026-05-28
22656068,2026-05-28
22656245,2026-05-28
22657344,2026-05-28
22657943,2026-05-28
22657977,2026-05-28
22659316,2026-05-28
22659913,2026-05-28
22660793,2026-05-28
22661478,2026-05-28
22661570,2026-05-28
22662537,2026-05-28
22662797,2026-05-28
22663370,2026-05-28
22663653,2026-05-28
22664878,2026-05-28
22666367,2026-05-28
22667223,2026-05-28
22669686,2026-05-28
22669894,2026-05-28
22671873,2026-05-28
22672085,2026-05-28
22672402,2026-05-28
22673129,2026-05-28
22673436,2026-05-28
22674780,2026-05-28
22675153,2026-05-28
22675315,2026-05-28
22676919,2026-05-28
22677550,2026-05-28
22678208,2026-05-28
22678304,2026-05-28
22678771,2026-05-28
22680037,2026-05-28
22680413,2026-05-28
22681071,2026-05-28
22682042,2026-05-28
22682192,2026-05-28
22683340,2026-05-29
22683539,2026-05-29
22683559,2026-05-29
22684986,2026-05-29
22686807,2026-05-29
22687013,2026-05-29
22687355,2026-05-29
22687748,2026-05-29
22688161,2026-05-29
22689179,2026-05-29
22689471,2026-05-29
22690135,2026-05-29
22691028,2026-05-29
22693718,2026-05-29
22696114,2026-05-29
22696783,2026-05-29
22698974,2026-05-29
22699021,2026-05-29
22701844,2026-05-29
22702546,2026-05-29
22703272,2026-05-29
22704402,2026-05-29
22704818,2026-05-29
22706157,2026-05-29
22706240,2026-05-29
22708262,2026-05-29
22708557,2026-05-29
22710159,2026-05-29
22710245,2026-05-29
22711629,2026-05-29
22712860,2026-05-29
22714666,2026-05-29
22715131,2026-05-29
22743057,2026-05-30
22745971,2026-05-31
22746888,2026-05-31
22746911,2026-05-31
22746972,2026-05-31
22747231,2026-05-31
22747886,2026-05-31
22748571,2026-05-31
22748899,2026-05-31
22748910,2026-05-31
22749331,2026-05-31
22749784,2026-05-31
22749972,2026-05-31
22750057,2026-05-31
22750190,2026-05-31
22750282,2026-05-31
22750449,2026-05-31
22750997,2026-05-31
22751180,2026-05-31
22751357,2026-05-31
22751526,2026-05-31
22751812,2026-05-31
22751927,2026-05-31
22751978,2026-05-31
22752724,2026-06-01
22752919,2026-06-01
22753850,2026-06-01
22754859,2026-06-01
22754866,2026-06-01
22757257,2026-06-01
22758113,2026-06-01
22758172,2026-06-01
22760138,2026-06-01
22763626,2026-06-01
22763635,2026-06-01
22764205,2026-06-01
22764427,2026-06-01
22766882,2026-06-01
22768953,2026-06-01
22770471,2026-06-01
22770567,2026-06-01
22770748,2026-06-01
22771090,2026-06-01
22771496,2026-06-01
22771520,2026-06-01
22771563,2026-06-01
22771654,2026-06-01
22772107,2026-06-01
22772424,2026-06-01
22772819,2026-06-01
22773865,2026-06-01
22773906,2026-06-01
22775581,2026-06-01
22776670,2026-06-01
22776715,2026-06-01
22778406,2026-06-01
22778545,2026-06-01
22778806,2026-06-01
22779090,2026-06-01
22779269,2026-06-01
22779796,2026-06-01
22781152,2026-06-01
22781746,2026-06-01
22782070,2026-06-01
22782312,2026-06-01
22783997,2026-06-01
22786053,2026-06-01
22786299,2026-06-01
22786761,2026-06-01
22786954,2026-06-01
22787107,2026-06-01
22787640,2026-06-01
22788508,2026-06-02
22788745,2026-06-02
22789561,2026-06-02
22790646,2026-06-02
22792313,2026-06-02
22793019,2026-06-02
22793478,2026-06-02
22793479,2026-06-02
22794388,2026-06-02
22795568,2026-06-02
22797030,2026-06-02
22797435,2026-06-02
22798336,2026-06-02
22798948,2026-06-02
22799173,2026-06-02
22799937,2026-06-02
22803187,2026-06-02
22803460,2026-06-02
22804531,2026-06-02
22805043,2026-06-02
22806309,2026-06-02
22806708,2026-06-02
22806802,2026-06-02
22806993,2026-06-02
22807770,2026-06-02
22807785,2026-06-02
22808016,2026-06-02
22809591,2026-06-02
22810518,2026-06-02
22811208,2026-06-02
22811748,2026-06-02
22811948,2026-06-02
22812912,2026-06-02
22812982,2026-06-02
22817555,2026-06-02
22820058,2026-06-02
22820400,2026-06-02
22820650,2026-06-02
22835273,2026-06-03
22843867,2026-06-03
22843912,2026-06-03
22844511,2026-06-03
22845422,2026-06-03
22846099,2026-06-03
22846789,2026-06-03
22850490,2026-06-03
22851703,2026-06-03
22851763,2026-06-03
22874477,2026-06-04
22959419,2026-06-06
22959636,2026-06-06
22963137,2026-06-06
22963918,2026-06-06
22964143,2026-06-06
22964195,2026-06-06
22964222,2026-06-06
22965258,2026-06-06
22965997,2026-06-06
22966129,2026-06-06
22966241,2026-06-06
22966487,2026-06-06
22967109,2026-06-06
22967141,2026-06-06
22968259,2026-06-07
22968841,2026-06-07
22969345,2026-06-07
22970119,2026-06-07
22973142,2026-06-07
22973727,2026-06-07
22975569,2026-06-07
22976711,2026-06-07
22978253,2026-06-08
22980955,2026-06-08
22984931,2026-06-08
22987975,2026-06-08
22994400,2026-06-08
22994509,2026-06-08
22997284,2026-06-08
23009687,2026-06-08
23010207,2026-06-08
23010450,2026-06-08
23010454,2026-06-08
23013559,2026-06-09
23014817,2026-06-09
23018330,2026-06-09
23018885,2026-06-09
23023130,2026-06-09
23024542,2026-06-09
23028583,2026-06-09
23031455,2026-06-09
23031481,2026-06-09
23032979,2026-06-09
23034165,2026-06-09
23037939,2026-06-09
23041616,2026-06-09
23043080,2026-06-09
23043297,2026-06-09
23044805,2026-06-09
23047074,2026-06-09
23053378,2026-06-09
23057705,2026-06-10
23057839,2026-06-10
23062343,2026-06-10
23069399,2026-06-10
23074204,2026-06-10
23074205,2026-06-10
23075275,2026-06-10
23075862,2026-06-10
23076376,2026-06-10
23076708,2026-06-10
23077274,2026-06-10
23081286,2026-06-10
23084776,2026-06-10
23086407,2026-06-10
23086973,2026-06-10
23091405,2026-06-10
23092660,2026-06-10
23093470,2026-06-10
23093602,2026-06-10
23094816,2026-06-10
23095145,2026-06-10
23097577,2026-06-11
23099050,2026-06-11
23101181,2026-06-11
23104683,2024-04-25
23112733,2026-06-11
23114923,2026-06-11
23115441,2026-06-11
23116824,2026-06-11
23117045,2026-06-11
23117689,2026-06-11
23120393,2026-06-11
23126827,2026-06-11
23131500,2026-06-11
23135017,2026-06-11
23136110,2026-06-12
23138468,2026-06-12
23143941,2026-06-12
23149839,2026-06-12
23150719,2026-06-12
23165922,2026-06-12
23166388,2026-06-12
23168131,2026-06-12
23173681,2026-06-12
23197387,2026-06-14
23197872,2026-06-14
23197879,2026-06-14
23198988,2026-06-14
23201134,2026-06-14
23203414,2026-06-15
23208820,2026-06-15
23212659,2026-06-15
23215438,2026-06-15
23218399,2026-06-15
23218431,2026-06-15
23223045,2026-06-15
23225323,2026-06-15
23230382,2026-06-15
23231119,2026-06-15
23252884,2026-06-16
23253296,2026-06-16
23257398,2026-06-16
23261854,2026-06-16
23262377,2026-06-16
23263136,2026-06-16
23265558,2026-06-16
23268256,2026-06-16
23269410,2026-06-16
23270012,2026-06-16
23276062,2026-06-16
23276195,2026-06-16
23279313,2026-06-16
23279581,2026-06-17
23279774,2026-06-16
23282647,2026-06-17
23283076,2026-06-17
23283094,2026-06-17
23283456,2026-06-17
23284284,2026-06-17
23284454,2026-06-17
23289151,2026-06-17
23292146,2026-06-17
23294907,2026-06-17
23294940,2026-06-17
23296909,2026-06-17
23301061,2026-06-17
23303886,2026-06-17
23305557,2026-06-17
23305857,2026-06-17
23306795,2026-06-17
23306980,2026-06-17
23307928,2026-06-17
23308537,2026-06-17
23313638,2026-06-17
23313713,2026-06-17
23318328,2026-06-17
23319259,2026-06-17
23319353,2026-06-17
23321388,2026-06-17
23321484,2026-06-18
23324345,2026-06-18
23333193,2026-06-18
23337422,2026-06-18
23338262,2026-06-18
23339531,2026-06-18
23341049,2026-06-18
23341782,2026-06-18
23351015,2026-06-18
23426175,2026-06-21
23433578,2026-06-22
23434551,2026-06-22
23438293,2026-06-22
23443339,2026-06-22
23447169,2026-06-22
23450209,2026-06-22
23456667,2026-06-22
23460030,2026-06-22
23460178,2026-06-22
23463070,2026-06-22
23472779,2026-06-23
23484813,2026-06-23
23485416,2026-06-23
23488630,2026-06-23
23489989,2026-06-23
23490608,2026-06-23
23491267,2026-06-23
23493349,2026-06-23
23496407,2026-06-23
23498907,2026-06-23
23512014,2026-06-24
23512591,2026-06-24
23512743,2026-06-24
23516512,2026-06-24
23520370,2026-06-24
23524332,2026-06-24
23524922,2026-06-24
23528483,2026-06-24
23535884,2026-06-24
23537280,2026-06-24
23538339,2026-06-24
23540102,2026-06-24
23541198,2026-06-24
23541352,2026-06-24
23543129,2026-06-24
23548328,2026-06-24
23554845,2026-06-25
23562499,2026-06-25
23563148,2026-06-25
23582052,2026-06-25
23583682,2026-06-25
23584214,2026-06-25
23585336,2026-06-25
23589860,2026-06-26
23649318,2026-06-28
23651472,2026-06-28
23653600,2026-06-28
23654073,2026-06-28
23654561,2026-06-29
23656157,2026-06-29
23656948,2026-06-29
23660444,2026-06-29
23664935,2026-06-29
23666124,2026-06-29
23666912,2026-06-29
23671018,2026-06-29
23676373,2026-06-29
23676971,2026-06-29
23679434,2026-06-29
23679698,2026-06-29
23681277,2026-06-29
23690135,2026-06-29
23692085,2026-06-30
23704797,2026-06-30
23706332,2026-06-30
23742842,2026-07-01
23744417,2026-07-01
23745480,2026-07-01
23750143,2026-07-01
23751836,2026-07-01
23752141,2026-07-01
23757664,2026-07-01
23759830,2026-07-01
23760250,2026-07-01
23765042,2026-07-01
23769471,2026-07-01
23775216,2026-07-01
23778151,2026-07-02
23780049,2026-07-02
23799551,2026-07-02
23806923,2026-07-02
23807379,2026-07-02
23812393,2026-07-02
23812941,2026-07-02
23814511,2026-07-02
23816712,2026-07-02
23820057,2026-07-02
23824207,2026-07-03
23825470,2026-07-03
23830833,2026-07-03
23834119,2026-07-03
23837048,2026-07-03
23847905,2026-07-03
23876050,2026-07-05
23882846,2026-07-05
23883742,2026-07-05
23895670,2026-07-06
23899363,2026-07-06
23901347,2026-07-06
23904426,2026-07-06
23908254,2026-07-06
23909594,2026-07-06
23912758,2026-07-06
23914025,2026-07-06
23917221,2026-07-06
23919281,2026-07-06
23922435,2026-07-07
23940719,2026-07-07
23946983,2026-07-07
23946992,2026-07-07
23949416,2026-07-07
23954541,2026-07-07
23955336,2026-07-07
23957202,2026-07-07
23958605,2026-07-07
23960172,2026-07-07
23965965,2026-07-08
23967728,2026-07-08
23967732,2026-07-08
23973496,2026-07-08
23978447,2026-07-08
23982419,2026-07-08
23988342,2026-07-08
23991156,2026-07-08
23995073,2026-07-08
23995706,2026-07-08
24005710,2026-07-08
24020975,2026-07-09
24022803,2026-07-09
24022949,2026-07-09
24027317,2026-07-09
24028118,2026-07-09
24113191,2026-07-12
24115420,2026-07-12
24120616,2026-07-12
24122594,2026-07-13
24122721,2026-07-13
24123511,2026-07-13
24128838,2026-07-13
24136123,2026-07-13
24136913,2026-07-13
24140498,2026-07-13
24141535,2026-07-13
24142112,2026-07-13
24149347,2026-07-13
24150074,2026-07-13
24150096,2026-07-13
24157631,2026-07-13
24159382,2026-07-14
24162958,2026-07-14
24173351,2026-07-14
24175363,2026-07-14
24183655,2026-07-14
24185503,2026-07-14
24186443,2026-07-14
24187692,2026-07-14
24194483,2026-07-14
24212358,2026-07-15
24221568,2026-07-15
24225751,2026-07-15
24226802,2026-07-15
24228157,2026-07-15
24228229,2026-07-15
24231044,2026-07-15
24241826,2026-07-15
24243400,2026-07-15
24245833,2026-07-15
24246571,2026-07-16
24248349,2026-07-16
24252232,2026-07-16
24252754,2026-07-16
24275008,2026-07-16
24281112,2026-07-16
24281861,2026-07-16
